,all_spl_values,occurance_times,ids,origin,emitter_id,bat_direction,incident_direction,type,reflected_from,sound_object_id,bat_last_call_time,sound_direction,theta,bat_position,distance_from_bat,creation_time,received_spl,time,duration
0,"[np.float64(66.45467197192337), np.float64(66.4545385363712)]","[np.float64(0.046), np.float64(0.047)]","[UUID('86b13884-8bab-4153-acee-69d665ea8dad'), UUID('86b13884-8bab-4153-acee-69d665ea8dad')]","(np.float64(0.0), np.float64(2.5501))",2,"Vector(0.126, 0.992)","Vector(-5.010, -1.091)",echo,wall_obstacle_4,86b13884-8bab-4153-acee-69d665ea8dad,0.043000000000000003,"Vector(0.000, 1.000)",-130.06488633800905,"Vector(5.010, 3.641)",5.1269565221093885,0.030311661807580177,66.455,0.046,0.002
1,"[np.float64(60.66769923551695), np.float64(60.674759325630454)]","[np.float64(0.047), np.float64(0.048)]","[UUID('6cd5a6c7-94d5-4438-ae78-eefa5523845f'), UUID('6cd5a6c7-94d5-4438-ae78-eefa5523845f')]","(np.int64(10), np.int64(8))",25,"Vector(0.126, 0.992)","Vector(4.990, 4.356)",direct,,6cd5a6c7-94d5-4438-ae78-eefa5523845f,0.043000000000000003,"Vector(-1.000, 0.000)",78.77657974097951,"Vector(5.010, 3.644)",6.624069415155612,0.027,60.671,0.047,0.002
2,"[np.float64(60.68623638294976), np.float64(60.688677293257314)]","[np.float64(0.054), np.float64(0.055)]","[UUID('cd512574-70df-4625-85f2-8bcb6577f953'), UUID('cd512574-70df-4625-85f2-8bcb6577f953')]","(np.int64(1), np.int64(10))",27,"Vector(0.126, 0.992)","Vector(-4.013, 6.336)",direct,,cd512574-70df-4625-85f2-8bcb6577f953,0.043000000000000003,"Vector(0.000, -1.000)",160.00299679596918,"Vector(5.013, 3.664)",7.4993947286431055,0.032,60.687,0.054,0.002
3,"[np.float64(63.695842581747456), np.float64(63.70224373896906)]","[np.float64(0.101), np.float64(0.10200000000000001)]","[UUID('459e9a55-bd1e-4fdd-abb3-3f63fe8b6152'), UUID('459e9a55-bd1e-4fdd-abb3-3f63fe8b6152')]","(np.int64(10), np.int64(6))",23,"Vector(0.241, 0.971)","Vector(4.960, 2.197)",direct,,459e9a55-bd1e-4fdd-abb3-3f63fe8b6152,0.095,"Vector(-1.000, 0.000)",61.54696373444449,"Vector(5.040, 3.803)",5.425177316410958,0.085,63.699,0.101,0.002
4,"[np.float64(60.66994886526097), np.float64(60.67267220324325)]","[np.float64(0.10200000000000001), np.float64(0.10300000000000001)]","[UUID('1d7c3ade-8ea6-4495-9935-a20292b12f4d'), UUID('1d7c3ade-8ea6-4495-9935-a20292b12f4d')]","(np.float64(10.0), np.float64(6.1199))",23,"Vector(0.241, 0.971)","Vector(4.960, 2.314)",echo,wall_obstacle_24,1d7c3ade-8ea6-4495-9935-a20292b12f4d,0.095,"Vector(0.000, -1.000)",62.66989213958785,"Vector(5.040, 3.806)",5.472953488163407,0.08534956268221575,60.671,0.102,0.002
5,"[np.float64(61.376141596915964), np.float64(61.38271418336686)]","[np.float64(0.10200000000000001), np.float64(0.10300000000000001)]","[UUID('3b0ecd4e-5260-408a-aaa1-4bf8fc79002a'), UUID('3b0ecd4e-5260-408a-aaa1-4bf8fc79002a')]","(np.float64(10.0), np.float64(5.6101))",23,"Vector(0.241, 0.971)","Vector(4.960, 1.804)",echo,wall_obstacle_23,3b0ecd4e-5260-408a-aaa1-4bf8fc79002a,0.095,"Vector(0.000, 1.000)",57.648079574072426,"Vector(5.040, 3.806)",5.277637316413473,0.08613673469387756,61.379,0.102,0.002
6,"[np.float64(64.09067348303232), np.float64(64.09144379994916)]","[np.float64(0.10400000000000001), np.float64(0.105)]","[UUID('44c1d8b8-4d34-447f-ae41-3ed42ad19830'), UUID('44c1d8b8-4d34-447f-ae41-3ed42ad19830')]","(np.int64(10), np.int64(2))",19,"Vector(0.241, 0.971)","Vector(4.958, -1.811)",direct,,44c1d8b8-4d34-447f-ae41-3ed42ad19830,0.095,"Vector(-1.000, 0.000)",17.58505016728907,"Vector(5.042, 3.811)",5.278654786098444,0.088,64.091,0.104,0.002
7,"[np.float64(69.96429847504501), np.float64(69.96135820146965)]","[np.float64(0.10400000000000001), np.float64(0.105)]","[UUID('e21e65bd-6e44-4a09-8402-2c82ad501d59'), UUID('e21e65bd-6e44-4a09-8402-2c82ad501d59')]","(np.float64(10.0), np.float64(2.0399))",19,"Vector(0.241, 0.971)","Vector(4.958, -1.772)",echo,wall_obstacle_16,e21e65bd-6e44-4a09-8402-2c82ad501d59,0.095,"Vector(0.000, -1.000)",17.99288720627078,"Vector(5.042, 3.811)",5.265096109740068,0.08811632653061224,69.963,0.104,0.002
8,[np.float64(78.70746897690324)],[np.float64(0.108)],[UUID('9a8fc332-e66b-4f4f-8c1b-04fb633c466c')],"(np.int64(0), np.int64(5))",4,"Vector(0.241, 0.971)","Vector(-5.044, 1.180)",direct,,9a8fc332-e66b-4f4f-8c1b-04fb633c466c,0.095,"Vector(1.000, 0.000)",-155.5108086506459,"Vector(5.044, 3.820)",5.180191651290519,0.092,78.707,0.108,0.001
9,[np.float64(68.94470147112135)],[np.float64(0.108)],[UUID('4111cf1e-3351-4f6b-9ab0-aa5f0809e486')],"(np.float64(0.0), np.float64(5.0999))",4,"Vector(0.241, 0.971)","Vector(-5.044, 1.280)",echo,wall_obstacle_9,4111cf1e-3351-4f6b-9ab0-aa5f0809e486,0.095,"Vector(0.000, -1.000)",-156.5818863607425,"Vector(5.044, 3.820)",5.203854300813965,0.09229125364431487,68.945,0.108,0.001
10,[np.float64(62.24588100320035)],[np.float64(0.20600000000000002)],[UUID('87f23189-8ca8-443f-81a8-f642c3efa139')],"(np.int64(2), np.int64(10))",28,"Vector(-0.045, 0.999)","Vector(-3.072, 5.888)",direct,,87f23189-8ca8-443f-81a8-f642c3efa139,0.20400000000000001,"Vector(0.000, -1.000)",155.20425130734878,"Vector(5.072, 4.112)",6.64123054625421,0.185,62.246,0.206,0.001
11,"[np.float64(61.2636066975896), np.float64(61.266409701967085)]","[np.float64(0.209), np.float64(0.21)]","[UUID('e396c11c-acfb-48ad-8e6e-87f82ca663e1'), UUID('e396c11c-acfb-48ad-8e6e-87f82ca663e1')]","(np.int64(9), np.int64(10))",35,"Vector(-0.045, 0.999)","Vector(3.929, 5.876)",direct,,e396c11c-acfb-48ad-8e6e-87f82ca663e1,0.20400000000000001,"Vector(0.000, -1.000)",93.88746418503388,"Vector(5.071, 4.124)",7.068628641349042,0.188,61.265,0.209,0.002
12,"[np.float64(80.90129992656854), np.float64(80.89515887056915)]","[np.float64(0.209), np.float64(0.21)]","[UUID('32100130-d117-454e-8936-f7ae454f35f2'), UUID('32100130-d117-454e-8936-f7ae454f35f2')]","(np.float64(0.0), np.float64(1.0199))",0,"Vector(-0.045, 0.999)","Vector(-5.071, -3.104)",echo,wall_obstacle_1,32100130-d117-454e-8936-f7ae454f35f2,0.20400000000000001,"Vector(0.000, -1.000)",-110.8756457731041,"Vector(5.071, 4.124)",5.945643686204211,0.19105801749271137,80.898,0.209,0.002
13,"[np.float64(64.30086631180897), np.float64(64.30544170549824)]","[np.float64(0.21), np.float64(0.211)]","[UUID('d2d796c5-45b8-48e1-9817-edeb2ef441d5'), UUID('d2d796c5-45b8-48e1-9817-edeb2ef441d5')]","(np.int64(10), np.int64(6))",23,"Vector(-0.045, 0.999)","Vector(4.929, 1.873)",direct,,d2d796c5-45b8-48e1-9817-edeb2ef441d5,0.20400000000000001,"Vector(-1.000, 0.000)",58.46290677949572,"Vector(5.071, 4.127)",5.272944423422269,0.194,64.303,0.21,0.002
14,"[np.float64(60.822604586409874), np.float64(60.82264668351132)]","[np.float64(0.21), np.float64(0.211)]","[UUID('f151b8e9-7c6e-4feb-be58-e4ff665a40b4'), UUID('f151b8e9-7c6e-4feb-be58-e4ff665a40b4')]","(np.float64(10.0), np.float64(6.1199))",23,"Vector(-0.045, 0.999)","Vector(4.929, 1.993)",echo,wall_obstacle_24,f151b8e9-7c6e-4feb-be58-e4ff665a40b4,0.20400000000000001,"Vector(0.000, -1.000)",59.67082278048253,"Vector(5.071, 4.127)",5.316719615185664,0.19434956268221576,60.823,0.21,0.002
15,"[np.float64(61.98792542799125), np.float64(61.99246389634202)]","[np.float64(0.211), np.float64(0.212)]","[UUID('37e3edc2-e379-4ba7-8643-3aa9706c5b3c'), UUID('37e3edc2-e379-4ba7-8643-3aa9706c5b3c')]","(np.float64(10.0), np.float64(5.6101))",23,"Vector(-0.045, 0.999)","Vector(4.929, 1.480)",echo,wall_obstacle_23,37e3edc2-e379-4ba7-8643-3aa9706c5b3c,0.20400000000000001,"Vector(0.000, 1.000)",54.37014140840665,"Vector(5.071, 4.130)",5.146624971852913,0.19513673469387754,61.99,0.211,0.002
16,"[np.float64(63.91533973895368), np.float64(63.91369992582589)]","[np.float64(0.304), np.float64(0.305)]","[UUID('1b675a34-eae3-4092-b44e-e77bdc5942ef'), UUID('1b675a34-eae3-4092-b44e-e77bdc5942ef')]","(np.int64(10), np.int64(2))",19,"Vector(-0.045, 0.999)","Vector(4.942, -2.409)",direct,,1b675a34-eae3-4092-b44e-e77bdc5942ef,0.302,"Vector(-1.000, 0.000)",11.669865753571514,"Vector(5.058, 4.409)",5.497950354568509,0.28700000000000003,63.915,0.304,0.002
17,"[np.float64(68.91703908507212), np.float64(68.91098164514604)]","[np.float64(0.304), np.float64(0.305)]","[UUID('5586a6bb-70df-451d-a9af-16d4745a46c5'), UUID('5586a6bb-70df-451d-a9af-16d4745a46c5')]","(np.float64(10.0), np.float64(2.0399))",19,"Vector(-0.045, 0.999)","Vector(4.942, -2.369)",echo,wall_obstacle_16,5586a6bb-70df-451d-a9af-16d4745a46c5,0.302,"Vector(0.000, -1.000)",12.044828803412628,"Vector(5.058, 4.409)",5.480586307622571,0.28711632653061225,68.914,0.304,0.002
18,"[np.float64(74.2667187679273), np.float64(74.26945975573612)]","[np.float64(0.306), np.float64(0.307)]","[UUID('9c41cdb3-2a49-472a-ad44-bd7b179e7fd7'), UUID('9c41cdb3-2a49-472a-ad44-bd7b179e7fd7')]","(np.int64(0), np.int64(9))",8,"Vector(-0.045, 0.999)","Vector(-5.058, 4.585)",direct,,9c41cdb3-2a49-472a-ad44-bd7b179e7fd7,0.302,"Vector(1.000, 0.000)",175.45904502219685,"Vector(5.058, 4.415)",6.826616118905472,0.28600000000000003,74.268,0.306,0.002
19,"[np.float64(62.630990476020536), np.float64(62.63499358325731)]","[np.float64(0.306), np.float64(0.307)]","[UUID('c223e0fd-8f8d-4165-b3f5-d442fa96fb23'), UUID('c223e0fd-8f8d-4165-b3f5-d442fa96fb23')]","(np.int64(2), np.int64(10))",28,"Vector(-0.045, 0.999)","Vector(-3.058, 5.585)",direct,,c223e0fd-8f8d-4165-b3f5-d442fa96fb23,0.302,"Vector(0.000, -1.000)",156.35258174817363,"Vector(5.058, 4.415)",6.367326568890589,0.28700000000000003,62.633,0.306,0.002
20,"[np.float64(64.55478158839827), np.float64(64.56007686223558)]","[np.float64(0.307), np.float64(0.308)]","[UUID('788725e1-cff6-449a-b1c7-f356c0d393b7'), UUID('788725e1-cff6-449a-b1c7-f356c0d393b7')]","(np.int64(5), np.int64(10))",31,"Vector(-0.045, 0.999)","Vector(-0.057, 5.582)",direct,,788725e1-cff6-449a-b1c7-f356c0d393b7,0.302,"Vector(0.000, -1.000)",128.24376757486192,"Vector(5.057, 4.418)",5.582475209125429,0.29,64.557,0.307,0.002
21,"[np.float64(60.90903480282221), np.float64(60.91554053656552)]","[np.float64(0.308), np.float64(0.309)]","[UUID('7caba890-b017-4599-8a15-3d82ca6c4776'), UUID('7caba890-b017-4599-8a15-3d82ca6c4776')]","(np.int64(10), np.int64(9))",26,"Vector(-0.045, 0.999)","Vector(4.943, 4.579)",direct,,7caba890-b017-4599-8a15-3d82ca6c4776,0.302,"Vector(-1.000, 0.000)",80.46801745207807,"Vector(5.057, 4.421)",6.737912831530251,0.28800000000000003,60.912,0.308,0.002
22,"[np.float64(61.56042305638134), np.float64(61.563437866321685)]","[np.float64(0.311), np.float64(0.312)]","[UUID('15d559e4-4537-4b74-bc2c-e1f25173f1d1'), UUID('15d559e4-4537-4b74-bc2c-e1f25173f1d1')]","(np.int64(9), np.int64(10))",35,"Vector(-0.045, 0.999)","Vector(3.943, 5.570)",direct,,15d559e4-4537-4b74-bc2c-e1f25173f1d1,0.302,"Vector(0.000, -1.000)",92.35971795248338,"Vector(5.057, 4.430)",6.8246126010858665,0.291,61.562,0.311,0.002
23,"[np.float64(78.48955749362317), np.float64(78.48699920657691)]","[np.float64(0.35100000000000003), np.float64(0.352)]","[UUID('a34db134-7e77-4786-8397-1c63f2699c84'), UUID('a34db134-7e77-4786-8397-1c63f2699c84')]","(np.int64(0), np.int64(4))",3,"Vector(-0.045, 0.999)","Vector(-5.051, -0.550)",direct,,a34db134-7e77-4786-8397-1c63f2699c84,0.34500000000000003,"Vector(1.000, 0.000)",-136.13337882558636,"Vector(5.051, 4.550)",5.081085375675162,0.336,78.488,0.351,0.002
24,"[np.float64(61.547040099162444), np.float64(61.55043393360286)]","[np.float64(0.352), np.float64(0.353)]","[UUID('f2102d59-673d-4fbd-a742-a758f05cd212'), UUID('f2102d59-673d-4fbd-a742-a758f05cd212')]","(np.int64(1), np.int64(10))",27,"Vector(-0.045, 0.999)","Vector(-4.051, 5.447)",direct,,f2102d59-673d-4fbd-a742-a758f05cd212,0.34500000000000003,"Vector(0.000, -1.000)",164.29299683363058,"Vector(5.051, 4.553)",6.788465377719769,0.332,61.549,0.352,0.002
25,"[np.float64(70.66731610407518), np.float64(70.66465424062478)]","[np.float64(0.352), np.float64(0.353)]","[UUID('d0449d43-95e2-474e-88a3-ac59f2a20ca3'), UUID('d0449d43-95e2-474e-88a3-ac59f2a20ca3')]","(np.float64(0.0), np.float64(4.0799))",3,"Vector(-0.045, 0.999)","Vector(-5.051, -0.473)",echo,wall_obstacle_7,d0449d43-95e2-474e-88a3-ac59f2a20ca3,0.34500000000000003,"Vector(0.000, -1.000)",-136.99663493244557,"Vector(5.051, 4.553)",5.0732007212902595,0.336232944606414,70.666,0.352,0.002
26,"[np.float64(67.55351112900118), np.float64(67.55462011491865)]","[np.float64(0.353), np.float64(0.354)]","[UUID('7d5bd37e-91f2-430a-a698-9f0cf40c0b1a'), UUID('7d5bd37e-91f2-430a-a698-9f0cf40c0b1a')]","(np.float64(0.0), np.float64(3.5701))",3,"Vector(-0.045, 0.999)","Vector(-5.051, -0.986)",echo,wall_obstacle_6,7d5bd37e-91f2-430a-a698-9f0cf40c0b1a,0.34500000000000003,"Vector(0.000, 1.000)",-131.30272894035244,"Vector(5.051, 4.556)",5.14625512963553,0.3372533527696793,67.554,0.353,0.002
27,"[np.float64(63.02004240429571), np.float64(63.02431770431264)]","[np.float64(0.4), np.float64(0.401)]","[UUID('033a12ca-5ad0-4455-886a-c043182f1559'), UUID('033a12ca-5ad0-4455-886a-c043182f1559')]","(np.int64(2), np.int64(10))",28,"Vector(-0.045, 0.999)","Vector(-3.044, 5.303)",direct,,033a12ca-5ad0-4455-886a-c043182f1559,0.397,"Vector(0.000, -1.000)",157.51331662029565,"Vector(5.044, 4.697)",6.11490217292967,0.382,63.022,0.4,0.002
28,"[np.float64(78.46151246341927), np.float64(78.4603410001561)]","[np.float64(0.401), np.float64(0.402)]","[UUID('c0b13319-f43c-44fa-b6fc-18e5e116a266'), UUID('c0b13319-f43c-44fa-b6fc-18e5e116a266')]","(np.int64(0), np.int64(5))",4,"Vector(-0.045, 0.999)","Vector(-5.044, 0.300)",direct,,c0b13319-f43c-44fa-b6fc-18e5e116a266,0.397,"Vector(1.000, 0.000)",-145.75108858275843,"Vector(5.044, 4.700)",5.0531738635139005,0.386,78.461,0.401,0.002
29,"[np.float64(68.63035406022902), np.float64(68.62918862213756)]","[np.float64(0.402), np.float64(0.403)]","[UUID('15bfee5b-6fba-4a2a-b3bf-5c4b5d485f5f'), UUID('15bfee5b-6fba-4a2a-b3bf-5c4b5d485f5f')]","(np.float64(0.0), np.float64(5.0999))",4,"Vector(-0.045, 0.999)","Vector(-5.044, 0.397)",echo,wall_obstacle_9,15bfee5b-6fba-4a2a-b3bf-5c4b5d485f5f,0.397,"Vector(0.000, -1.000)",-146.8465989625252,"Vector(5.044, 4.703)",5.059715230969031,0.3862912536443149,68.63,0.402,0.002
30,"[np.float64(68.36829047750481), np.float64(68.37067798430859)]","[np.float64(0.402), np.float64(0.403)]","[UUID('693d5033-9243-43e0-817c-87ac9bdaf0b0'), UUID('693d5033-9243-43e0-817c-87ac9bdaf0b0')]","(np.float64(0.0), np.float64(4.5901))",4,"Vector(-0.045, 0.999)","Vector(-5.044, -0.113)",echo,wall_obstacle_8,693d5033-9243-43e0-817c-87ac9bdaf0b0,0.397,"Vector(0.000, 1.000)",-141.06530334453447,"Vector(5.044, 4.703)",5.045369311606436,0.38719504373177843,68.369,0.402,0.002
31,"[np.float64(60.74042895002099), np.float64(60.74198519695707)]","[np.float64(0.404), np.float64(0.405)]","[UUID('2fec2938-034a-4649-b508-017f909aaddc'), UUID('2fec2938-034a-4649-b508-017f909aaddc')]","(np.float64(0.0), np.float64(4.0801))",4,"Vector(-0.045, 0.999)","Vector(-5.044, -0.629)",echo,wall_obstacle_7,2fec2938-034a-4649-b508-017f909aaddc,0.397,"Vector(0.000, 1.000)",-135.24012659978433,"Vector(5.044, 4.709)",5.08286434083185,0.38868192419825076,60.741,0.404,0.002
32,[np.float64(64.4409032989098)],[np.float64(0.456)],[UUID('8578c5e9-71a0-4bcc-a14c-02367ec752cf')],"(np.int64(7), np.int64(10))",33,"Vector(-0.045, 0.999)","Vector(1.963, 5.138)",direct,,8578c5e9-71a0-4bcc-a14c-02367ec752cf,0.443,"Vector(0.000, -1.000)",106.74256135957643,"Vector(5.037, 4.862)",5.500498147304479,0.439,64.441,0.456,0.001
33,"[np.float64(64.63689416181214), np.float64(64.63548818467719)]","[np.float64(0.535), np.float64(0.536)]","[UUID('5ce52725-f6a0-4dd9-b880-45e2f9aeeacf'), UUID('5ce52725-f6a0-4dd9-b880-45e2f9aeeacf')]","(np.int64(10), np.int64(3))",20,"Vector(-0.045, 0.999)","Vector(4.975, -2.102)",direct,,5ce52725-f6a0-4dd9-b880-45e2f9aeeacf,0.533,"Vector(-1.000, 0.000)",14.749596437291418,"Vector(5.025, 5.102)",5.400314532737885,0.519,64.636,0.535,0.002
34,"[np.float64(65.30288899039346), np.float64(65.29762697391207)]","[np.float64(0.535), np.float64(0.536)]","[UUID('57a312fc-4387-400b-92d1-aad4e644add4'), UUID('57a312fc-4387-400b-92d1-aad4e644add4')]","(np.float64(10.0), np.float64(3.0599))",20,"Vector(-0.045, 0.999)","Vector(4.975, -2.042)",echo,wall_obstacle_18,57a312fc-4387-400b-92d1-aad4e644add4,0.533,"Vector(0.000, -1.000)",15.337526038001156,"Vector(5.025, 5.102)",5.377284354253549,0.5191746355685132,65.3,0.535,0.002
35,"[np.float64(63.73370380861934), np.float64(63.73915543233087)]","[np.float64(0.538), np.float64(0.539)]","[UUID('6cb4ff62-b7f7-48a2-a994-dcae99dcc814'), UUID('6cb4ff62-b7f7-48a2-a994-dcae99dcc814')]","(np.int64(10), np.int64(8))",25,"Vector(-0.045, 0.999)","Vector(4.975, 2.889)",direct,,6cb4ff62-b7f7-48a2-a994-dcae99dcc814,0.533,"Vector(-1.000, 0.000)",67.80031552421877,"Vector(5.025, 5.111)",5.7530243852516385,0.521,63.736,0.538,0.002
36,"[np.float64(61.087925414579715), np.float64(61.10303145598094)]","[np.float64(0.594), np.float64(0.595)]","[UUID('14f5add4-fade-44eb-8733-6055aa0592ee'), UUID('14f5add4-fade-44eb-8733-6055aa0592ee')]","(np.float64(4.59002), np.float64(6.9999))",0,"Vector(-0.045, 0.999)","Vector(-0.427, 1.721)",echo,wall_obstacle_34,14f5add4-fade-44eb-8733-6055aa0592ee,0.583,"Vector(0.237, -0.971)",141.59485570236671,"Vector(5.017, 5.279)",1.7733089833697904,0.5882730819885769,61.095,0.594,0.002
37,"[np.float64(61.26887357805867), np.float64(61.28101296652115)]","[np.float64(0.595), np.float64(0.596)]","[UUID('908e5005-935e-4396-ac9b-b571d721148b'), UUID('908e5005-935e-4396-ac9b-b571d721148b')]","(np.float64(4.08005), np.float64(6.99991))",0,"Vector(-0.045, 0.999)","Vector(-0.937, 1.718)",echo,wall_obstacle_33,908e5005-935e-4396-ac9b-b571d721148b,0.583,"Vector(0.471, -0.882)",156.26241861794767,"Vector(5.017, 5.282)",1.9570072073704787,0.5888081358461348,61.275,0.595,0.002
38,"[np.float64(64.2985472065096), np.float64(64.30364260147522)]","[np.float64(0.645), np.float64(0.646)]","[UUID('6d67ae7f-3738-47c4-b216-279765c5addf'), UUID('6d67ae7f-3738-47c4-b216-279765c5addf')]","(np.int64(10), np.int64(8))",25,"Vector(-0.045, 0.999)","Vector(4.990, 2.568)",direct,,6d67ae7f-3738-47c4-b216-279765c5addf,0.642,"Vector(-1.000, 0.000)",64.8882595130944,"Vector(5.010, 5.432)",5.6120183820529315,0.628,64.301,0.645,0.002
39,"[np.float64(77.53082768641913), np.float64(77.52705150806264)]","[np.float64(0.652), np.float64(0.653)]","[UUID('30adae68-1ea1-4b9a-8a3c-ca29f9ae2c6d'), UUID('30adae68-1ea1-4b9a-8a3c-ca29f9ae2c6d')]","(np.int64(0), np.int64(4))",3,"Vector(-0.045, 0.999)","Vector(-5.009, -1.453)",direct,,30adae68-1ea1-4b9a-8a3c-ca29f9ae2c6d,0.642,"Vector(1.000, 0.000)",-126.17143268453967,"Vector(5.009, 5.453)",5.21554109795906,0.636,77.529,0.652,0.002
40,"[np.float64(69.74112312512513), np.float64(69.73761247024377)]","[np.float64(0.652), np.float64(0.653)]","[UUID('5a7337cf-a26e-4124-a115-b8088477dba7'), UUID('5a7337cf-a26e-4124-a115-b8088477dba7')]","(np.float64(0.0), np.float64(4.0799))",3,"Vector(-0.045, 0.999)","Vector(-5.009, -1.373)",echo,wall_obstacle_7,5a7337cf-a26e-4124-a115-b8088477dba7,0.642,"Vector(0.000, -1.000)",-127.01799102105205,"Vector(5.009, 5.453)",5.193851395496409,0.636232944606414,69.739,0.652,0.002
41,"[np.float64(63.21323562802862), np.float64(63.22985771256625)]","[np.float64(0.652), np.float64(0.653)]","[UUID('3ba235ff-05e7-46cb-8269-3ae339e55a2d'), UUID('3ba235ff-05e7-46cb-8269-3ae339e55a2d')]","(np.float64(4.59003), np.float64(6.9999))",0,"Vector(-0.045, 0.999)","Vector(-0.419, 1.547)",echo,wall_obstacle_34,3ba235ff-05e7-46cb-8269-3ae339e55a2d,0.642,"Vector(0.257, -0.966)",142.8113287623583,"Vector(5.009, 5.453)",1.6028364148596075,0.6467670749898901,63.222,0.652,0.002
42,"[np.float64(61.56229232279386), np.float64(61.58035839336885)]","[np.float64(0.652), np.float64(0.653)]","[UUID('2ea09aac-80a5-4ba7-8cfb-29a42d090afa'), UUID('2ea09aac-80a5-4ba7-8cfb-29a42d090afa')]","(np.float64(5.09999), np.float64(6.9999))",0,"Vector(-0.045, 0.999)","Vector(0.091, 1.547)",echo,wall_obstacle_35,2ea09aac-80a5-4ba7-8cfb-29a42d090afa,0.642,"Vector(-0.056, -0.998)",124.29267107685132,"Vector(5.009, 5.453)",1.5497469796066712,0.6466140049293229,61.571,0.652,0.002
43,"[np.float64(67.6103208906245), np.float64(67.60964696025773)]","[np.float64(0.653), np.float64(0.654)]","[UUID('fbf4c14d-e857-4445-a955-5d33fc7feba9'), UUID('fbf4c14d-e857-4445-a955-5d33fc7feba9')]","(np.float64(0.0), np.float64(3.5701))",3,"Vector(-0.045, 0.999)","Vector(-5.009, -1.886)",echo,wall_obstacle_6,fbf4c14d-e857-4445-a955-5d33fc7feba9,0.642,"Vector(0.000, 1.000)",-121.71568987376352,"Vector(5.009, 5.456)",5.352169688948585,0.6372533527696793,67.61,0.653,0.002
44,"[np.float64(63.2287720681126), np.float64(63.2416688556177)]","[np.float64(0.653), np.float64(0.654)]","[UUID('88f60ae1-6cda-4015-b4c3-bad880a0db21'), UUID('88f60ae1-6cda-4015-b4c3-bad880a0db21')]","(np.float64(4.08005), np.float64(6.99991))",0,"Vector(-0.045, 0.999)","Vector(-0.929, 1.544)",echo,wall_obstacle_33,88f60ae1-6cda-4015-b4c3-bad880a0db21,0.642,"Vector(0.507, -0.862)",158.68552113660417,"Vector(5.009, 5.456)",1.801972889501948,0.64734625896472,63.235,0.653,0.002
45,[np.float64(65.50298175040813)],[np.float64(0.655)],[UUID('20ac3778-622e-443f-92e8-c3e2bc2cba20')],"(np.int64(7), np.int64(10))",33,"Vector(-0.045, 0.999)","Vector(1.991, 4.541)",direct,,20ac3778-622e-443f-92e8-c3e2bc2cba20,0.642,"Vector(0.000, -1.000)",103.97853256247481,"Vector(5.009, 5.459)",4.958535445199519,0.64,65.503,0.655,0.001
46,[np.float64(61.95898070973466)],[np.float64(0.655)],[UUID('723f4413-3827-47b7-87fe-a681f2a78d70')],"(np.float64(3.57007), np.float64(6.99993))",0,"Vector(-0.045, 0.999)","Vector(-1.439, 1.541)",echo,wall_obstacle_32,723f4413-3827-47b7-87fe-a681f2a78d70,0.642,"Vector(0.674, -0.739)",170.68735659163872,"Vector(5.009, 5.459)",2.1083288096736714,0.6482339004441245,61.959,0.655,0.001
47,"[np.float64(65.02069326379079), np.float64(65.03868859013842)]","[np.float64(0.6970000000000001), np.float64(0.6980000000000001)]","[UUID('70d8cb8e-407f-4bcc-92f4-3d4729af211e'), UUID('70d8cb8e-407f-4bcc-92f4-3d4729af211e')]","(np.float64(4.59003), np.float64(6.9999))",0,"Vector(-0.045, 0.999)","Vector(-0.413, 1.412)",echo,wall_obstacle_34,70d8cb8e-407f-4bcc-92f4-3d4729af211e,0.6880000000000001,"Vector(0.276, -0.961)",143.9492552594695,"Vector(5.003, 5.588)",1.4711754670330797,0.6923742853785108,65.03,0.697,0.002
48,"[np.float64(63.281035464710605), np.float64(63.30074973808698)]","[np.float64(0.6970000000000001), np.float64(0.6980000000000001)]","[UUID('7b18ae94-892d-483d-8fb7-54274b643220'), UUID('7b18ae94-892d-483d-8fb7-54274b643220')]","(np.float64(5.09999), np.float64(6.9999))",0,"Vector(-0.045, 0.999)","Vector(0.097, 1.412)",echo,wall_obstacle_35,7b18ae94-892d-483d-8fb7-54274b643220,0.6880000000000001,"Vector(-0.066, -0.998)",123.71761467095153,"Vector(5.003, 5.588)",1.4154200361730083,0.6922135780045998,63.291,0.697,0.002
49,"[np.float64(64.8610701499959), np.float64(64.87455599475066)]","[np.float64(0.6980000000000001), np.float64(0.6990000000000001)]","[UUID('c68e544d-1f2b-4e9c-917d-d629a6551ac8'), UUID('c68e544d-1f2b-4e9c-917d-d629a6551ac8')]","(np.float64(4.08005), np.float64(6.99992))",0,"Vector(-0.045, 0.999)","Vector(-0.923, 1.409)",echo,wall_obstacle_33,c68e544d-1f2b-4e9c-917d-d629a6551ac8,0.6880000000000001,"Vector(0.540, -0.842)",160.86963838157988,"Vector(5.003, 5.591)",1.684277433916396,0.6929936202833799,64.868,0.698,0.002
50,"[np.float64(60.03207305897318), np.float64(60.049220871243136)]","[np.float64(0.6980000000000001), np.float64(0.6990000000000001)]","[UUID('c006de10-f044-46c5-9a6e-518c9b86142e'), UUID('c006de10-f044-46c5-9a6e-518c9b86142e')]","(np.float64(5.60996), np.float64(6.99991))",0,"Vector(-0.045, 0.999)","Vector(0.607, 1.409)",echo,wall_obstacle_36,c006de10-f044-46c5-9a6e-518c9b86142e,0.6880000000000001,"Vector(-0.387, -0.922)",104.3394399502111,"Vector(5.003, 5.591)",1.5343844929482309,0.6925601960743146,60.041,0.698,0.002
51,"[np.float64(65.7547545591705), np.float64(65.7608686773384)]","[np.float64(0.7000000000000001), np.float64(0.7010000000000001)]","[UUID('86b50454-6158-4499-9c47-c94e6e722972'), UUID('86b50454-6158-4499-9c47-c94e6e722972')]","(np.int64(3), np.int64(10))",29,"Vector(-0.045, 0.999)","Vector(-2.002, 4.403)",direct,,86b50454-6158-4499-9c47-c94e6e722972,0.6880000000000001,"Vector(0.000, -1.000)",152.1086693308306,"Vector(5.002, 5.597)",4.837102420302882,0.685,65.758,0.7,0.002
52,"[np.float64(63.30062506056441), np.float64(63.309833888567496)]","[np.float64(0.7000000000000001), np.float64(0.7010000000000001)]","[UUID('16e4580b-1d6a-4bc4-a495-1938ad5fd754'), UUID('16e4580b-1d6a-4bc4-a495-1938ad5fd754')]","(np.float64(3.57007), np.float64(6.99993))",0,"Vector(-0.045, 0.999)","Vector(-1.432, 1.403)",echo,wall_obstacle_32,16e4580b-1d6a-4bc4-a495-1938ad5fd754,0.6880000000000001,"Vector(0.705, -0.709)",173.24475730839112,"Vector(5.002, 5.597)",2.0050581673607377,0.6939295151238092,63.305,0.7,0.002
53,[np.float64(67.01116604165173)],[np.float64(0.7010000000000001)],[UUID('21ff12ae-54a0-4896-af25-b03ec064cb01')],"(np.int64(5), np.int64(10))",31,"Vector(-0.045, 0.999)","Vector(-0.002, 4.403)",direct,,21ff12ae-54a0-4896-af25-b03ec064cb01,0.6880000000000001,"Vector(0.000, -1.000)",127.68562873450566,"Vector(5.002, 5.597)",4.403180648633439,0.6880000000000001,67.011,0.701,0.001
54,"[np.float64(66.08721008648946), np.float64(66.09389059075139)]","[np.float64(0.752), np.float64(0.753)]","[UUID('f58659c9-c7f1-4546-badb-81ff356ce34d'), UUID('f58659c9-c7f1-4546-badb-81ff356ce34d')]","(np.int64(7), np.int64(10))",33,"Vector(0.090, 0.996)","Vector(1.992, 4.247)",direct,,f58659c9-c7f1-4546-badb-81ff356ce34d,0.746,"Vector(0.000, -1.000)",102.5226648266044,"Vector(5.008, 5.753)",4.6914905275082885,0.738,66.091,0.752,0.002
55,"[np.float64(68.04667020672389), np.float64(68.06584178119613)]","[np.float64(0.754), np.float64(0.755)]","[UUID('809a3623-5582-46f3-8ff4-025c1a4420fd'), UUID('809a3623-5582-46f3-8ff4-025c1a4420fd')]","(np.float64(4.59003), np.float64(6.9999))",0,"Vector(0.090, 0.996)","Vector(-0.418, 1.241)",echo,wall_obstacle_34,809a3623-5582-46f3-8ff4-025c1a4420fd,0.746,"Vector(0.311, -0.950)",146.26626760300553,"Vector(5.008, 5.759)",1.3097773699373492,0.7498908132917986,68.056,0.754,0.002
56,"[np.float64(66.26668998859533), np.float64(66.2893726960491)]","[np.float64(0.754), np.float64(0.755)]","[UUID('ae1a9492-86b4-49ce-a0db-ed5c5dfdbdb9'), UUID('ae1a9492-86b4-49ce-a0db-ed5c5dfdbdb9')]","(np.float64(5.09999), np.float64(6.9999))",0,"Vector(0.090, 0.996)","Vector(0.092, 1.241)",echo,wall_obstacle_35,ae1a9492-86b4-49ce-a0db-ed5c5dfdbdb9,0.746,"Vector(-0.074, -0.997)",123.41844043434021,"Vector(5.008, 5.759)",1.2446802810360578,0.7497075694950087,66.278,0.754,0.002
57,"[np.float64(62.630905317840885), np.float64(62.65085476177767)]","[np.float64(0.755), np.float64(0.756)]","[UUID('1ef8be67-ed70-48a5-bda7-a8cb698ea29d'), UUID('1ef8be67-ed70-48a5-bda7-a8cb698ea29d')]","(np.float64(5.60996), np.float64(6.99991))",0,"Vector(0.090, 0.996)","Vector(0.602, 1.238)",echo,wall_obstacle_36,1ef8be67-ed70-48a5-bda7-a8cb698ea29d,0.746,"Vector(-0.430, -0.903)",101.74128282175008,"Vector(5.008, 5.762)",1.3767198624266304,0.7500957254370437,62.641,0.755,0.002
58,"[np.float64(67.50509018115999), np.float64(67.5178201390098)]","[np.float64(0.756), np.float64(0.757)]","[UUID('9dbee0f6-75ac-4d19-a6aa-cbd607503d6b'), UUID('9dbee0f6-75ac-4d19-a6aa-cbd607503d6b')]","(np.float64(4.08006), np.float64(6.99992))",0,"Vector(0.090, 0.996)","Vector(-0.929, 1.235)",echo,wall_obstacle_33,9dbee0f6-75ac-4d19-a6aa-cbd607503d6b,0.746,"Vector(0.590, -0.808)",164.58493430838666,"Vector(5.009, 5.765)",1.5453748617406715,0.7505773689590628,67.511,0.756,0.002
59,"[np.float64(65.41500120788986), np.float64(65.42264489668852)]","[np.float64(0.758), np.float64(0.759)]","[UUID('28df54fc-bf02-4579-92ce-d3afcd961a70'), UUID('28df54fc-bf02-4579-92ce-d3afcd961a70')]","(np.float64(3.57007), np.float64(6.99993))",0,"Vector(0.090, 0.996)","Vector(-1.439, 1.229)",echo,wall_obstacle_32,28df54fc-bf02-4579-92ce-d3afcd961a70,0.746,"Vector(0.749, -0.662)",177.1481609063835,"Vector(5.009, 5.771)",1.8926687787618837,0.7515845827469773,65.419,0.758,0.002
60,"[np.float64(61.20621716888809), np.float64(61.20424346795142)]","[np.float64(0.849), np.float64(0.85)]","[UUID('4cadfdf5-7d83-4d68-a065-6d3d8e2c1561'), UUID('4cadfdf5-7d83-4d68-a065-6d3d8e2c1561')]","(np.int64(10), np.int64(1))",18,"Vector(0.347, 0.938)","Vector(4.929, -5.036)",direct,,4cadfdf5-7d83-4d68-a065-6d3d8e2c1561,0.847,"Vector(-1.000, 0.000)",-7.956634810418735,"Vector(5.071, 6.036)",7.04679067732255,0.8280000000000001,61.205,0.849,0.002
61,"[np.float64(70.176874180731), np.float64(70.17328211815757)]","[np.float64(0.849), np.float64(0.85)]","[UUID('302687ef-6e15-472f-8be2-82fc6d23a113'), UUID('302687ef-6e15-472f-8be2-82fc6d23a113')]","(np.float64(10.0), np.float64(1.0199))",18,"Vector(0.347, 0.938)","Vector(4.929, -5.016)",echo,wall_obstacle_14,302687ef-6e15-472f-8be2-82fc6d23a113,0.847,"Vector(0.000, -1.000)",-7.84322156714282,"Vector(5.071, 6.036)",7.032583735726152,0.8280580174927115,70.175,0.849,0.002
62,"[np.float64(72.34963011723848), np.float64(72.37756780522017)]","[np.float64(0.853), np.float64(0.854)]","[UUID('ba906036-fc3b-4fc3-96ea-51287214ce82'), UUID('ba906036-fc3b-4fc3-96ea-51287214ce82')]","(np.float64(5.1), np.float64(6.9999))",0,"Vector(0.347, 0.938)","Vector(0.025, 0.953)",echo,wall_obstacle_35,ba906036-fc3b-4fc3-96ea-51287214ce82,0.847,"Vector(-0.033, -0.999)",126.1373537992131,"Vector(5.075, 6.047)",0.9532941934156528,0.849837240534065,72.364,0.853,0.002
63,"[np.float64(73.75208546149118), np.float64(73.76957822981547)]","[np.float64(0.854), np.float64(0.855)]","[UUID('41422697-c7ad-44b4-b13e-2e8fe1072e22'), UUID('41422697-c7ad-44b4-b13e-2e8fe1072e22')]","(np.float64(4.59004), np.float64(6.99991))",0,"Vector(0.347, 0.938)","Vector(-0.486, 0.950)",echo,wall_obstacle_34,41422697-c7ad-44b4-b13e-2e8fe1072e22,0.847,"Vector(0.441, -0.898)",154.73247396517303,"Vector(5.076, 6.050)",1.06713017162856,0.8501588992227624,73.761,0.854,0.002
64,"[np.float64(67.88809942735857), np.float64(67.91439099373441)]","[np.float64(0.854), np.float64(0.855)]","[UUID('9b7ff0fc-1bdd-4dd5-ba94-bd946a320aa4'), UUID('9b7ff0fc-1bdd-4dd5-ba94-bd946a320aa4')]","(np.float64(5.60995), np.float64(6.99991))",0,"Vector(0.347, 0.938)","Vector(0.534, 0.950)",echo,wall_obstacle_36,9b7ff0fc-1bdd-4dd5-ba94-bd946a320aa4,0.847,"Vector(-0.487, -0.873)",98.31120703095138,"Vector(5.076, 6.050)",1.0900092880796934,0.8502469055036644,67.901,0.854,0.002
65,"[np.float64(71.81251222736589), np.float64(71.81999778371251)]","[np.float64(0.856), np.float64(0.857)]","[UUID('6abca83d-7aa0-4a84-8a36-7583a4275604'), UUID('6abca83d-7aa0-4a84-8a36-7583a4275604')]","(np.float64(4.08007), np.float64(6.99993))",0,"Vector(0.347, 0.938)","Vector(-0.998, 0.945)",echo,wall_obstacle_33,6abca83d-7aa0-4a84-8a36-7583a4275604,0.847,"Vector(0.712, -0.702)",174.22489747375369,"Vector(5.078, 6.055)",1.3739790353931898,0.8510408688965613,71.816,0.856,0.002
66,"[np.float64(62.66628244489032), np.float64(62.685488727727936)]","[np.float64(0.856), np.float64(0.857)]","[UUID('dad34e7e-f0ca-4ea7-8ac1-7dd917ef8b0c'), UUID('dad34e7e-f0ca-4ea7-8ac1-7dd917ef8b0c')]","(np.float64(6.11993), np.float64(6.99993))",0,"Vector(0.347, 0.938)","Vector(1.042, 0.945)",echo,wall_obstacle_37,dad34e7e-f0ca-4ea7-8ac1-7dd917ef8b0c,0.847,"Vector(-0.734, -0.679)",79.84507584421124,"Vector(5.078, 6.055)",1.4064358485547785,0.8511780759967461,62.676,0.856,0.002
67,"[np.float64(67.78170768655106), np.float64(67.78858206213584)]","[np.float64(0.857), np.float64(0.858)]","[UUID('41b9256a-5b5a-4eff-87db-015370a5333f'), UUID('41b9256a-5b5a-4eff-87db-015370a5333f')]","(np.int64(4), np.int64(10))",30,"Vector(0.347, 0.938)","Vector(-1.079, 3.942)",direct,,41b9256a-5b5a-4eff-87db-015370a5333f,0.847,"Vector(0.000, -1.000)",142.96210295958423,"Vector(5.079, 6.058)",4.086809669999326,0.845,67.785,0.857,0.002
68,"[np.float64(68.44199087022515), np.float64(68.44440124763241)]","[np.float64(0.858), np.float64(0.859)]","[UUID('81837d57-a0d2-4a09-b9f1-fc9d68982dce'), UUID('81837d57-a0d2-4a09-b9f1-fc9d68982dce')]","(np.float64(3.57008), np.float64(6.99995))",0,"Vector(0.347, 0.938)","Vector(-1.510, 0.939)",echo,wall_obstacle_32,81837d57-a0d2-4a09-b9f1-fc9d68982dce,0.847,"Vector(0.839, -0.545)",-174.22201094262573,"Vector(5.080, 6.061)",1.7780279795323808,0.8522057866415038,68.443,0.858,0.002
69,[np.float64(64.80024727704449)],[np.float64(0.86)],[UUID('bb72235c-3070-44ee-a70c-bd5aaa21215c')],"(np.float64(3.06009), np.float64(6.99996))",0,"Vector(0.347, 0.938)","Vector(-2.021, 0.936)",echo,wall_obstacle_31,bb72235c-3070-44ee-a70c-bd5aaa21215c,0.847,"Vector(0.900, -0.436)",-167.20078174796947,"Vector(5.081, 6.064)",2.2272118834318393,0.8535033142299612,64.8,0.86,0.001
70,"[np.float64(79.00741348119507), np.float64(79.03646245999715)]","[np.float64(0.9450000000000001), np.float64(0.9460000000000001)]","[UUID('c26869f5-07db-469d-874d-71e4b07521b2'), UUID('c26869f5-07db-469d-874d-71e4b07521b2')]","(np.float64(5.10001), np.float64(6.9999))",0,"Vector(0.560, 0.829)","Vector(-0.101, 0.708)",echo,wall_obstacle_35,c26869f5-07db-469d-874d-71e4b07521b2,0.9400000000000001,"Vector(0.124, -0.992)",135.74533038083143,"Vector(5.201, 6.292)",0.7154211110248285,0.9421250550065305,79.022,0.945,0.002
71,"[np.float64(73.71087045079828), np.float64(73.74557250678447)]","[np.float64(0.9450000000000001), np.float64(0.9460000000000001)]","[UUID('7fa059c0-1bd8-4439-b571-1898a0a8ac84'), UUID('7fa059c0-1bd8-4439-b571-1898a0a8ac84')]","(np.float64(5.60995), np.float64(6.99991))",0,"Vector(0.560, 0.829)","Vector(0.409, 0.708)",echo,wall_obstacle_36,7fa059c0-1bd8-4439-b571-1898a0a8ac84,0.9400000000000001,"Vector(-0.502, -0.865)",97.63590570197522,"Vector(5.201, 6.292)",0.8180394969682088,0.9424373739503482,73.728,0.945,0.002
72,"[np.float64(64.1484118789231), np.float64(64.14860054708694)]","[np.float64(0.9460000000000001), np.float64(0.9470000000000001)]","[UUID('bac0e6ef-fd7e-4f5b-b411-96eede0f71b3'), UUID('bac0e6ef-fd7e-4f5b-b411-96eede0f71b3')]","(np.int64(10), np.int64(3))",20,"Vector(0.560, 0.829)","Vector(4.798, -3.294)",direct,,bac0e6ef-fd7e-4f5b-b411-96eede0f71b3,0.9400000000000001,"Vector(-1.000, 0.000)",3.180678696825311,"Vector(5.202, 6.294)",5.819638012153334,0.929,64.149,0.946,0.002
73,"[np.float64(78.568767332763), np.float64(78.57652510836986)]","[np.float64(0.9460000000000001), np.float64(0.9470000000000001)]","[UUID('9c561c30-5dc9-4e83-b058-4dbdf7229676'), UUID('9c561c30-5dc9-4e83-b058-4dbdf7229676')]","(np.float64(4.59006), np.float64(6.99992))",0,"Vector(0.560, 0.829)","Vector(-0.612, 0.706)",echo,wall_obstacle_34,9c561c30-5dc9-4e83-b058-4dbdf7229676,0.9400000000000001,"Vector(0.639, -0.769)",168.59674537084476,"Vector(5.202, 6.294)",0.9344152028407928,0.9427407997833613,78.573,0.946,0.002
74,"[np.float64(63.72741006652605), np.float64(63.727206521094246)]","[np.float64(0.9470000000000001), np.float64(0.9480000000000001)]","[UUID('039f6fbe-e3a3-4736-8864-3ef256d57b16'), UUID('039f6fbe-e3a3-4736-8864-3ef256d57b16')]","(np.float64(10.0), np.float64(3.0599))",20,"Vector(0.560, 0.829)","Vector(4.796, -3.237)",echo,wall_obstacle_18,039f6fbe-e3a3-4736-8864-3ef256d57b16,0.9400000000000001,"Vector(0.000, -1.000)",3.639935585274543,"Vector(5.204, 6.297)",5.7859431302079,0.9291746355685132,63.727,0.947,0.002
75,"[np.float64(67.13375547136985), np.float64(67.15808070490357)]","[np.float64(0.9470000000000001), np.float64(0.9480000000000001)]","[UUID('aeba07ad-2dd1-46cf-8b1d-8cc426078571'), UUID('aeba07ad-2dd1-46cf-8b1d-8cc426078571')]","(np.float64(6.11992), np.float64(6.99994))",0,"Vector(0.560, 0.829)","Vector(0.916, 0.703)",echo,wall_obstacle_37,aeba07ad-2dd1-46cf-8b1d-8cc426078571,0.9400000000000001,"Vector(-0.789, -0.614)",75.17798590656281,"Vector(5.204, 6.297)",1.1547791257205855,0.9434332246249529,67.146,0.947,0.002
76,"[np.float64(74.45514555691764), np.float64(74.4540215342485)]","[np.float64(0.9480000000000001), np.float64(0.9490000000000001)]","[UUID('52d8909e-cb19-4194-9bc6-5e8a70a94bcf'), UUID('52d8909e-cb19-4194-9bc6-5e8a70a94bcf')]","(np.float64(4.08008), np.float64(6.99995))",0,"Vector(0.560, 0.829)","Vector(-1.126, 0.701)",echo,wall_obstacle_33,52d8909e-cb19-4194-9bc6-5e8a70a94bcf,0.9400000000000001,"Vector(0.838, -0.546)",-174.25348085752069,"Vector(5.206, 6.299)",1.3260253428950746,0.9438638785625005,74.455,0.948,0.002
77,"[np.float64(61.03943044096778), np.float64(61.03808264756325)]","[np.float64(0.9490000000000001), np.float64(0.9500000000000001)]","[UUID('3042357c-1666-4939-ad6b-85acc0aec388'), UUID('3042357c-1666-4939-ad6b-85acc0aec388')]","(np.int64(10), np.int64(1))",18,"Vector(0.560, 0.829)","Vector(4.793, -5.302)",direct,,3042357c-1666-4939-ad6b-85acc0aec388,0.9400000000000001,"Vector(-1.000, 0.000)",-10.232069199281057,"Vector(5.207, 6.302)",7.146702840471262,0.928,61.039,0.949,0.002
78,"[np.float64(69.9071383504302), np.float64(69.90534945515253)]","[np.float64(0.9490000000000001), np.float64(0.9500000000000001)]","[UUID('30756713-b92f-435c-adff-43aaefe95a9b'), UUID('30756713-b92f-435c-adff-43aaefe95a9b')]","(np.float64(10.0), np.float64(1.0199))",18,"Vector(0.560, 0.829)","Vector(4.793, -5.282)",echo,wall_obstacle_14,30756713-b92f-435c-adff-43aaefe95a9b,0.9400000000000001,"Vector(0.000, -1.000)",-10.124860228063483,"Vector(5.207, 6.302)",7.131953127439916,0.9280580174927114,69.906,0.949,0.002
79,"[np.float64(61.332679241988856), np.float64(61.349701591548964)]","[np.float64(0.9500000000000001), np.float64(0.9510000000000001)]","[UUID('b5609216-cfdf-408c-bf2a-1722a775c6a4'), UUID('b5609216-cfdf-408c-bf2a-1722a775c6a4')]","(np.float64(6.62991), np.float64(6.99996))",0,"Vector(0.560, 0.829)","Vector(1.421, 0.696)",echo,wall_obstacle_38,b5609216-cfdf-408c-bf2a-1722a775c6a4,0.9400000000000001,"Vector(-0.894, -0.449)",63.75005290801415,"Vector(5.209, 6.304)",1.5820846324391118,0.9446962478795919,61.341,0.95,0.002
80,"[np.float64(69.80611092106346), np.float64(69.8024190637806)]","[np.float64(0.9510000000000001), np.float64(0.9520000000000001)]","[UUID('d2fb8a05-e2d6-4386-b7c8-696ef9ee35c7'), UUID('d2fb8a05-e2d6-4386-b7c8-696ef9ee35c7')]","(np.float64(3.57009), np.float64(6.99996))",0,"Vector(0.560, 0.829)","Vector(-1.641, 0.693)",echo,wall_obstacle_32,d2fb8a05-e2d6-4386-b7c8-696ef9ee35c7,0.9400000000000001,"Vector(0.913, -0.408)",-165.2562984990712,"Vector(5.211, 6.307)",1.7812060443699376,0.9451738227137549,69.804,0.951,0.002
81,"[np.float64(73.24631591867808), np.float64(73.24375130570408)]","[np.float64(0.9520000000000001), np.float64(0.9530000000000001)]","[UUID('60dd4cd4-4a02-48eb-b44f-710309b244c4'), UUID('60dd4cd4-4a02-48eb-b44f-710309b244c4')]","(np.int64(9), np.int64(0))",17,"Vector(0.560, 0.829)","Vector(3.788, -6.309)",direct,,60dd4cd4-4a02-48eb-b44f-710309b244c4,0.9400000000000001,"Vector(0.000, 1.000)",-21.367546491113814,"Vector(5.212, 6.309)",7.3586220715905775,0.93,73.245,0.952,0.002
82,"[np.float64(64.70384450271798), np.float64(64.70056117578072)]","[np.float64(0.9520000000000001), np.float64(0.9530000000000001)]","[UUID('9194dada-75df-43de-90bb-631a2446e5db'), UUID('9194dada-75df-43de-90bb-631a2446e5db')]","(np.float64(8.6701), np.float64(0.0))",17,"Vector(0.560, 0.829)","Vector(3.458, -6.309)",echo,wall_obstacle_61,9194dada-75df-43de-90bb-631a2446e5db,0.9400000000000001,"Vector(1.000, 0.000)",-23.62069326010561,"Vector(5.212, 6.309)",7.194382107623976,0.930961807580175,64.702,0.952,0.002
83,"[np.float64(86.42606591542783), np.float64(86.43373072986229)]","[np.float64(1.047), np.float64(1.048)]","[UUID('61a11b3a-4aaa-4a65-8cc1-662dcaa5b071'), UUID('61a11b3a-4aaa-4a65-8cc1-662dcaa5b071')]","(np.float64(5.10005), np.float64(6.99991))",0,"Vector(0.760, 0.649)","Vector(-0.303, 0.481)",echo,wall_obstacle_35,61a11b3a-4aaa-4a65-8cc1-662dcaa5b071,1.043,"Vector(0.512, -0.859)",159.92021482399997,"Vector(5.403, 6.519)",0.5683661288289442,1.044663900280468,86.43,1.047,0.002
84,"[np.float64(82.14049733600899), np.float64(82.18794654506505)]","[np.float64(1.047), np.float64(1.048)]","[UUID('0550bea0-b6cf-4236-a046-0e60deca57f5'), UUID('0550bea0-b6cf-4236-a046-0e60deca57f5')]","(np.float64(5.60996), np.float64(6.99991))",0,"Vector(0.760, 0.649)","Vector(0.206, 0.481)",echo,wall_obstacle_36,0550bea0-b6cf-4236-a046-0e60deca57f5,1.043,"Vector(-0.406, -0.914)",104.40372962575458,"Vector(5.403, 6.519)",0.5230817145532809,1.0445643761069838,82.164,1.047,0.002
85,"[np.float64(68.8301861825795), np.float64(68.83369759251413)]","[np.float64(1.048), np.float64(1.049)]","[UUID('54e09a93-4448-41ee-8b55-d9dc4520fd5f'), UUID('54e09a93-4448-41ee-8b55-d9dc4520fd5f')]","(np.int64(4), np.int64(10))",30,"Vector(0.760, 0.649)","Vector(-1.406, 3.479)",direct,,54e09a93-4448-41ee-8b55-d9dc4520fd5f,1.043,"Vector(0.000, -1.000)",149.65803780120757,"Vector(5.406, 6.521)",3.7520347879650586,1.037,68.832,1.048,0.002
86,"[np.float64(63.921622259295745), np.float64(63.92805859744857)]","[np.float64(1.048), np.float64(1.049)]","[UUID('41d31b98-2e0f-49be-9636-1c54d1b6b9d9'), UUID('41d31b98-2e0f-49be-9636-1c54d1b6b9d9')]","(np.float64(5.09997), np.float64(7.00009))",30,"Vector(0.760, 0.649)","Vector(-0.306, 0.479)",echo,wall_obstacle_35,41d31b98-2e0f-49be-9636-1c54d1b6b9d9,1.043,"Vector(-0.344, 0.939)",160.21675928737164,"Vector(5.406, 6.521)",0.568136935342176,1.0463154933971643,63.925,1.048,0.002
87,"[np.float64(60.60919073503573), np.float64(60.59876143507747)]","[np.float64(1.049), np.float64(1.05)]","[UUID('b9366ddc-89e7-4691-90c9-e2df14849603'), UUID('b9366ddc-89e7-4691-90c9-e2df14849603')]","(np.float64(4.58998), np.float64(7.0001))",30,"Vector(0.760, 0.649)","Vector(-0.818, 0.477)",echo,wall_obstacle_34,b9366ddc-89e7-4691-90c9-e2df14849603,1.043,"Vector(-0.193, 0.981)",-172.58592331361254,"Vector(5.408, 6.523)",0.9469054200922076,1.0459135985172354,60.604,1.049,0.002
88,"[np.float64(81.14181287118531), np.float64(81.13233713449478)]","[np.float64(1.049), np.float64(1.05)]","[UUID('9790e7d1-3cd7-49d2-b192-ef66918ef00d'), UUID('9790e7d1-3cd7-49d2-b192-ef66918ef00d')]","(np.float64(4.59009), np.float64(6.99995))",0,"Vector(0.760, 0.649)","Vector(-0.818, 0.477)",echo,wall_obstacle_34,9790e7d1-3cd7-49d2-b192-ef66918ef00d,1.043,"Vector(0.853, -0.522)",-172.58143346680527,"Vector(5.408, 6.523)",0.9467348473569567,1.0457406089443375,81.137,1.049,0.002
89,"[np.float64(72.99983291762878), np.float64(73.03281354044641)]","[np.float64(1.049), np.float64(1.05)]","[UUID('8147448d-c26e-400b-a3ab-71894fa56321'), UUID('8147448d-c26e-400b-a3ab-71894fa56321')]","(np.float64(6.11992), np.float64(6.99994))",0,"Vector(0.760, 0.649)","Vector(0.712, 0.477)",echo,wall_obstacle_37,8147448d-c26e-400b-a3ab-71894fa56321,1.043,"Vector(-0.829, -0.559)",71.4634863109494,"Vector(5.408, 6.523)",0.8567723530786926,1.0455586942753148,73.016,1.049,0.002
90,"[np.float64(63.031127434816156), np.float64(63.07825175088265)]","[np.float64(1.049), np.float64(1.05)]","[UUID('6d87958f-f283-4d52-ba24-9cf07fd9b299'), UUID('6d87958f-f283-4d52-ba24-9cf07fd9b299')]","(np.float64(5.60995), np.float64(7.00009))",30,"Vector(0.760, 0.649)","Vector(0.202, 0.477)",echo,wall_obstacle_36,6d87958f-f283-4d52-ba24-9cf07fd9b299,1.043,"Vector(-0.473, 0.881)",104.70581219137944,"Vector(5.408, 6.523)",0.5178669914176806,1.046925989417847,63.055,1.049,0.002
91,"[np.float64(65.60449609035906), np.float64(65.62588115595507)]","[np.float64(1.051), np.float64(1.052)]","[UUID('497daffe-dee9-4959-b1b6-d5b2e9b42ba6'), UUID('497daffe-dee9-4959-b1b6-d5b2e9b42ba6')]","(np.float64(6.62991), np.float64(6.99996))",0,"Vector(0.760, 0.649)","Vector(1.217, 0.473)",echo,wall_obstacle_38,497daffe-dee9-4959-b1b6-d5b2e9b42ba6,1.043,"Vector(-0.930, -0.368)",58.88245414806723,"Vector(5.413, 6.527)",1.3059307427654805,1.046881757539429,65.615,1.051,0.002
92,"[np.float64(60.946285386053134), np.float64(60.945769219061084)]","[np.float64(1.052), np.float64(1.053)]","[UUID('3ae35be9-2e57-44f9-abb1-2ad18a968ca6'), UUID('3ae35be9-2e57-44f9-abb1-2ad18a968ca6')]","(np.int64(10), np.int64(1))",18,"Vector(0.760, 0.649)","Vector(4.585, -5.529)",direct,,3ae35be9-2e57-44f9-abb1-2ad18a968ca6,1.043,"Vector(-1.000, 0.000)",-12.677286744584592,"Vector(5.415, 6.529)",7.182890894375329,1.031,60.946,1.052,0.002
93,"[np.float64(69.83631930188542), np.float64(69.83657723193103)]","[np.float64(1.052), np.float64(1.053)]","[UUID('19b554f3-af71-478a-b3c0-f5f13764d397'), UUID('19b554f3-af71-478a-b3c0-f5f13764d397')]","(np.float64(10.0), np.float64(1.0199))",18,"Vector(0.760, 0.649)","Vector(4.585, -5.509)",echo,wall_obstacle_14,19b554f3-af71-478a-b3c0-f5f13764d397,1.043,"Vector(0.000, -1.000)",-12.575742450218286,"Vector(5.415, 6.529)",7.167584043630042,1.0310580174927113,69.836,1.052,0.002
94,[np.float64(74.81404719335868)],[np.float64(1.052)],[UUID('86b25336-4260-4e10-b9b5-747d5317e59e')],"(np.float64(4.08009), np.float64(6.99996))",0,"Vector(0.760, 0.649)","Vector(-1.333, 0.473)",echo,wall_obstacle_33,86b25336-4260-4e10-b9b5-747d5317e59e,1.043,"Vector(0.937, -0.350)",-161.8831728926773,"Vector(5.413, 6.527)",1.4139106663788912,1.0470834894572876,74.814,1.052,0.001
95,"[np.float64(64.2222276509583), np.float64(64.22335033592516)]","[np.float64(1.054), np.float64(1.055)]","[UUID('e36466f1-8826-45dc-9664-b4a778e7602e'), UUID('e36466f1-8826-45dc-9664-b4a778e7602e')]","(np.int64(10), np.int64(3))",20,"Vector(0.760, 0.649)","Vector(4.581, -3.533)",direct,,e36466f1-8826-45dc-9664-b4a778e7602e,1.043,"Vector(-1.000, 0.000)",0.011790937161009651,"Vector(5.419, 6.533)",5.784758239243884,1.037,64.223,1.054,0.002
96,"[np.float64(63.82984272676862), np.float64(63.83179344634378)]","[np.float64(1.054), np.float64(1.055)]","[UUID('a21c8f41-bb62-4d55-91b1-52937e377904'), UUID('a21c8f41-bb62-4d55-91b1-52937e377904')]","(np.float64(10.0), np.float64(3.0599))",20,"Vector(0.760, 0.649)","Vector(4.581, -3.473)",echo,wall_obstacle_18,a21c8f41-bb62-4d55-91b1-52937e377904,1.043,"Vector(0.000, -1.000)",0.4845544124035541,"Vector(5.419, 6.533)",5.748370837767863,1.037174635568513,63.831,1.054,0.002
97,[np.float64(73.03241042893312)],[np.float64(1.056)],[UUID('21572b42-e5f1-4620-8727-82832b52e6c1')],"(np.int64(9), np.int64(0))",17,"Vector(0.760, 0.649)","Vector(3.578, -6.535)",direct,,21572b42-e5f1-4620-8727-82832b52e6c1,1.043,"Vector(0.000, 1.000)",-23.64188707759385,"Vector(5.422, 6.535)",7.450450189901279,1.034,73.032,1.056,0.001
98,"[np.float64(93.73201524785961), np.float64(93.75293817890015)]","[np.float64(1.153), np.float64(1.154)]","[UUID('7747433a-65b3-4fa4-b48a-d8241385d185'), UUID('7747433a-65b3-4fa4-b48a-d8241385d185')]","(np.float64(5.61002), np.float64(6.9999))",0,"Vector(0.912, 0.409)","Vector(-0.060, 0.310)",echo,wall_obstacle_36,7747433a-65b3-4fa4-b48a-d8241385d185,1.151,"Vector(0.163, -0.987)",138.64395905992137,"Vector(5.670, 6.690)",0.3155361865143204,1.1519262760875992,93.742,1.153,0.002
99,"[np.float64(80.99830047936209), np.float64(81.04826096112592)]","[np.float64(1.155), np.float64(1.156)]","[UUID('700db3d3-72bb-430e-99ff-eac6e177c67e'), UUID('700db3d3-72bb-430e-99ff-eac6e177c67e')]","(np.float64(6.11992), np.float64(6.99994))",0,"Vector(0.912, 0.409)","Vector(0.444, 0.307)",echo,wall_obstacle_37,700db3d3-72bb-430e-99ff-eac6e177c67e,1.151,"Vector(-0.825, -0.565)",72.32861977271028,"Vector(5.676, 6.693)",0.540210664278298,1.152618026504384,81.023,1.155,0.002
100,"[np.float64(74.57719224556463), np.float64(74.57289690157039)]","[np.float64(1.157), np.float64(1.158)]","[UUID('0b4c4612-e7e9-4aac-84f5-0d7f935ffca8'), UUID('0b4c4612-e7e9-4aac-84f5-0d7f935ffca8')]","(np.int64(5), np.int64(0))",13,"Vector(0.912, 0.409)","Vector(-0.681, -6.695)",direct,,0b4c4612-e7e9-4aac-84f5-0d7f935ffca8,1.151,"Vector(0.000, 1.000)",-58.154530631121304,"Vector(5.681, 6.695)",6.729628547089357,1.137,74.575,1.157,0.002
101,"[np.float64(64.82211526811085), np.float64(64.81775255942772)]","[np.float64(1.157), np.float64(1.158)]","[UUID('99db0da9-1ffd-4cbc-a1f0-6da0afde61d8'), UUID('99db0da9-1ffd-4cbc-a1f0-6da0afde61d8')]","(np.float64(5.0999), np.float64(0.0))",13,"Vector(0.912, 0.409)","Vector(-0.581, -6.695)",echo,wall_obstacle_54,99db0da9-1ffd-4cbc-a1f0-6da0afde61d8,1.151,"Vector(-1.000, 0.000)",-57.307142443529365,"Vector(5.681, 6.695)",6.720252273374863,1.137291253644315,64.82,1.157,0.002
102,"[np.float64(70.65539396264725), np.float64(70.68365921272897)]","[np.float64(1.157), np.float64(1.158)]","[UUID('cbde719b-096b-48f1-82e3-8619305a05e1'), UUID('cbde719b-096b-48f1-82e3-8619305a05e1')]","(np.float64(6.6299), np.float64(6.99997))",0,"Vector(0.912, 0.409)","Vector(0.949, 0.305)",echo,wall_obstacle_38,cbde719b-096b-48f1-82e3-8619305a05e1,1.151,"Vector(-0.951, -0.308)",55.470036224745,"Vector(5.681, 6.695)",0.9965583389345553,1.1539663426058853,70.67,1.157,0.002
103,"[np.float64(68.11830667318156), np.float64(68.12577452215706)]","[np.float64(1.158), np.float64(1.159)]","[UUID('214ccb4c-5083-4111-98a0-e1c719090bcc'), UUID('214ccb4c-5083-4111-98a0-e1c719090bcc')]","(np.int64(10), np.int64(7))",24,"Vector(0.912, 0.409)","Vector(4.316, 0.304)",direct,,214ccb4c-5083-4111-98a0-e1c719090bcc,1.151,"Vector(-1.000, 0.000)",41.679453308202966,"Vector(5.684, 6.696)",4.326801574708505,1.145,68.122,1.158,0.002
104,"[np.float64(67.90817141536128), np.float64(67.91811290364129)]","[np.float64(1.158), np.float64(1.159)]","[UUID('87096ed0-5db0-4def-bc8f-2a66926be87a'), UUID('87096ed0-5db0-4def-bc8f-2a66926be87a')]","(np.float64(9.6901), np.float64(7.0))",24,"Vector(0.912, 0.409)","Vector(4.006, 0.304)",echo,wall_obstacle_44,87096ed0-5db0-4def-bc8f-2a66926be87a,1.151,"Vector(1.000, 0.000)",41.98965485440624,"Vector(5.684, 6.696)",4.0177247918318155,1.145903498542274,67.913,1.158,0.002
105,"[np.float64(60.73768676808177), np.float64(60.748550642620565)]","[np.float64(1.158), np.float64(1.159)]","[UUID('131c518f-4a5f-42a7-b84c-6d008fbeb6d0'), UUID('131c518f-4a5f-42a7-b84c-6d008fbeb6d0')]","(np.float64(9.1801), np.float64(7.0))",24,"Vector(0.912, 0.409)","Vector(3.496, 0.304)",echo,wall_obstacle_43,131c518f-4a5f-42a7-b84c-6d008fbeb6d0,1.151,"Vector(1.000, 0.000)",42.61906511093384,"Vector(5.684, 6.696)",3.509395660637313,1.1473903790087463,60.743,1.158,0.002
106,"[np.float64(60.11863508010266), np.float64(60.14867993544603)]","[np.float64(1.158), np.float64(1.159)]","[UUID('74dfbe13-092d-4667-9e40-307adbba5e39'), UUID('74dfbe13-092d-4667-9e40-307adbba5e39')]","(np.float64(6.6301), np.float64(7.0))",24,"Vector(0.912, 0.409)","Vector(0.946, 0.304)",echo,wall_obstacle_38,74dfbe13-092d-4667-9e40-307adbba5e39,1.151,"Vector(1.000, 0.000)",55.44897288997501,"Vector(5.684, 6.696)",0.9937730640845525,1.1548247813411079,60.134,1.158,0.002
107,"[np.float64(64.46608080812959), np.float64(64.51814492701723)]","[np.float64(1.158), np.float64(1.159)]","[UUID('d813be1b-7067-49f2-9e79-b4177bc8f287'), UUID('d813be1b-7067-49f2-9e79-b4177bc8f287')]","(np.float64(6.1201), np.float64(7.0))",24,"Vector(0.912, 0.409)","Vector(0.436, 0.304)",echo,wall_obstacle_37,d813be1b-7067-49f2-9e79-b4177bc8f287,1.151,"Vector(1.000, 0.000)",72.4998706749999,"Vector(5.684, 6.696)",0.5315357964427232,1.1563116618075802,64.492,1.158,0.002
108,"[np.float64(66.27617396370755), np.float64(66.28351356437368)]","[np.float64(1.159), np.float64(1.16)]","[UUID('760f6dcd-0814-40a8-bf2c-2f9585ea2f4e'), UUID('760f6dcd-0814-40a8-bf2c-2f9585ea2f4e')]","(np.float64(10.0), np.float64(6.6301))",24,"Vector(0.912, 0.409)","Vector(4.313, -0.067)",echo,wall_obstacle_25,760f6dcd-0814-40a8-bf2c-2f9585ea2f4e,1.151,"Vector(0.000, 1.000)",36.75891350339339,"Vector(5.687, 6.698)",4.313917024816309,1.1460784256559766,66.28,1.159,0.002
109,"[np.float64(67.99702593197028), np.float64(68.01343825959546)]","[np.float64(1.159), np.float64(1.16)]","[UUID('075af1e6-fa5a-42ea-b56a-cd2691815f55'), UUID('075af1e6-fa5a-42ea-b56a-cd2691815f55')]","(np.float64(5.6101), np.float64(7.0))",24,"Vector(0.912, 0.409)","Vector(-0.077, 0.302)",echo,wall_obstacle_36,075af1e6-fa5a-42ea-b56a-cd2691815f55,1.151,"Vector(1.000, 0.000)",141.84977996180373,"Vector(5.687, 6.698)",0.3119966041481862,1.1577985422740524,68.005,1.159,0.002
110,"[np.float64(60.94735658156363), np.float64(60.94783778054072)]","[np.float64(1.16), np.float64(1.161)]","[UUID('3164fbe8-aa2e-487f-8f7c-d350525f0d5b'), UUID('3164fbe8-aa2e-487f-8f7c-d350525f0d5b')]","(np.int64(10), np.int64(1))",18,"Vector(0.912, 0.409)","Vector(4.311, -5.699)",direct,,3164fbe8-aa2e-487f-8f7c-d350525f0d5b,1.151,"Vector(-1.000, 0.000)",-15.240919432407225,"Vector(5.689, 6.699)",7.145457925150773,1.139,60.948,1.16,0.002
111,"[np.float64(69.98613145756457), np.float64(69.9884911444025)]","[np.float64(1.16), np.float64(1.161)]","[UUID('877fd4bc-1ec0-4fa9-87e5-ff1984713177'), UUID('877fd4bc-1ec0-4fa9-87e5-ff1984713177')]","(np.float64(10.0), np.float64(1.0199))",18,"Vector(0.912, 0.409)","Vector(4.311, -5.679)",echo,wall_obstacle_14,877fd4bc-1ec0-4fa9-87e5-ff1984713177,1.151,"Vector(0.000, -1.000)",-15.144442469434013,"Vector(5.689, 6.699)",7.129597065900709,1.1390580174927114,69.987,1.16,0.002
112,"[np.float64(63.43382477705591), np.float64(63.45312748361988)]","[np.float64(1.16), np.float64(1.161)]","[UUID('f31f5bd2-517c-4747-87f8-ca54a7ca31d9'), UUID('f31f5bd2-517c-4747-87f8-ca54a7ca31d9')]","(np.float64(7.1399), np.float64(6.99998))",0,"Vector(0.912, 0.409)","Vector(1.451, 0.301)",echo,wall_obstacle_39,f31f5bd2-517c-4747-87f8-ca54a7ca31d9,1.151,"Vector(-0.978, -0.208)",49.385792853982025,"Vector(5.689, 6.699)",1.4814954576035664,1.1554047750573595,63.443,1.16,0.002
113,"[np.float64(67.22278238346117), np.float64(67.22780533130405)]","[np.float64(1.161), np.float64(1.162)]","[UUID('46d04f95-a0b3-4d57-bda5-0d8ba2419bd7'), UUID('46d04f95-a0b3-4d57-bda5-0d8ba2419bd7')]","(np.int64(10), np.int64(5))",22,"Vector(0.912, 0.409)","Vector(4.308, -1.700)",direct,,46d04f95-a0b3-4d57-bda5-0d8ba2419bd7,1.151,"Vector(-1.000, 0.000)",16.11931614615787,"Vector(5.692, 6.700)",4.631204440337307,1.147,67.225,1.161,0.002
114,"[np.float64(62.96487615721727), np.float64(62.97191860993768)]","[np.float64(1.161), np.float64(1.162)]","[UUID('feb862ff-3c89-40ea-aba3-937e5717dd85'), UUID('feb862ff-3c89-40ea-aba3-937e5717dd85')]","(np.float64(10.0), np.float64(5.0999))",22,"Vector(0.912, 0.409)","Vector(4.308, -1.600)",echo,wall_obstacle_22,feb862ff-3c89-40ea-aba3-937e5717dd85,1.151,"Vector(0.000, -1.000)",17.27798711556187,"Vector(5.692, 6.700)",4.595473487705048,1.147291253644315,62.968,1.161,0.002
115,"[np.float64(63.42221828626996), np.float64(63.42675583156504)]","[np.float64(1.163), np.float64(1.164)]","[UUID('18343652-26e1-4658-a59b-e2a7d8610886'), UUID('18343652-26e1-4658-a59b-e2a7d8610886')]","(np.float64(10.0), np.float64(4.5901))",22,"Vector(0.912, 0.409)","Vector(4.302, -2.112)",echo,wall_obstacle_21,18343652-26e1-4658-a59b-e2a7d8610886,1.151,"Vector(0.000, 1.000)",11.505026727087284,"Vector(5.698, 6.702)",4.7930080771265136,1.1481950437317785,63.424,1.163,0.002
116,[np.float64(63.43807244409647)],[np.float64(1.163)],[UUID('937133e9-b5e2-4ff8-aece-8d34a8d6f53a')],"(np.float64(5.61009), np.float64(6.99996))",22,"Vector(0.912, 0.409)","Vector(-0.085, 0.299)",echo,wall_obstacle_36,937133e9-b5e2-4ff8-aece-8d34a8d6f53a,1.151,"Vector(0.910, -0.415)",143.4909429536326,"Vector(5.695, 6.701)",0.31052609423364086,1.161064192463755,63.438,1.163,0.001
117,"[np.float64(91.30907216220092), np.float64(91.3793907368703)]","[np.float64(1.248), np.float64(1.249)]","[UUID('a0b740e4-6e50-412b-873a-84019a430cfe'), UUID('a0b740e4-6e50-412b-873a-84019a430cfe')]","(np.float64(6.11994), np.float64(6.99992))",0,"Vector(0.985, 0.175)","Vector(0.179, 0.224)",echo,wall_obstacle_37,a0b740e4-6e50-412b-873a-84019a430cfe,1.246,"Vector(-0.640, -0.769)",89.04496833130406,"Vector(5.941, 6.776)",0.28671014927972116,1.2468557195378027,91.344,1.248,0.002
118,"[np.float64(76.01278492583278), np.float64(76.05071855719189)]","[np.float64(1.2510000000000001), np.float64(1.252)]","[UUID('cd3fd291-cb94-45d8-91cd-8b6e73fa22dd'), UUID('cd3fd291-cb94-45d8-91cd-8b6e73fa22dd')]","(np.float64(6.6299), np.float64(6.99997))",0,"Vector(0.985, 0.175)","Vector(0.680, 0.223)",echo,wall_obstacle_38,cd3fd291-cb94-45d8-91cd-8b6e73fa22dd,1.246,"Vector(-0.951, -0.308)",55.77471511800945,"Vector(5.950, 6.777)",0.7155045781125372,1.2481379053094337,76.032,1.251,0.002
119,"[np.float64(68.85958041921002), np.float64(68.86753173879558)]","[np.float64(1.254), np.float64(1.2550000000000001)]","[UUID('e3994859-8999-4d07-8d1e-9a9a9eadf5ab'), UUID('e3994859-8999-4d07-8d1e-9a9a9eadf5ab')]","(np.int64(10), np.int64(7))",24,"Vector(0.985, 0.175)","Vector(4.041, 0.221)",direct,,e3994859-8999-4d07-8d1e-9a9a9eadf5ab,1.246,"Vector(-1.000, 0.000)",40.78467576542616,"Vector(5.959, 6.779)",4.047308267589708,1.242,68.864,1.254,0.002
120,"[np.float64(68.93141799660668), np.float64(68.9427081723403)]","[np.float64(1.254), np.float64(1.2550000000000001)]","[UUID('1410649b-f8a6-4f22-b833-435078fc00a6'), UUID('1410649b-f8a6-4f22-b833-435078fc00a6')]","(np.float64(9.6901), np.float64(7.0))",24,"Vector(0.985, 0.175)","Vector(3.731, 0.221)",echo,wall_obstacle_44,1410649b-f8a6-4f22-b833-435078fc00a6,1.246,"Vector(1.000, 0.000)",41.04405963624109,"Vector(5.959, 6.779)",3.73790891768379,1.242903498542274,68.937,1.254,0.002
121,"[np.float64(61.8578060047176), np.float64(61.87019654188055)]","[np.float64(1.254), np.float64(1.2550000000000001)]","[UUID('c267dc3f-4a4f-48b3-85d1-381df88a80f3'), UUID('c267dc3f-4a4f-48b3-85d1-381df88a80f3')]","(np.float64(9.1801), np.float64(7.0))",24,"Vector(0.985, 0.175)","Vector(3.221, 0.221)",echo,wall_obstacle_43,c267dc3f-4a4f-48b3-85d1-381df88a80f3,1.246,"Vector(1.000, 0.000)",41.57911959503946,"Vector(5.959, 6.779)",3.2289418819328413,1.2443903790087463,61.864,1.254,0.002
122,"[np.float64(66.85837353498297), np.float64(66.88184018520018)]","[np.float64(1.254), np.float64(1.2550000000000001)]","[UUID('e9e1f3a7-4874-403e-8a28-e87a3bf2683c'), UUID('e9e1f3a7-4874-403e-8a28-e87a3bf2683c')]","(np.float64(7.1399), np.float64(6.99998))",0,"Vector(0.985, 0.175)","Vector(1.181, 0.221)",echo,wall_obstacle_39,e9e1f3a7-4874-403e-8a28-e87a3bf2683c,1.246,"Vector(-0.983, -0.184)",48.251250524880874,"Vector(5.959, 6.779)",1.2016633177808167,1.2495819859831818,66.87,1.254,0.002
123,"[np.float64(60.13138762015251), np.float64(60.15740605101089)]","[np.float64(1.254), np.float64(1.2550000000000001)]","[UUID('aa16b4a8-e744-4773-b3f7-5183f17d4e99'), UUID('aa16b4a8-e744-4773-b3f7-5183f17d4e99')]","(np.float64(7.1401), np.float64(7.0))",24,"Vector(0.985, 0.175)","Vector(1.181, 0.221)",echo,wall_obstacle_39,aa16b4a8-e744-4773-b3f7-5183f17d4e99,1.246,"Vector(1.000, 0.000)",48.250434367648154,"Vector(5.959, 6.779)",1.2018635849795933,1.2503379008746356,60.144,1.254,0.002
124,"[np.float64(63.4723740503704), np.float64(63.5130996790628)]","[np.float64(1.254), np.float64(1.2550000000000001)]","[UUID('f0e9c906-8635-4aed-84d9-c1cac25c9777'), UUID('f0e9c906-8635-4aed-84d9-c1cac25c9777')]","(np.float64(6.6301), np.float64(7.0))",24,"Vector(0.985, 0.175)","Vector(0.671, 0.221)",echo,wall_obstacle_38,f0e9c906-8635-4aed-84d9-c1cac25c9777,1.246,"Vector(1.000, 0.000)",55.87491880264088,"Vector(5.959, 6.779)",0.706808797978633,1.2518247813411079,63.493,1.254,0.002
125,"[np.float64(68.94402369510988), np.float64(68.94165674753232)]","[np.float64(1.2550000000000001), np.float64(1.256)]","[UUID('b374b9b5-f84a-4c14-9ada-c58f5de2c8f1'), UUID('b374b9b5-f84a-4c14-9ada-c58f5de2c8f1')]","(np.int64(4), np.int64(10))",30,"Vector(0.985, 0.175)","Vector(-1.962, 3.220)",direct,,b374b9b5-f84a-4c14-9ada-c58f5de2c8f1,1.246,"Vector(0.000, -1.000)",159.00123445728184,"Vector(5.962, 6.780)",3.770899077514539,1.244,68.943,1.255,0.002
126,"[np.float64(67.0137509697995), np.float64(67.02174016959434)]","[np.float64(1.2550000000000001), np.float64(1.256)]","[UUID('2c8d3bbf-5a86-4047-8d0f-73ff39b4b67d'), UUID('2c8d3bbf-5a86-4047-8d0f-73ff39b4b67d')]","(np.float64(10.0), np.float64(6.6301))",24,"Vector(0.985, 0.175)","Vector(4.038, -0.149)",echo,wall_obstacle_25,2c8d3bbf-5a86-4047-8d0f-73ff39b4b67d,1.246,"Vector(0.000, 1.000)",35.535521349337785,"Vector(5.962, 6.780)",4.041083364495218,1.2430784256559766,67.018,1.255,0.002
127,"[np.float64(70.66070421305484), np.float64(70.73282461671333)]","[np.float64(1.2550000000000001), np.float64(1.256)]","[UUID('2d7f8c08-11de-4eb3-8b87-e6175a07258b'), UUID('2d7f8c08-11de-4eb3-8b87-e6175a07258b')]","(np.float64(6.1201), np.float64(7.0))",24,"Vector(0.985, 0.175)","Vector(0.158, 0.220)",echo,wall_obstacle_37,2d7f8c08-11de-4eb3-8b87-e6175a07258b,1.246,"Vector(1.000, 0.000)",91.95640616566095,"Vector(5.962, 6.780)",0.271492774857822,1.2533116618075801,70.697,1.255,0.002
128,"[np.float64(66.89924897983201), np.float64(66.96812381038127)]","[np.float64(1.256), np.float64(1.2570000000000001)]","[UUID('9e01b079-64a8-4849-a385-b17b620ec073'), UUID('9e01b079-64a8-4849-a385-b17b620ec073')]","(np.float64(6.11994), np.float64(7.00008))",30,"Vector(0.985, 0.175)","Vector(0.155, 0.220)",echo,wall_obstacle_37,9e01b079-64a8-4849-a385-b17b620ec073,1.246,"Vector(-0.577, 0.817)",92.43908312504635,"Vector(5.965, 6.780)",0.26933027624090095,1.254709540850551,66.934,1.256,0.002
129,[np.float64(60.32471889091432)],[np.float64(1.2570000000000001)],[UUID('e54d8f29-fb79-4eac-bb13-94c0bdaa83fb')],"(np.float64(7.6499), np.float64(6.99999))",0,"Vector(0.985, 0.175)","Vector(1.685, 0.220)",echo,wall_obstacle_40,e54d8f29-fb79-4eac-bb13-94c0bdaa83fb,1.246,"Vector(-0.991, -0.130)",45.09035558890653,"Vector(5.965, 6.780)",1.699562583549073,1.2510509637793366,60.325,1.257,0.001
130,[np.float64(99.95897653838166)],[np.float64(1.342)],[UUID('1e998ca8-05dc-4d35-8a11-7c9e4b10cf75')],"(np.float64(6.12004), np.float64(6.99991))",0,"Vector(0.998, -0.067)","Vector(-0.099, 0.206)",echo,wall_obstacle_37,1e998ca8-05dc-4d35-8a11-7c9e4b10cf75,1.34,"Vector(0.410, -0.912)",153.17893108771034,"Vector(6.219, 6.793)",0.22875617980723495,1.3406585390124246,99.959,1.342,0.001
131,"[np.float64(82.58219499891084), np.float64(82.63294964605932)]","[np.float64(1.343), np.float64(1.344)]","[UUID('450481d7-3864-4bf6-a33d-d1781dee9f0f'), UUID('450481d7-3864-4bf6-a33d-d1781dee9f0f')]","(np.float64(6.62991), np.float64(6.99996))",0,"Vector(0.998, -0.067)","Vector(0.405, 0.207)",echo,wall_obstacle_38,450481d7-3864-4bf6-a33d-d1781dee9f0f,1.34,"Vector(-0.897, -0.443)",64.6948194656648,"Vector(6.225, 6.793)",0.4550644314819606,1.341356833786554,82.608,1.343,0.002
132,"[np.float64(64.99809863223157), np.float64(65.00231856321602)]","[np.float64(1.344), np.float64(1.345)]","[UUID('0ebb8a9e-d7e3-4fef-b1a1-eaa47990bd7a'), UUID('0ebb8a9e-d7e3-4fef-b1a1-eaa47990bd7a')]","(np.int64(10), np.int64(3))",20,"Vector(0.998, -0.067)","Vector(3.772, -3.793)",direct,,0ebb8a9e-d7e3-4fef-b1a1-eaa47990bd7a,1.34,"Vector(-1.000, 0.000)",-7.500424189669872,"Vector(6.228, 6.793)",5.3494944948845395,1.328,65.0,1.344,0.002
133,"[np.float64(65.25189677001127), np.float64(65.25941538309394)]","[np.float64(1.344), np.float64(1.345)]","[UUID('8e0f55d5-7d1b-402f-a933-16cd82e1718e'), UUID('8e0f55d5-7d1b-402f-a933-16cd82e1718e')]","(np.float64(10.0), np.float64(3.0599))",20,"Vector(0.998, -0.067)","Vector(3.772, -3.733)",echo,wall_obstacle_18,8e0f55d5-7d1b-402f-a933-16cd82e1718e,1.34,"Vector(0.000, -1.000)",-7.044390956561642,"Vector(6.228, 6.793)",5.307192509868094,1.3281746355685131,65.256,1.344,0.002
134,"[np.float64(71.57017121362581), np.float64(71.56568596533758)]","[np.float64(1.345), np.float64(1.346)]","[UUID('dab8111a-e43a-4575-b4da-ff38fb95c87c'), UUID('dab8111a-e43a-4575-b4da-ff38fb95c87c')]","(np.int64(2), np.int64(0))",10,"Vector(0.998, -0.067)","Vector(-4.231, -6.793)",direct,,dab8111a-e43a-4575-b4da-ff38fb95c87c,1.34,"Vector(0.000, 1.000)",-84.26066143941974,"Vector(6.231, 6.793)",8.002388650103168,1.321,71.568,1.345,0.002
135,"[np.float64(69.83871993697127), np.float64(69.834114425309)]","[np.float64(1.345), np.float64(1.346)]","[UUID('6ebe558d-76bd-49bf-a988-a9214b3d66de'), UUID('6ebe558d-76bd-49bf-a988-a9214b3d66de')]","(np.float64(2.0399), np.float64(0.0))",10,"Vector(0.998, -0.067)","Vector(-4.191, -6.793)",echo,wall_obstacle_48,6ebe558d-76bd-49bf-a988-a9214b3d66de,1.34,"Vector(-1.000, 0.000)",-84.01753002590858,"Vector(6.231, 6.793)",7.981366839790037,1.3211163265306123,69.836,1.345,0.002
136,"[np.float64(63.112891670263366), np.float64(63.11607154253277)]","[np.float64(1.345), np.float64(1.346)]","[UUID('e41b9fe5-cb04-4c01-98f0-8015fe4a2aa3'), UUID('e41b9fe5-cb04-4c01-98f0-8015fe4a2aa3')]","(np.int64(10), np.int64(2))",19,"Vector(0.998, -0.067)","Vector(3.769, -4.793)",direct,,e41b9fe5-cb04-4c01-98f0-8015fe4a2aa3,1.34,"Vector(-1.000, 0.000)",-14.160514992884771,"Vector(6.231, 6.793)",6.097407982684118,1.327,63.114,1.345,0.002
137,"[np.float64(66.71869810187492), np.float64(66.72514166055915)]","[np.float64(1.345), np.float64(1.346)]","[UUID('d5a6833f-385a-43af-be54-56f68960fa67'), UUID('d5a6833f-385a-43af-be54-56f68960fa67')]","(np.float64(10.0), np.float64(2.0399))",19,"Vector(0.998, -0.067)","Vector(3.769, -4.753)",echo,wall_obstacle_16,d5a6833f-385a-43af-be54-56f68960fa67,1.34,"Vector(0.000, -1.000)",-13.927535403194128,"Vector(6.231, 6.793)",6.06609596472888,1.3271163265306123,66.722,1.345,0.002
138,"[np.float64(70.44956454406729), np.float64(70.47790053560286)]","[np.float64(1.346), np.float64(1.347)]","[UUID('9facee93-c984-43f5-8db5-30d98c407fdb'), UUID('9facee93-c984-43f5-8db5-30d98c407fdb')]","(np.float64(7.1399), np.float64(6.99998))",0,"Vector(0.998, -0.067)","Vector(0.906, 0.207)",echo,wall_obstacle_39,9facee93-c984-43f5-8db5-30d98c407fdb,1.34,"Vector(-0.976, -0.217)",50.549749616722295,"Vector(6.234, 6.792)",0.9297894630506414,1.3427693829255272,70.464,1.346,0.002
139,"[np.float64(62.67048019924618), np.float64(62.68982832988403)]","[np.float64(1.349), np.float64(1.35)]","[UUID('f5214289-253d-4246-911f-4eddc906445f'), UUID('f5214289-253d-4246-911f-4eddc906445f')]","(np.float64(7.6499), np.float64(6.99999))",0,"Vector(0.998, -0.067)","Vector(1.407, 0.208)",echo,wall_obstacle_40,f5214289-253d-4246-911f-4eddc906445f,1.34,"Vector(-0.990, -0.142)",46.06599070399051,"Vector(6.243, 6.792)",1.4226735707814355,1.3442331582298124,62.68,1.349,0.002
140,"[np.float64(73.18062617929237), np.float64(73.18307965373972)]","[np.float64(1.449), np.float64(1.45)]","[UUID('be4925e4-b0f9-49eb-bed6-7caee088ffb0'), UUID('be4925e4-b0f9-49eb-bed6-7caee088ffb0')]","(np.int64(9), np.int64(0))",17,"Vector(0.940, -0.342)","Vector(2.465, -6.730)",direct,,be4925e4-b0f9-49eb-bed6-7caee088ffb0,1.447,"Vector(0.000, 1.000)",-32.227271355790776,"Vector(6.535, 6.730)",7.1669512090218666,1.428,73.182,1.449,0.002
141,[np.float64(60.032835606350766)],[np.float64(1.449)],[UUID('462bcaf2-4b02-4ecd-aa5b-1d3895fe5f91')],"(np.float64(10.0), np.float64(2.5501))",20,"Vector(0.940, -0.342)","Vector(3.468, -4.181)",echo,wall_obstacle_17,462bcaf2-4b02-4ecd-aa5b-1d3895fe5f91,1.447,"Vector(0.000, 1.000)",-12.668541647621538,"Vector(6.532, 6.731)",5.4317593789305505,1.43131166180758,60.033,1.449,0.001
142,[np.float64(61.71698429550957)],[np.float64(1.449)],[UUID('63bb69f1-044c-407e-aa3a-34047511699c')],"(np.float64(9.69003), np.float64(7.0001))",25,"Vector(0.940, -0.342)","Vector(3.158, 0.269)",echo,wall_obstacle_44,63bb69f1-044c-407e-aa3a-34047511699c,1.447,"Vector(0.296, 0.955)",42.53067503401252,"Vector(6.532, 6.731)",3.1694509664135833,1.4380520220015292,61.717,1.449,0.001
143,"[np.float64(89.63869564713872), np.float64(89.63909884415831)]","[np.float64(1.449), np.float64(1.45)]","[UUID('882f5a46-a171-42f2-80e0-8423d394b923'), UUID('882f5a46-a171-42f2-80e0-8423d394b923')]","(np.float64(6.62996), np.float64(6.99991))",0,"Vector(0.940, -0.342)","Vector(0.095, 0.270)",echo,wall_obstacle_38,882f5a46-a171-42f2-80e0-8423d394b923,1.447,"Vector(-0.361, -0.932)",108.26962921296503,"Vector(6.535, 6.730)",0.2864911352904309,1.4478353523597418,89.639,1.449,0.002
144,"[np.float64(65.53556886860498), np.float64(65.54154583961657)]","[np.float64(1.45), np.float64(1.451)]","[UUID('af8495e9-5040-4af8-9d24-93ef378a286e'), UUID('af8495e9-5040-4af8-9d24-93ef378a286e')]","(np.float64(8.6701), np.float64(0.0))",17,"Vector(0.940, -0.342)","Vector(2.132, -6.729)",echo,wall_obstacle_61,af8495e9-5040-4af8-9d24-93ef378a286e,1.447,"Vector(1.000, 0.000)",-34.76123310888565,"Vector(6.538, 6.729)",7.058444168866111,1.4289618075801749,65.539,1.45,0.002
145,"[np.float64(74.45410902493879), np.float64(74.48350515061381)]","[np.float64(1.451), np.float64(1.452)]","[UUID('ff0e0e94-7aa9-489b-9343-bb2d7fe2ce00'), UUID('ff0e0e94-7aa9-489b-9343-bb2d7fe2ce00')]","(np.float64(7.13991), np.float64(6.99996))",0,"Vector(0.940, -0.342)","Vector(0.599, 0.272)",echo,wall_obstacle_39,ff0e0e94-7aa9-489b-9343-bb2d7fe2ce00,1.447,"Vector(-0.917, -0.399)",62.09099357125831,"Vector(6.541, 6.728)",0.6583770421270779,1.4489509219331536,74.469,1.451,0.002
146,"[np.float64(60.78510122300724), np.float64(60.784871102224145)]","[np.float64(1.451), np.float64(1.452)]","[UUID('e684517a-4e45-4c77-a490-eed394ef8122'), UUID('e684517a-4e45-4c77-a490-eed394ef8122')]","(np.float64(6.63003), np.float64(6.99991))",17,"Vector(0.940, -0.342)","Vector(0.090, 0.272)",echo,wall_obstacle_38,e684517a-4e45-4c77-a490-eed394ef8122,1.447,"Vector(0.321, -0.947)",109.45661268649582,"Vector(6.541, 6.728)",0.2866471114454147,1.449545859734049,60.785,1.451,0.002
147,"[np.float64(71.14594297520775), np.float64(71.14260933757222)]","[np.float64(1.453), np.float64(1.454)]","[UUID('9d0cc57e-1e35-4fde-97c2-8e2e2a4e0860'), UUID('9d0cc57e-1e35-4fde-97c2-8e2e2a4e0860')]","(np.int64(2), np.int64(0))",10,"Vector(0.940, -0.342)","Vector(-4.546, -6.726)",direct,,9d0cc57e-1e35-4fde-97c2-8e2e2a4e0860,1.447,"Vector(0.000, 1.000)",-86.40232206448276,"Vector(6.546, 6.726)",8.117904170049064,1.429,71.144,1.453,0.002
148,"[np.float64(69.40599943250028), np.float64(69.40263757925108)]","[np.float64(1.453), np.float64(1.454)]","[UUID('f8386180-22b9-4059-98f4-1f69a8af6149'), UUID('f8386180-22b9-4059-98f4-1f69a8af6149')]","(np.float64(2.0399), np.float64(0.0))",10,"Vector(0.940, -0.342)","Vector(-4.506, -6.726)",echo,wall_obstacle_48,f8386180-22b9-4059-98f4-1f69a8af6149,1.447,"Vector(-1.000, 0.000)",-86.16836859949132,"Vector(6.546, 6.726)",8.095627051322213,1.4291163265306124,69.404,1.453,0.002
149,"[np.float64(64.97551155098053), np.float64(64.99560464222678)]","[np.float64(1.454), np.float64(1.455)]","[UUID('d8d94ae5-7abd-4451-8bcf-3415c24f6ec2'), UUID('d8d94ae5-7abd-4451-8bcf-3415c24f6ec2')]","(np.float64(7.6499), np.float64(6.99998))",0,"Vector(0.940, -0.342)","Vector(1.101, 0.275)",echo,wall_obstacle_40,d8d94ae5-7abd-4451-8bcf-3415c24f6ec2,1.447,"Vector(-0.973, -0.231)",51.70240522299133,"Vector(6.549, 6.725)",1.1348702947033198,1.4503668630816153,64.986,1.454,0.002
150,"[np.float64(73.76921246437405), np.float64(73.76821613920002)]","[np.float64(1.455), np.float64(1.456)]","[UUID('e6bb53c8-433d-4dd5-a3f5-37096b16ed0a'), UUID('e6bb53c8-433d-4dd5-a3f5-37096b16ed0a')]","(np.int64(5), np.int64(0))",13,"Vector(0.940, -0.342)","Vector(-1.552, -6.723)",direct,,e6bb53c8-433d-4dd5-a3f5-37096b16ed0a,1.447,"Vector(0.000, 1.000)",-65.34184891119689,"Vector(6.552, 6.723)",6.90023445358924,1.434,73.769,1.455,0.002
151,"[np.float64(64.00033106739116), np.float64(63.99938297268352)]","[np.float64(1.455), np.float64(1.456)]","[UUID('73cbacf3-64a5-4941-9e31-a106f44f8122'), UUID('73cbacf3-64a5-4941-9e31-a106f44f8122')]","(np.float64(5.0999), np.float64(0.0))",13,"Vector(0.940, -0.342)","Vector(-1.452, -6.723)",echo,wall_obstacle_54,73cbacf3-64a5-4941-9e31-a106f44f8122,1.447,"Vector(-1.000, 0.000)",-64.53099638547735,"Vector(6.552, 6.723)",6.878456795132176,1.4342912536443149,64.0,1.455,0.002
152,"[np.float64(69.88620834784635), np.float64(69.88872277702409)]","[np.float64(1.455), np.float64(1.456)]","[UUID('1d910a3f-1a21-46b8-a17a-82706c777bdb'), UUID('1d910a3f-1a21-46b8-a17a-82706c777bdb')]","(np.int64(8), np.int64(10))",34,"Vector(0.940, -0.342)","Vector(1.448, 3.277)",direct,,1d910a3f-1a21-46b8-a17a-82706c777bdb,1.447,"Vector(0.000, -1.000)",103.80927372727513,"Vector(6.552, 6.723)",3.582303101986207,1.444,69.887,1.455,0.002
153,"[np.float64(74.27570936252836), np.float64(74.26833263379628)]","[np.float64(1.455), np.float64(1.456)]","[UUID('e1ece016-2a5c-4c6e-8b73-9a543457e130'), UUID('e1ece016-2a5c-4c6e-8b73-9a543457e130')]","(np.float64(6.63004), np.float64(7.00009))",34,"Vector(0.940, -0.342)","Vector(0.078, 0.277)",echo,wall_obstacle_38,e1ece016-2a5c-4c6e-8b73-9a543457e130,1.447,"Vector(0.415, 0.910)",111.85889040371671,"Vector(6.552, 6.723)",0.28746504935383016,1.4536149156581584,74.272,1.455,0.002
154,"[np.float64(67.08279256298584), np.float64(67.11190971474043)]","[np.float64(1.455), np.float64(1.456)]","[UUID('c7cda3b9-f89b-44e4-b36a-bba42b762139'), UUID('c7cda3b9-f89b-44e4-b36a-bba42b762139')]","(np.float64(7.14003), np.float64(7.0001))",34,"Vector(0.940, -0.342)","Vector(0.588, 0.277)",echo,wall_obstacle_39,c7cda3b9-f89b-44e4-b36a-bba42b762139,1.447,"Vector(0.276, 0.961)",62.83979603407158,"Vector(6.552, 6.723)",0.6500345544661452,1.4530983347722355,67.097,1.455,0.002
155,"[np.float64(61.538869193437336), np.float64(61.54236541605265)]","[np.float64(1.456), np.float64(1.457)]","[UUID('f9ab3411-40da-4370-8134-7f9ac9f6d648'), UUID('f9ab3411-40da-4370-8134-7f9ac9f6d648')]","(np.int64(10), np.int64(1))",18,"Vector(0.940, -0.342)","Vector(3.445, -5.722)",direct,,f9ab3411-40da-4370-8134-7f9ac9f6d648,1.447,"Vector(-1.000, 0.000)",-21.294038687240032,"Vector(6.555, 6.722)",6.679606744008213,1.436,61.541,1.456,0.002
156,"[np.float64(63.70716567891911), np.float64(63.709489623994486)]","[np.float64(1.456), np.float64(1.457)]","[UUID('02a69067-7341-47d0-86c2-676c533b0fcf'), UUID('02a69067-7341-47d0-86c2-676c533b0fcf')]","(np.float64(4.5901), np.float64(0.0))",13,"Vector(0.940, -0.342)","Vector(-1.965, -6.722)",echo,wall_obstacle_53,02a69067-7341-47d0-86c2-676c533b0fcf,1.447,"Vector(1.000, 0.000)",-68.63548339621958,"Vector(6.555, 6.722)",7.003615747783426,1.4351950437317784,63.708,1.456,0.002
157,"[np.float64(71.4526487646184), np.float64(71.45987148471727)]","[np.float64(1.456), np.float64(1.457)]","[UUID('fd3ae608-7ce4-4d87-a935-026033354e88'), UUID('fd3ae608-7ce4-4d87-a935-026033354e88')]","(np.float64(10.0), np.float64(1.0199))",18,"Vector(0.940, -0.342)","Vector(3.445, -5.703)",echo,wall_obstacle_14,fd3ae608-7ce4-4d87-a935-026033354e88,1.447,"Vector(0.000, -1.000)",-21.205766917074584,"Vector(6.555, 6.722)",6.662566228909097,1.4360580174927113,71.456,1.456,0.002
158,"[np.float64(61.5900285285961), np.float64(61.60998252017607)]","[np.float64(1.457), np.float64(1.458)]","[UUID('cce81ce3-bf3f-4274-9c67-db830a0f5a97'), UUID('cce81ce3-bf3f-4274-9c67-db830a0f5a97')]","(np.float64(7.65001), np.float64(7.0001))",34,"Vector(0.940, -0.342)","Vector(1.093, 0.279)",echo,wall_obstacle_40,cce81ce3-bf3f-4274-9c67-db830a0f5a97,1.447,"Vector(0.116, 0.993)",51.96363111372611,"Vector(6.557, 6.721)",1.1275609069136798,1.4528053853556482,61.6,1.457,0.002
159,[np.float64(73.50133065078126)],[np.float64(1.558)],[UUID('4da32e3e-7267-48a5-8ca7-48cb24abdad9')],"(np.int64(9), np.int64(0))",17,"Vector(0.804, -0.595)","Vector(2.180, -6.580)",direct,,4da32e3e-7267-48a5-8ca7-48cb24abdad9,1.556,"Vector(0.000, 1.000)",-34.01759488911998,"Vector(6.820, 6.580)",6.931117576610571,1.536,73.501,1.558,0.001
160,[np.float64(66.25103912021487)],[np.float64(1.558)],[UUID('8db7a273-ac61-4beb-aa29-87d2d8564537')],"(np.float64(8.6701), np.float64(0.0))",17,"Vector(0.804, -0.595)","Vector(1.850, -6.580)",echo,wall_obstacle_61,8db7a273-ac61-4beb-aa29-87d2d8564537,1.556,"Vector(1.000, 0.000)",-36.64385400435728,"Vector(6.820, 6.580)",6.834557599054967,1.536961807580175,66.251,1.558,0.001
161,[np.float64(61.159852198301465)],[np.float64(1.558)],[UUID('ed539817-9e55-4469-b26c-7f54d8d38f1b')],"(np.float64(10.0), np.float64(6.1201))",24,"Vector(0.804, -0.595)","Vector(3.180, -0.459)",echo,wall_obstacle_24,ed539817-9e55-4469-b26c-7f54d8d38f1b,1.556,"Vector(0.000, 1.000)",29.432566251784753,"Vector(6.820, 6.580)",3.212540142441803,1.5475653061224488,61.16,1.558,0.001
162,"[np.float64(73.7383966653266), np.float64(73.73882533194858)]","[np.float64(1.56), np.float64(1.561)]","[UUID('e90ad565-0d86-4f40-876d-b364d416bc9c'), UUID('e90ad565-0d86-4f40-876d-b364d416bc9c')]","(np.int64(5), np.int64(0))",13,"Vector(0.804, -0.595)","Vector(-1.828, -6.574)",direct,,e90ad565-0d86-4f40-876d-b364d416bc9c,1.556,"Vector(0.000, 1.000)",-67.88218053537103,"Vector(6.828, 6.574)",6.823486796836351,1.54,73.739,1.56,0.002
163,"[np.float64(76.23034114871551), np.float64(76.23057167494396)]","[np.float64(1.56), np.float64(1.561)]","[UUID('88940b1e-efa7-4ad0-bb30-381ea173da73'), UUID('88940b1e-efa7-4ad0-bb30-381ea173da73')]","(np.float64(7.13994), np.float64(6.99992))",0,"Vector(0.804, -0.595)","Vector(0.312, 0.426)",echo,wall_obstacle_39,88940b1e-efa7-4ad0-bb30-381ea173da73,1.556,"Vector(-0.614, -0.789)",91.40080813010036,"Vector(6.828, 6.574)",0.5279845317809984,1.5575396689732606,76.23,1.56,0.002
164,"[np.float64(72.99194122216682), np.float64(72.99144646411015)]","[np.float64(1.561), np.float64(1.562)]","[UUID('bcb1120d-963a-441f-8d99-c2fc609f0890'), UUID('bcb1120d-963a-441f-8d99-c2fc609f0890')]","(np.int64(4), np.int64(0))",12,"Vector(0.804, -0.595)","Vector(-2.830, -6.572)",direct,,bcb1120d-963a-441f-8d99-c2fc609f0890,1.556,"Vector(0.000, 1.000)",-75.64263663797786,"Vector(6.830, 6.572)",7.155801505352143,1.54,72.992,1.561,0.002
165,"[np.float64(63.981306695291146), np.float64(63.98190379339912)]","[np.float64(1.561), np.float64(1.562)]","[UUID('cf99e66e-3a21-4509-acf0-0bb6136d234f'), UUID('cf99e66e-3a21-4509-acf0-0bb6136d234f')]","(np.float64(5.0999), np.float64(0.0))",13,"Vector(0.804, -0.595)","Vector(-1.730, -6.572)",echo,wall_obstacle_54,cf99e66e-3a21-4509-acf0-0bb6136d234f,1.556,"Vector(-1.000, 0.000)",-67.09434588742583,"Vector(6.830, 6.572)",6.796291431214526,1.540291253644315,63.982,1.561,0.002
166,"[np.float64(61.96110081612286), np.float64(61.96562057189673)]","[np.float64(1.561), np.float64(1.562)]","[UUID('49bc3edf-3292-4dc9-839d-33783a4a7b04'), UUID('49bc3edf-3292-4dc9-839d-33783a4a7b04')]","(np.int64(10), np.int64(1))",18,"Vector(0.804, -0.595)","Vector(3.170, -5.572)",direct,,49bc3edf-3292-4dc9-839d-33783a4a7b04,1.556,"Vector(-1.000, 0.000)",-22.7117532556247,"Vector(6.830, 6.572)",6.410876319505782,1.542,61.963,1.561,0.002
167,"[np.float64(72.28176262709556), np.float64(72.29027212695885)]","[np.float64(1.561), np.float64(1.562)]","[UUID('871e481f-7c45-43c7-a476-ee7644f3332a'), UUID('871e481f-7c45-43c7-a476-ee7644f3332a')]","(np.float64(10.0), np.float64(1.0199))",18,"Vector(0.804, -0.595)","Vector(3.170, -5.552)",echo,wall_obstacle_14,871e481f-7c45-43c7-a476-ee7644f3332a,1.556,"Vector(0.000, -1.000)",-22.62357596654033,"Vector(6.830, 6.572)",6.393586729371863,1.5420580174927114,72.286,1.561,0.002
168,"[np.float64(69.99196410425273), np.float64(70.00021815630872)]","[np.float64(1.561), np.float64(1.562)]","[UUID('677259c4-2b40-4d18-9a42-47c1d4c1cbf9'), UUID('677259c4-2b40-4d18-9a42-47c1d4c1cbf9')]","(np.int64(10), np.int64(5))",22,"Vector(0.804, -0.595)","Vector(3.170, -1.572)",direct,,677259c4-2b40-4d18-9a42-47c1d4c1cbf9,1.556,"Vector(-1.000, 0.000)",11.271674054009909,"Vector(6.830, 6.572)",3.538425523308354,1.55,69.996,1.561,0.002
169,"[np.float64(67.05566679197229), np.float64(67.06793497213187)]","[np.float64(1.561), np.float64(1.562)]","[UUID('cc24374d-c316-4f98-aed0-aaf54acdc28e'), UUID('cc24374d-c316-4f98-aed0-aaf54acdc28e')]","(np.float64(10.0), np.float64(5.0999))",22,"Vector(0.804, -0.595)","Vector(3.170, -1.472)",echo,wall_obstacle_22,cc24374d-c316-4f98-aed0-aaf54acdc28e,1.556,"Vector(0.000, -1.000)",12.738906434968698,"Vector(6.830, 6.572)",3.4951792037032954,1.550291253644315,67.062,1.561,0.002
170,"[np.float64(72.0092458394427), np.float64(72.00793209279045)]","[np.float64(1.562), np.float64(1.563)]","[UUID('7566a4ed-3a03-495a-97bb-d664d91d06e6'), UUID('7566a4ed-3a03-495a-97bb-d664d91d06e6')]","(np.int64(3), np.int64(0))",11,"Vector(0.804, -0.595)","Vector(-3.833, -6.571)",direct,,7566a4ed-3a03-495a-97bb-d664d91d06e6,1.556,"Vector(0.000, 1.000)",-82.59993982219602,"Vector(6.833, 6.571)",7.606620558815853,1.539,72.009,1.562,0.002
171,"[np.float64(66.73952699584618), np.float64(66.73833553865245)]","[np.float64(1.562), np.float64(1.563)]","[UUID('82ba7ca1-7f55-4a08-badf-4fd478c25529'), UUID('82ba7ca1-7f55-4a08-badf-4fd478c25529')]","(np.float64(3.0599), np.float64(0.0))",11,"Vector(0.804, -0.595)","Vector(-3.773, -6.571)",echo,wall_obstacle_50,82ba7ca1-7f55-4a08-badf-4fd478c25529,1.556,"Vector(-1.000, 0.000)",-82.2086588020355,"Vector(6.833, 6.571)",7.576617137073774,1.539174635568513,66.739,1.562,0.002
172,"[np.float64(65.20424613052609), np.float64(65.20389585600978)]","[np.float64(1.562), np.float64(1.563)]","[UUID('72a7de8a-61ca-4c23-8e8b-62276a83b8a9'), UUID('72a7de8a-61ca-4c23-8e8b-62276a83b8a9')]","(np.float64(4.0799), np.float64(0.0))",12,"Vector(0.804, -0.595)","Vector(-2.753, -6.571)",echo,wall_obstacle_52,72a7de8a-61ca-4c23-8e8b-62276a83b8a9,1.556,"Vector(-1.000, 0.000)",-75.07589959892715,"Vector(6.833, 6.571)",7.123858648359048,1.540232944606414,65.204,1.562,0.002
173,"[np.float64(64.04639889506318), np.float64(64.0504102456679)]","[np.float64(1.562), np.float64(1.563)]","[UUID('1e2e3727-5453-476e-bd1f-f16b61f65069'), UUID('1e2e3727-5453-476e-bd1f-f16b61f65069')]","(np.float64(4.5901), np.float64(0.0))",13,"Vector(0.804, -0.595)","Vector(-2.242, -6.571)",echo,wall_obstacle_53,1e2e3727-5453-476e-bd1f-f16b61f65069,1.556,"Vector(1.000, 0.000)",-71.18941957920305,"Vector(6.833, 6.571)",6.942685534416779,1.5411950437317785,64.048,1.562,0.002
174,"[np.float64(66.177935587826), np.float64(66.19067107069394)]","[np.float64(1.562), np.float64(1.563)]","[UUID('9948e19a-5bff-4e4f-8524-6f4d29a1c622'), UUID('9948e19a-5bff-4e4f-8524-6f4d29a1c622')]","(np.float64(7.64991), np.float64(6.99996))",0,"Vector(0.804, -0.595)","Vector(0.817, 0.429)",echo,wall_obstacle_40,9948e19a-5bff-4e4f-8524-6f4d29a1c622,1.556,"Vector(-0.895, -0.447)",65.36858953660081,"Vector(6.833, 6.571)",0.9233015956338427,1.5587189544420754,66.184,1.562,0.002
175,"[np.float64(61.411266675475765), np.float64(61.41326931696718)]","[np.float64(1.562), np.float64(1.563)]","[UUID('33032ca2-e300-45fc-b4d1-49d20bb9661e'), UUID('33032ca2-e300-45fc-b4d1-49d20bb9661e')]","(np.float64(7.14008), np.float64(6.99994))",22,"Vector(0.804, -0.595)","Vector(0.308, 0.429)",echo,wall_obstacle_39,33032ca2-e300-45fc-b4d1-49d20bb9661e,1.556,"Vector(0.820, -0.573)",92.04118581176756,"Vector(6.833, 6.571)",0.5281530075650426,1.5601744268842093,61.412,1.562,0.002
176,"[np.float64(62.7448259294861), np.float64(62.7479334658405)]","[np.float64(1.563), np.float64(1.564)]","[UUID('1277a39b-4ac7-4608-a124-d4126e98f073'), UUID('1277a39b-4ac7-4608-a124-d4126e98f073')]","(np.float64(3.5701), np.float64(0.0))",12,"Vector(0.804, -0.595)","Vector(-3.265, -6.569)",echo,wall_obstacle_51,1277a39b-4ac7-4608-a124-d4126e98f073,1.556,"Vector(1.000, 0.000)",-78.77394071185708,"Vector(6.835, 6.569)",7.3353971204018675,1.5412533527696792,62.746,1.563,0.002
177,"[np.float64(66.03011272614268), np.float64(66.03803930898754)]","[np.float64(1.563), np.float64(1.564)]","[UUID('ccd68e15-62d4-4970-af06-4bba611da727'), UUID('ccd68e15-62d4-4970-af06-4bba611da727')]","(np.float64(10.0), np.float64(4.5901))",22,"Vector(0.804, -0.595)","Vector(3.165, -1.979)",echo,wall_obstacle_21,ccd68e15-62d4-4970-af06-4bba611da727,1.556,"Vector(0.000, 1.000)",5.642409871503048,"Vector(6.835, 6.569)",3.732663840476396,1.5511950437317785,66.034,1.563,0.002
178,"[np.float64(61.24471521572463), np.float64(61.247045948578965)]","[np.float64(1.564), np.float64(1.565)]","[UUID('f45e2ba7-9043-4f5a-b542-973032433b8a'), UUID('f45e2ba7-9043-4f5a-b542-973032433b8a')]","(np.float64(2.5501), np.float64(0.0))",11,"Vector(0.804, -0.595)","Vector(-4.287, -6.567)",echo,wall_obstacle_49,f45e2ba7-9043-4f5a-b542-973032433b8a,1.556,"Vector(1.000, 0.000)",-85.48392423014842,"Vector(6.837, 6.567)",7.8425678334713815,1.54031166180758,61.246,1.564,0.002
179,[np.float64(74.32439545407364)],[np.float64(1.569)],[UUID('14826e6d-5f1f-4999-9009-6d526312282d')],"(np.int64(7), np.int64(0))",15,"Vector(0.804, -0.595)","Vector(0.153, -6.560)",direct,,14826e6d-5f1f-4999-9009-6d526312282d,1.556,"Vector(0.000, 1.000)",-51.00927188259308,"Vector(6.847, 6.560)",6.5616142593877,1.549,74.324,1.569,0.001
180,[np.float64(61.5320975450044)],[np.float64(1.569)],[UUID('fb1390f2-f700-4b16-8c5c-dd43df298ab7')],"(np.float64(7.1399), np.float64(0.0))",15,"Vector(0.804, -0.595)","Vector(0.293, -6.560)",echo,wall_obstacle_58,fb1390f2-f700-4b16-8c5c-dd43df298ab7,1.556,"Vector(-1.000, 0.000)",-49.78879382379527,"Vector(6.847, 6.560)",6.566366262781874,1.5494078717201165,61.532,1.569,0.001
181,[np.float64(63.16197774530088)],[np.float64(1.6500000000000001)],[UUID('e11323b4-9dc7-4c89-b39f-fbfda387d960')],"(np.float64(9.69003), np.float64(7.0001))",25,"Vector(0.642, -0.767)","Vector(2.667, 0.607)",echo,wall_obstacle_44,e11323b4-9dc7-4c89-b39f-fbfda387d960,1.6480000000000001,"Vector(0.296, 0.955)",50.48043485427695,"Vector(7.023, 6.393)",2.7356263844501867,1.640052022001529,63.162,1.65,0.001
182,"[np.float64(70.72949990886157), np.float64(70.73748199633994)]","[np.float64(1.651), np.float64(1.6520000000000001)]","[UUID('b33545f8-eba1-4658-8fdf-28ed6bdcaec8'), UUID('b33545f8-eba1-4658-8fdf-28ed6bdcaec8')]","(np.int64(10), np.int64(5))",22,"Vector(0.642, -0.767)","Vector(2.974, -1.388)",direct,,b33545f8-eba1-4658-8fdf-28ed6bdcaec8,1.6480000000000001,"Vector(-1.000, 0.000)",12.628353632132132,"Vector(7.027, 6.388)",3.2815936705204685,1.641,70.733,1.651,0.002
183,"[np.float64(68.1535616025735), np.float64(68.1655074782555)]","[np.float64(1.651), np.float64(1.6520000000000001)]","[UUID('7ddb790a-d39c-471c-af53-5a28567dc454'), UUID('7ddb790a-d39c-471c-af53-5a28567dc454')]","(np.float64(10.0), np.float64(5.0999))",22,"Vector(0.642, -0.767)","Vector(2.974, -1.288)",echo,wall_obstacle_22,7ddb790a-d39c-471c-af53-5a28567dc454,1.6480000000000001,"Vector(0.000, -1.000)",14.229026894168443,"Vector(7.027, 6.388)",3.2405972709363318,1.641291253644315,68.16,1.651,0.002
184,"[np.float64(62.40823918750827), np.float64(62.413427268363506)]","[np.float64(1.653), np.float64(1.6540000000000001)]","[UUID('ae472430-bdf1-48c4-849d-8264a04a26e5'), UUID('ae472430-bdf1-48c4-849d-8264a04a26e5')]","(np.int64(10), np.int64(1))",18,"Vector(0.642, -0.767)","Vector(2.970, -5.384)",direct,,ae472430-bdf1-48c4-849d-8264a04a26e5,1.6480000000000001,"Vector(-1.000, 0.000)",-23.46389160443215,"Vector(7.030, 6.384)",6.148353016865573,1.635,62.411,1.653,0.002
185,"[np.float64(73.0983718584165), np.float64(73.10758144302146)]","[np.float64(1.653), np.float64(1.6540000000000001)]","[UUID('34a82213-7576-4a1b-9950-6345e80b7a1c'), UUID('34a82213-7576-4a1b-9950-6345e80b7a1c')]","(np.float64(10.0), np.float64(1.0199))",18,"Vector(0.642, -0.767)","Vector(2.970, -5.364)",echo,wall_obstacle_14,34a82213-7576-4a1b-9950-6345e80b7a1c,1.6480000000000001,"Vector(0.000, -1.000)",-23.374066639097123,"Vector(7.030, 6.384)",6.130935716022473,1.6350580174927114,73.103,1.653,0.002
186,"[np.float64(66.76005975780065), np.float64(66.76692419076937)]","[np.float64(1.653), np.float64(1.6540000000000001)]","[UUID('8f592e00-105f-4657-b421-a26c4c35ad81'), UUID('8f592e00-105f-4657-b421-a26c4c35ad81')]","(np.int64(10), np.int64(3))",20,"Vector(0.642, -0.767)","Vector(2.970, -3.384)",direct,,8f592e00-105f-4657-b421-a26c4c35ad81,1.6480000000000001,"Vector(-1.000, 0.000)",-11.073416313798617,"Vector(7.030, 6.384)",4.501973436172187,1.639,66.763,1.653,0.002
187,"[np.float64(68.1986447952303), np.float64(68.2095726033462)]","[np.float64(1.653), np.float64(1.6540000000000001)]","[UUID('8aa49b33-23de-4382-b8de-e226b6213a0c'), UUID('8aa49b33-23de-4382-b8de-e226b6213a0c')]","(np.float64(10.0), np.float64(3.0599))",20,"Vector(0.642, -0.767)","Vector(2.970, -3.324)",echo,wall_obstacle_18,8aa49b33-23de-4382-b8de-e226b6213a0c,1.6480000000000001,"Vector(0.000, -1.000)",-10.565486410421101,"Vector(7.030, 6.384)",4.45712857723445,1.639174635568513,68.204,1.653,0.002
188,"[np.float64(66.7430978624648), np.float64(66.75091981949984)]","[np.float64(1.653), np.float64(1.6540000000000001)]","[UUID('38712106-1f81-47f9-85b0-31c10c725d33'), UUID('38712106-1f81-47f9-85b0-31c10c725d33')]","(np.float64(10.0), np.float64(4.5901))",22,"Vector(0.642, -0.767)","Vector(2.970, -1.794)",echo,wall_obstacle_21,38712106-1f81-47f9-85b0-31c10c725d33,1.6480000000000001,"Vector(0.000, 1.000)",6.524739118381461,"Vector(7.030, 6.384)",3.4692354353661274,1.6421950437317785,66.747,1.653,0.002
189,"[np.float64(73.83154880339222), np.float64(73.83314454134712)]","[np.float64(1.6540000000000001), np.float64(1.655)]","[UUID('e8bf7146-cd00-4e37-8099-82ed8751c789'), UUID('e8bf7146-cd00-4e37-8099-82ed8751c789')]","(np.int64(5), np.int64(0))",13,"Vector(0.642, -0.767)","Vector(-2.032, -6.381)",direct,,e8bf7146-cd00-4e37-8099-82ed8751c789,1.6480000000000001,"Vector(0.000, 1.000)",-70.01059574431768,"Vector(7.032, 6.381)",6.697113232580139,1.6340000000000001,73.832,1.654,0.002
190,"[np.float64(64.09524865347652), np.float64(64.09713020098286)]","[np.float64(1.6540000000000001), np.float64(1.655)]","[UUID('1a7ad8a4-c80c-41d6-955b-3377d8020660'), UUID('1a7ad8a4-c80c-41d6-955b-3377d8020660')]","(np.float64(5.0999), np.float64(0.0))",13,"Vector(0.642, -0.767)","Vector(-1.932, -6.381)",echo,wall_obstacle_54,1a7ad8a4-c80c-41d6-955b-3377d8020660,1.6480000000000001,"Vector(-1.000, 0.000)",-69.1925752608612,"Vector(7.032, 6.381)",6.667477792388963,1.634291253644315,64.096,1.654,0.002
191,"[np.float64(65.29942625393463), np.float64(65.29658960239514)]","[np.float64(1.6540000000000001), np.float64(1.655)]","[UUID('dd3f9bc2-bd1d-464b-9e87-d2cfa55b27c6'), UUID('dd3f9bc2-bd1d-464b-9e87-d2cfa55b27c6')]","(np.float64(7.64993), np.float64(6.99993))",0,"Vector(0.642, -0.767)","Vector(0.618, 0.619)",echo,wall_obstacle_40,dd3f9bc2-bd1d-464b-9e87-d2cfa55b27c6,1.6480000000000001,"Vector(-0.723, -0.691)",82.69809377111312,"Vector(7.032, 6.381)",0.8741822241386518,1.6505438351657673,65.298,1.654,0.002
192,"[np.float64(73.87750235095005), np.float64(73.8817598173819)]","[np.float64(1.655), np.float64(1.6560000000000001)]","[UUID('91973365-9c97-4ac6-9c56-174eb1b2e78e'), UUID('91973365-9c97-4ac6-9c56-174eb1b2e78e')]","(np.int64(9), np.int64(0))",17,"Vector(0.642, -0.767)","Vector(1.966, -6.379)",direct,,91973365-9c97-4ac6-9c56-174eb1b2e78e,1.6480000000000001,"Vector(0.000, 1.000)",-35.21776383486062,"Vector(7.034, 6.379)",6.675053889879841,1.635,73.88,1.655,0.002
193,"[np.float64(61.198616754075694), np.float64(61.204877380359235)]","[np.float64(1.655), np.float64(1.6560000000000001)]","[UUID('41b61468-938e-4d46-b8ed-bbcdc2d7c624'), UUID('41b61468-938e-4d46-b8ed-bbcdc2d7c624')]","(np.float64(10.0), np.float64(2.5501))",20,"Vector(0.642, -0.767)","Vector(2.966, -3.829)",echo,wall_obstacle_17,41b61468-938e-4d46-b8ed-bbcdc2d7c624,1.6480000000000001,"Vector(0.000, 1.000)",-14.584682174382804,"Vector(7.034, 6.379)",4.843213462031175,1.6403116618075801,61.202,1.655,0.002
194,"[np.float64(64.48223699500794), np.float64(64.48745994015484)]","[np.float64(1.6560000000000001), np.float64(1.657)]","[UUID('47fbb27f-6e34-49a3-8fda-dc1caa58a097'), UUID('47fbb27f-6e34-49a3-8fda-dc1caa58a097')]","(np.float64(4.5901), np.float64(0.0))",13,"Vector(0.642, -0.767)","Vector(-2.446, -6.377)",echo,wall_obstacle_53,47fbb27f-6e34-49a3-8fda-dc1caa58a097,1.6480000000000001,"Vector(1.000, 0.000)",-73.33142445753653,"Vector(7.036, 6.377)",6.829749187078542,1.6351950437317786,64.485,1.656,0.002
195,"[np.float64(67.01215525134367), np.float64(67.02033377946074)]","[np.float64(1.6560000000000001), np.float64(1.657)]","[UUID('c42793ab-7a16-41de-95ca-58490e3e1d33'), UUID('c42793ab-7a16-41de-95ca-58490e3e1d33')]","(np.float64(8.6701), np.float64(0.0))",17,"Vector(0.642, -0.767)","Vector(1.634, -6.377)",echo,wall_obstacle_61,c42793ab-7a16-41de-95ca-58490e3e1d33,1.6480000000000001,"Vector(1.000, 0.000)",-37.97298301438491,"Vector(7.036, 6.377)",6.582743649755776,1.635961807580175,67.016,1.656,0.002
196,[np.float64(71.94196828675202)],[np.float64(1.657)],[UUID('d1f4d2bf-663d-4855-be77-9f0916dbc4a2')],"(np.int64(3), np.int64(0))",11,"Vector(0.642, -0.767)","Vector(-4.036, -6.377)",direct,,d1f4d2bf-663d-4855-be77-9f0916dbc4a2,1.6480000000000001,"Vector(0.000, 1.000)",-84.6769477129987,"Vector(7.036, 6.377)",7.546698693362549,1.6340000000000001,71.942,1.657,0.001
197,"[np.float64(66.6895799341582), np.float64(66.68969116681592)]","[np.float64(1.657), np.float64(1.6580000000000001)]","[UUID('4c4e6fa3-3adf-4baa-a39a-3cdca28e6995'), UUID('4c4e6fa3-3adf-4baa-a39a-3cdca28e6995')]","(np.float64(3.0599), np.float64(0.0))",11,"Vector(0.642, -0.767)","Vector(-3.978, -6.374)",echo,wall_obstacle_50,4c4e6fa3-3adf-4baa-a39a-3cdca28e6995,1.6480000000000001,"Vector(-1.000, 0.000)",-84.312751655754,"Vector(7.038, 6.374)",7.513898393696843,1.6341746355685132,66.69,1.657,0.002
198,"[np.float64(61.52895500145243), np.float64(61.532494719263546)]","[np.float64(1.659), np.float64(1.6600000000000001)]","[UUID('2c7eb1af-0474-42a2-910e-708fb4a0c6f5'), UUID('2c7eb1af-0474-42a2-910e-708fb4a0c6f5')]","(np.float64(2.5501), np.float64(0.0))",11,"Vector(0.642, -0.767)","Vector(-4.492, -6.370)",echo,wall_obstacle_49,2c7eb1af-0474-42a2-910e-708fb4a0c6f5,1.6480000000000001,"Vector(1.000, 0.000)",-87.53553717401154,"Vector(7.042, 6.370)",7.794261653934901,1.6353116618075803,61.531,1.659,0.002
199,"[np.float64(71.84658097039821), np.float64(71.84461728904779)]","[np.float64(1.748), np.float64(1.749)]","[UUID('2fbe50e6-95d2-407c-a9b1-67b8b2ad85fa'), UUID('2fbe50e6-95d2-407c-a9b1-67b8b2ad85fa')]","(np.int64(3), np.int64(0))",11,"Vector(0.814, -0.580)","Vector(-4.238, -6.190)",direct,,2fbe50e6-95d2-407c-a9b1-67b8b2ad85fa,1.746,"Vector(0.000, 1.000)",-86.74375727509312,"Vector(7.238, 6.190)",7.501650700052623,1.726,71.846,1.748,0.002
200,"[np.float64(66.6212347703343), np.float64(66.61961618649178)]","[np.float64(1.748), np.float64(1.749)]","[UUID('c140219d-27c9-43d8-94b0-9e4c45cc044e'), UUID('c140219d-27c9-43d8-94b0-9e4c45cc044e')]","(np.float64(3.0599), np.float64(0.0))",11,"Vector(0.814, -0.580)","Vector(-4.178, -6.190)",echo,wall_obstacle_50,c140219d-27c9-43d8-94b0-9e4c45cc044e,1.746,"Vector(-1.000, 0.000)",-86.36455371962388,"Vector(7.238, 6.190)",7.467974212301486,1.726174635568513,66.62,1.748,0.002
201,"[np.float64(70.4813767314911), np.float64(70.48353321680665)]","[np.float64(1.749), np.float64(1.75)]","[UUID('eead5fec-1534-43f0-bbe7-8ba25550259e'), UUID('eead5fec-1534-43f0-bbe7-8ba25550259e')]","(np.int64(10), np.int64(8))",25,"Vector(0.814, -0.580)","Vector(2.760, 1.812)",direct,,eead5fec-1534-43f0-bbe7-8ba25550259e,1.746,"Vector(-1.000, 0.000)",70.94303874744784,"Vector(7.240, 6.188)",3.3012350724539448,1.739,70.482,1.749,0.002
202,"[np.float64(65.20155919921586), np.float64(65.20918238094691)]","[np.float64(1.749), np.float64(1.75)]","[UUID('135e269a-6cdb-492e-b550-b31392346759'), UUID('135e269a-6cdb-492e-b550-b31392346759')]","(np.float64(9.18006), np.float64(7.00008))",25,"Vector(0.814, -0.580)","Vector(1.940, 0.812)",echo,wall_obstacle_43,135e269a-6cdb-492e-b550-b31392346759,1.746,"Vector(0.634, 0.773)",60.370098922202594,"Vector(7.240, 6.188)",2.102721394954643,1.7427700091738627,65.205,1.749,0.002
203,"[np.float64(65.47862284663906), np.float64(65.48673793137526)]","[np.float64(1.749), np.float64(1.75)]","[UUID('b0407df1-d58d-4055-96d7-f572c5ebf223'), UUID('b0407df1-d58d-4055-96d7-f572c5ebf223')]","(np.float64(8.67008), np.float64(7.00006))",25,"Vector(0.814, -0.580)","Vector(1.430, 0.812)",echo,wall_obstacle_42,b0407df1-d58d-4055-96d7-f572c5ebf223,1.746,"Vector(0.799, 0.601)",67.24881582886024,"Vector(7.240, 6.188)",1.6441257771837288,1.7438510239125216,65.483,1.749,0.002
204,"[np.float64(65.96826439448125), np.float64(65.97433700621387)]","[np.float64(1.749), np.float64(1.75)]","[UUID('b89c10b2-f5da-45e6-8976-93e89233213c'), UUID('b89c10b2-f5da-45e6-8976-93e89233213c')]","(np.float64(8.16009), np.float64(7.00005))",25,"Vector(0.814, -0.580)","Vector(0.920, 0.812)",echo,wall_obstacle_41,b89c10b2-f5da-45e6-8976-93e89233213c,1.746,"Vector(0.879, 0.478)",79.09549892806092,"Vector(7.240, 6.188)",1.2267921278684502,1.7451051879479933,65.971,1.749,0.002
205,"[np.float64(61.762111208556554), np.float64(61.763710059854844)]","[np.float64(1.75), np.float64(1.7510000000000001)]","[UUID('63bcdde5-b04e-4f9f-8b7e-84a537dcab9c'), UUID('63bcdde5-b04e-4f9f-8b7e-84a537dcab9c')]","(np.float64(2.5501), np.float64(0.0))",11,"Vector(0.814, -0.580)","Vector(-4.693, -6.186)",echo,wall_obstacle_49,63bcdde5-b04e-4f9f-8b7e-84a537dcab9c,1.746,"Vector(1.000, 0.000)",-89.52829203917038,"Vector(7.243, 6.186)",7.7648718069263705,1.7273116618075801,61.763,1.75,0.002
206,"[np.float64(71.59852618092604), np.float64(71.60814270564224)]","[np.float64(1.75), np.float64(1.7510000000000001)]","[UUID('4eaeb9eb-7dd6-4f75-917e-690512e00d59'), UUID('4eaeb9eb-7dd6-4f75-917e-690512e00d59')]","(np.int64(10), np.int64(5))",22,"Vector(0.814, -0.580)","Vector(2.757, -1.186)",direct,,4eaeb9eb-7dd6-4f75-917e-690512e00d59,1.746,"Vector(-1.000, 0.000)",14.372823343108111,"Vector(7.243, 6.186)",3.0015264023493113,1.741,71.603,1.75,0.002
207,"[np.float64(69.4147246462815), np.float64(69.42824123700572)]","[np.float64(1.75), np.float64(1.7510000000000001)]","[UUID('45ab2d67-b96b-464b-bf35-323ffbeefac8'), UUID('45ab2d67-b96b-464b-bf35-323ffbeefac8')]","(np.float64(10.0), np.float64(5.0999))",22,"Vector(0.814, -0.580)","Vector(2.757, -1.086)",echo,wall_obstacle_22,45ab2d67-b96b-464b-bf35-323ffbeefac8,1.746,"Vector(0.000, -1.000)",16.147305811771645,"Vector(7.243, 6.186)",2.9634618313722214,1.741291253644315,69.421,1.75,0.002
208,"[np.float64(63.67687914347534), np.float64(63.68313058542781)]","[np.float64(1.75), np.float64(1.7510000000000001)]","[UUID('a236a30f-b7f7-4995-a207-9c5bac03f1c8'), UUID('a236a30f-b7f7-4995-a207-9c5bac03f1c8')]","(np.float64(9.69003), np.float64(7.0001))",25,"Vector(0.814, -0.580)","Vector(2.447, 0.814)",echo,wall_obstacle_44,a236a30f-b7f7-4995-a207-9c5bac03f1c8,1.746,"Vector(0.296, 0.955)",56.04781571860545,"Vector(7.243, 6.186)",2.5788981969244156,1.7420520220015292,63.68,1.75,0.002
209,"[np.float64(66.63827092656071), np.float64(66.63425132716348)]","[np.float64(1.75), np.float64(1.7510000000000001)]","[UUID('8594d9f2-75e8-4937-9191-29f48b3ab835'), UUID('8594d9f2-75e8-4937-9191-29f48b3ab835')]","(np.float64(7.65009), np.float64(7.00004))",25,"Vector(0.814, -0.580)","Vector(0.407, 0.814)",echo,wall_obstacle_40,8594d9f2-75e8-4937-9191-29f48b3ab835,1.746,"Vector(0.920, 0.392)",101.06863877991339,"Vector(7.243, 6.186)",0.9098874251796207,1.7464455395967964,66.636,1.75,0.002
210,"[np.float64(67.57855376592434), np.float64(67.58759306572313)]","[np.float64(1.752), np.float64(1.7530000000000001)]","[UUID('f1a6b28d-1cdd-4e3a-aadf-56c5097e8efa'), UUID('f1a6b28d-1cdd-4e3a-aadf-56c5097e8efa')]","(np.float64(10.0), np.float64(4.5901))",22,"Vector(0.814, -0.580)","Vector(2.752, -1.593)",echo,wall_obstacle_21,f1a6b28d-1cdd-4e3a-aadf-56c5097e8efa,1.746,"Vector(0.000, 1.000)",7.5956470633509525,"Vector(7.248, 6.183)",3.1799014365228366,1.7421950437317786,67.583,1.752,0.002
211,"[np.float64(66.96039188339294), np.float64(66.95637567572136)]","[np.float64(1.752), np.float64(1.7530000000000001)]","[UUID('6f97bcea-b753-416f-8896-e684fb28895b'), UUID('6f97bcea-b753-416f-8896-e684fb28895b')]","(np.float64(7.64995), np.float64(6.99991))",0,"Vector(0.814, -0.580)","Vector(0.402, 0.817)",echo,wall_obstacle_40,6f97bcea-b753-416f-8896-e684fb28895b,1.746,"Vector(-0.462, -0.887)",101.4454177470111,"Vector(7.248, 6.183)",0.9106562562240486,1.7486457960554422,66.958,1.752,0.002
212,"[np.float64(72.97501280853749), np.float64(72.97383207907643)]","[np.float64(1.7530000000000001), np.float64(1.754)]","[UUID('8d25249a-7b0d-46b8-ae2e-d13f9318a9f0'), UUID('8d25249a-7b0d-46b8-ae2e-d13f9318a9f0')]","(np.int64(4), np.int64(0))",12,"Vector(0.814, -0.580)","Vector(-3.250, -6.181)",direct,,8d25249a-7b0d-46b8-ae2e-d13f9318a9f0,1.746,"Vector(0.000, 1.000)",-80.08200156754927,"Vector(7.250, 6.181)",6.983572992358567,1.732,72.974,1.753,0.002
213,"[np.float64(65.23875371229167), np.float64(65.2379512128021)]","[np.float64(1.7530000000000001), np.float64(1.754)]","[UUID('1598b909-69dd-47ae-9623-e787ad27fdb2'), UUID('1598b909-69dd-47ae-9623-e787ad27fdb2')]","(np.float64(4.0799), np.float64(0.0))",12,"Vector(0.814, -0.580)","Vector(-3.170, -6.181)",echo,wall_obstacle_52,1598b909-69dd-47ae-9623-e787ad27fdb2,1.746,"Vector(-1.000, 0.000)",-79.49870914421378,"Vector(7.250, 6.181)",6.946746993348757,1.732232944606414,65.238,1.753,0.002
214,"[np.float64(60.67907323021234), np.float64(60.68432736592518)]","[np.float64(1.754), np.float64(1.7550000000000001)]","[UUID('11cc140d-ea03-4905-ab6c-3b5f636d6212'), UUID('11cc140d-ea03-4905-ab6c-3b5f636d6212')]","(np.float64(8.15992), np.float64(6.99993))",0,"Vector(0.814, -0.580)","Vector(0.907, 0.821)",echo,wall_obstacle_41,11cc140d-ea03-4905-ab6c-3b5f636d6212,1.746,"Vector(-0.756, -0.655)",79.78023246199467,"Vector(7.253, 6.179)",1.223285117746472,1.7495841122954707,60.682,1.754,0.002
215,"[np.float64(63.42111868615777), np.float64(63.42343977199785)]","[np.float64(1.7550000000000001), np.float64(1.756)]","[UUID('453291f4-7868-4294-981e-6943434262e0'), UUID('453291f4-7868-4294-981e-6943434262e0')]","(np.float64(3.5701), np.float64(0.0))",12,"Vector(0.814, -0.580)","Vector(-3.685, -6.178)",echo,wall_obstacle_51,453291f4-7868-4294-981e-6943434262e0,1.746,"Vector(1.000, 0.000)",-83.1615870053936,"Vector(7.255, 6.178)",7.193230197623318,1.7332533527696792,63.422,1.755,0.002
216,[np.float64(74.27580571651747)],[np.float64(1.7590000000000001)],[UUID('eac77fe9-fe47-4d89-a2c2-be12ff1dfc3a')],"(np.int64(9), np.int64(0))",17,"Vector(0.814, -0.580)","Vector(1.738, -6.172)",direct,,eac77fe9-fe47-4d89-a2c2-be12ff1dfc3a,1.746,"Vector(0.000, 1.000)",-36.623059834905916,"Vector(7.262, 6.172)",6.412352868768218,1.74,74.276,1.759,0.001
217,[np.float64(68.41399790189219)],[np.float64(1.844)],[UUID('d71d7267-23c8-4cf6-9fb4-8c8d14250e5e')],"(np.float64(10.0), np.float64(4.5901))",22,"Vector(0.646, -0.763)","Vector(2.551, -1.409)",echo,wall_obstacle_21,d71d7267-23c8-4cf6-9fb4-8c8d14250e5e,1.842,"Vector(0.000, 1.000)",8.737190708303586,"Vector(7.449, 5.999)",2.9145856741053264,1.8341950437317784,68.414,1.844,0.001
218,"[np.float64(72.92327831463453), np.float64(72.92336904980998)]","[np.float64(1.846), np.float64(1.847)]","[UUID('0fd7713d-1255-4180-923a-ee2c1e587f0e'), UUID('0fd7713d-1255-4180-923a-ee2c1e587f0e')]","(np.int64(4), np.int64(0))",12,"Vector(0.646, -0.763)","Vector(-3.455, -5.993)",direct,,0fd7713d-1255-4180-923a-ee2c1e587f0e,1.842,"Vector(0.000, 1.000)",-82.30829823944977,"Vector(7.455, 5.993)",6.917034309716845,1.825,72.923,1.846,0.002
219,"[np.float64(65.22795991670826), np.float64(65.22855312548745)]","[np.float64(1.846), np.float64(1.847)]","[UUID('e72f38d5-c6fe-45eb-bd1b-2086ccbc8c8f'), UUID('e72f38d5-c6fe-45eb-bd1b-2086ccbc8c8f')]","(np.float64(4.0799), np.float64(0.0))",12,"Vector(0.646, -0.763)","Vector(-3.375, -5.993)",echo,wall_obstacle_52,e72f38d5-c6fe-45eb-bd1b-2086ccbc8c8f,1.842,"Vector(-1.000, 0.000)",-81.73161046112685,"Vector(7.455, 5.993)",6.877477573776594,1.825232944606414,65.228,1.846,0.002
220,"[np.float64(63.70378555244873), np.float64(63.70746968587238)]","[np.float64(1.848), np.float64(1.849)]","[UUID('49ebfe6f-b19b-44fe-aba7-2325c22e6f2b'), UUID('49ebfe6f-b19b-44fe-aba7-2325c22e6f2b')]","(np.float64(3.5701), np.float64(0.0))",12,"Vector(0.646, -0.763)","Vector(-3.888, -5.988)",echo,wall_obstacle_51,49ebfe6f-b19b-44fe-aba7-2325c22e6f2b,1.842,"Vector(1.000, 0.000)",-85.34388129798401,"Vector(7.459, 5.988)",7.139730847041784,1.8262533527696792,63.706,1.848,0.002
221,"[np.float64(70.519795453817), np.float64(70.51835202438984)]","[np.float64(1.853), np.float64(1.854)]","[UUID('483e32d8-f052-44d7-957c-1bd92c45ac17'), UUID('483e32d8-f052-44d7-957c-1bd92c45ac17')]","(np.int64(10), np.int64(8))",25,"Vector(0.646, -0.763)","Vector(2.532, 2.023)",direct,,483e32d8-f052-44d7-957c-1bd92c45ac17,1.842,"Vector(-1.000, 0.000)",76.28711525480952,"Vector(7.468, 5.977)",3.2410416497940906,1.843,70.519,1.853,0.002
222,"[np.float64(65.71854344662735), np.float64(65.72059276856194)]","[np.float64(1.853), np.float64(1.854)]","[UUID('a51e9432-050b-403b-8b07-1e3493067247'), UUID('a51e9432-050b-403b-8b07-1e3493067247')]","(np.float64(9.18006), np.float64(7.00008))",25,"Vector(0.646, -0.763)","Vector(1.712, 1.024)",echo,wall_obstacle_43,a51e9432-050b-403b-8b07-1e3493067247,1.842,"Vector(0.634, 0.773)",68.53034588437424,"Vector(7.468, 5.977)",1.9945085996555643,1.8467700091738626,65.72,1.853,0.002
223,"[np.float64(65.91871209016266), np.float64(65.91876593707865)]","[np.float64(1.853), np.float64(1.854)]","[UUID('96f8806e-57c4-4cf8-8a66-d4d2c4b5074f'), UUID('96f8806e-57c4-4cf8-8a66-d4d2c4b5074f')]","(np.float64(8.67008), np.float64(7.00006))",25,"Vector(0.646, -0.763)","Vector(1.202, 1.024)",echo,wall_obstacle_42,96f8806e-57c4-4cf8-8a66-d4d2c4b5074f,1.842,"Vector(0.799, 0.601)",78.07245226613009,"Vector(7.468, 5.977)",1.5786338040533656,1.8478510239125214,65.919,1.853,0.002
224,"[np.float64(65.96659991854702), np.float64(65.96061221877987)]","[np.float64(1.853), np.float64(1.854)]","[UUID('50320eab-4543-4e6a-8ae3-cd255cd2672e'), UUID('50320eab-4543-4e6a-8ae3-cd255cd2672e')]","(np.float64(8.16009), np.float64(7.00005))",25,"Vector(0.646, -0.763)","Vector(0.692, 1.024)",echo,wall_obstacle_41,50320eab-4543-4e6a-8ae3-cd255cd2672e,1.842,"Vector(0.879, 0.478)",93.59632607976636,"Vector(7.468, 5.977)",1.235423269369652,1.8491051879479932,65.964,1.853,0.002
225,"[np.float64(64.11684740786443), np.float64(64.11891483667739)]","[np.float64(1.854), np.float64(1.855)]","[UUID('72e82f2e-8e6e-44a5-af21-2f1944a6df83'), UUID('72e82f2e-8e6e-44a5-af21-2f1944a6df83')]","(np.float64(9.69003), np.float64(7.0001))",25,"Vector(0.646, -0.763)","Vector(2.220, 1.026)",echo,wall_obstacle_44,72e82f2e-8e6e-44a5-af21-2f1944a6df83,1.842,"Vector(0.296, 0.955)",62.4571120023644,"Vector(7.470, 5.974)",2.445451990307722,1.846052022001529,64.118,1.854,0.002
226,[np.float64(72.51852597893738)],[np.float64(1.855)],[UUID('b5b71e35-02b3-4b5b-9d03-0096add7c52c')],"(np.int64(10), np.int64(7))",24,"Vector(0.646, -0.763)","Vector(2.530, 1.026)",direct,,b5b71e35-02b3-4b5b-9d03-0096add7c52c,1.842,"Vector(-1.000, 0.000)",59.725057221801215,"Vector(7.470, 5.974)",2.729890855876843,1.847,72.519,1.855,0.001
227,"[np.float64(60.04211645897825), np.float64(60.047395380311315)]","[np.float64(1.952), np.float64(1.953)]","[UUID('d2dde93e-73d1-416d-aa82-b5462ef92d70'), UUID('d2dde93e-73d1-416d-aa82-b5462ef92d70')]","(np.float64(10.0), np.float64(1.5301))",19,"Vector(0.835, -0.551)","Vector(2.310, -4.251)",echo,wall_obstacle_15,d2dde93e-73d1-416d-aa82-b5462ef92d70,1.95,"Vector(0.000, 1.000)",-23.829812563197777,"Vector(7.690, 5.781)",4.837924718802474,1.937369970845481,60.045,1.952,0.002
228,[np.float64(63.96266151634693)],[np.float64(1.952)],[UUID('d8b524a6-98f1-42fd-93ac-a55d9a2ed2e8')],"(np.float64(10.0), np.float64(6.1201))",24,"Vector(0.835, -0.551)","Vector(2.312, 0.337)",echo,wall_obstacle_24,d8b524a6-98f1-42fd-93ac-a55d9a2ed2e8,1.95,"Vector(0.000, 1.000)",45.955212711161124,"Vector(7.688, 5.783)",2.3365980448720745,1.943565306122449,63.963,1.952,0.001
229,[np.float64(65.12170515652565)],[np.float64(1.952)],[UUID('8f4fce47-f3ab-4908-ae05-be75e7a70c80')],"(np.float64(8.1601), np.float64(7.0))",24,"Vector(0.835, -0.551)","Vector(0.472, 1.217)",echo,wall_obstacle_41,8f4fce47-f3ab-4908-ae05-be75e7a70c80,1.95,"Vector(1.000, 0.000)",106.45094518334385,"Vector(7.688, 5.783)",1.3056188575920618,1.946364139941691,65.122,1.952,0.001
230,"[np.float64(73.9377396528739), np.float64(73.93666414250808)]","[np.float64(1.955), np.float64(1.956)]","[UUID('9b92b1c1-0f25-4cb5-af12-2bc9000b4e01'), UUID('9b92b1c1-0f25-4cb5-af12-2bc9000b4e01')]","(np.int64(5), np.int64(0))",13,"Vector(0.835, -0.551)","Vector(-2.698, -5.776)",direct,,9b92b1c1-0f25-4cb5-af12-2bc9000b4e01,1.95,"Vector(0.000, 1.000)",-77.38137280576801,"Vector(7.698, 5.776)",6.375162457796663,1.936,73.937,1.955,0.002
231,"[np.float64(64.3440207579225), np.float64(64.34357563102057)]","[np.float64(1.955), np.float64(1.956)]","[UUID('fca39605-f2fb-444a-b6c4-ea4476fad796'), UUID('fca39605-f2fb-444a-b6c4-ea4476fad796')]","(np.float64(5.0999), np.float64(0.0))",13,"Vector(0.835, -0.551)","Vector(-2.598, -5.776)",echo,wall_obstacle_54,fca39605-f2fb-444a-b6c4-ea4476fad796,1.95,"Vector(-1.000, 0.000)",-76.56252049449985,"Vector(7.698, 5.776)",6.33353297530691,1.9362912536443149,64.344,1.955,0.002
232,"[np.float64(65.6414084256223), np.float64(65.64360929157831)]","[np.float64(1.957), np.float64(1.958)]","[UUID('8b0c61c9-45a1-41fd-b07b-51bf0a308edb'), UUID('8b0c61c9-45a1-41fd-b07b-51bf0a308edb')]","(np.float64(4.5901), np.float64(0.0))",13,"Vector(0.835, -0.551)","Vector(-3.113, -5.773)",echo,wall_obstacle_53,8b0c61c9-45a1-41fd-b07b-51bf0a308edb,1.95,"Vector(1.000, 0.000)",-80.67938989033088,"Vector(7.703, 5.773)",6.55861474438772,1.9371950437317784,65.643,1.957,0.002
233,"[np.float64(61.00435429370842), np.float64(61.00057455092924)]","[np.float64(1.958), np.float64(1.959)]","[UUID('235ebffc-bc53-44e0-ba12-fec1ab838b02'), UUID('235ebffc-bc53-44e0-ba12-fec1ab838b02')]","(np.float64(8.15996), np.float64(6.99991))",0,"Vector(0.835, -0.551)","Vector(0.455, 1.229)",echo,wall_obstacle_41,235ebffc-bc53-44e0-ba12-fec1ab838b02,1.95,"Vector(-0.366, -0.931)",107.35150337253441,"Vector(7.705, 5.771)",1.3100847653873393,1.953802416448639,61.002,1.958,0.002
234,"[np.float64(75.04210525264438), np.float64(75.04532045369609)]","[np.float64(1.959), np.float64(1.96)]","[UUID('d59cfdb6-d2f2-4a0e-b027-24a42ff991e3'), UUID('d59cfdb6-d2f2-4a0e-b027-24a42ff991e3')]","(np.int64(9), np.int64(0))",17,"Vector(0.835, -0.551)","Vector(1.292, -5.770)",direct,,d59cfdb6-d2f2-4a0e-b027-24a42ff991e3,1.95,"Vector(0.000, 1.000)",-39.72212737042065,"Vector(7.708, 5.770)",5.9124878079620595,1.941,75.044,1.959,0.002
235,"[np.float64(60.0593807714029), np.float64(60.063252012232546)]","[np.float64(1.959), np.float64(1.96)]","[UUID('92b4117c-126b-4314-b137-41bae39d3738'), UUID('92b4117c-126b-4314-b137-41bae39d3738')]","(np.float64(9.1799), np.float64(0.0))",17,"Vector(0.835, -0.551)","Vector(1.472, -5.770)",echo,wall_obstacle_62,92b4117c-126b-4314-b137-41bae39d3738,1.95,"Vector(-1.000, 0.000)",-38.032649457115355,"Vector(7.708, 5.770)",5.954391729244894,1.9415244897959185,60.061,1.959,0.002
236,"[np.float64(64.02597165190836), np.float64(64.03118018701717)]","[np.float64(1.959), np.float64(1.96)]","[UUID('2e9d265a-4a26-4dd6-94c8-c77833a86b3e'), UUID('2e9d265a-4a26-4dd6-94c8-c77833a86b3e')]","(np.int64(10), np.int64(1))",18,"Vector(0.835, -0.551)","Vector(2.292, -4.770)",direct,,2e9d265a-4a26-4dd6-94c8-c77833a86b3e,1.95,"Vector(-1.000, 0.000)",-26.67785223527477,"Vector(7.708, 5.770)",5.291749434667141,1.943,64.029,1.959,0.002
237,"[np.float64(75.92070510549578), np.float64(75.92962380758405)]","[np.float64(1.959), np.float64(1.96)]","[UUID('29a27260-a75d-4164-846a-8f8e7a3936ec'), UUID('29a27260-a75d-4164-846a-8f8e7a3936ec')]","(np.float64(10.0), np.float64(1.0199))",18,"Vector(0.835, -0.551)","Vector(2.292, -4.750)",echo,wall_obstacle_14,29a27260-a75d-4164-846a-8f8e7a3936ec,1.95,"Vector(0.000, -1.000)",-26.58420635773058,"Vector(7.708, 5.770)",5.273820171687692,1.9430580174927115,75.925,1.959,0.002
238,"[np.float64(69.3162680108207), np.float64(69.3229124229164)]","[np.float64(1.96), np.float64(1.961)]","[UUID('1488b2c4-99f1-4aaf-a5eb-7a3cc80563ca'), UUID('1488b2c4-99f1-4aaf-a5eb-7a3cc80563ca')]","(np.float64(8.6701), np.float64(0.0))",17,"Vector(0.835, -0.551)","Vector(0.960, -5.768)",echo,wall_obstacle_61,1488b2c4-99f1-4aaf-a5eb-7a3cc80563ca,1.95,"Vector(1.000, 0.000)",-42.89861338159244,"Vector(7.710, 5.768)",5.847218450237686,1.941961807580175,69.32,1.96,0.002
239,"[np.float64(70.49851621954751), np.float64(70.49931467946125)]","[np.float64(1.96), np.float64(1.961)]","[UUID('6d26939f-91f7-48f6-aa70-cd2c99ebb49f'), UUID('6d26939f-91f7-48f6-aa70-cd2c99ebb49f')]","(np.int64(10), np.int64(8))",25,"Vector(0.835, -0.551)","Vector(2.290, 2.232)",direct,,6d26939f-91f7-48f6-aa70-cd2c99ebb49f,1.95,"Vector(-1.000, 0.000)",81.92546241776898,"Vector(7.710, 5.768)",3.197583598719508,1.95,70.499,1.96,0.002
240,"[np.float64(66.06788154959962), np.float64(66.07199342449167)]","[np.float64(1.96), np.float64(1.961)]","[UUID('88032577-7985-4ccf-b0bc-63cca12aaf51'), UUID('88032577-7985-4ccf-b0bc-63cca12aaf51')]","(np.float64(9.18006), np.float64(7.00008))",25,"Vector(0.835, -0.551)","Vector(1.470, 1.232)",echo,wall_obstacle_43,88032577-7985-4ccf-b0bc-63cca12aaf51,1.95,"Vector(0.634, 0.773)",77.63054642905092,"Vector(7.710, 5.768)",1.9178575463261083,1.9537700091738626,66.07,1.96,0.002
241,"[np.float64(64.47450609822153), np.float64(64.47887357181303)]","[np.float64(1.96), np.float64(1.961)]","[UUID('0a4e5f1d-c0e2-4a1c-9e7a-a37b6b74ef0d'), UUID('0a4e5f1d-c0e2-4a1c-9e7a-a37b6b74ef0d')]","(np.float64(9.69003), np.float64(7.0001))",25,"Vector(0.835, -0.551)","Vector(1.980, 1.232)",echo,wall_obstacle_44,0a4e5f1d-c0e2-4a1c-9e7a-a37b6b74ef0d,1.95,"Vector(0.296, 0.955)",69.55361966755135,"Vector(7.710, 5.768)",2.331797948987004,1.953052022001529,64.477,1.96,0.002
242,"[np.float64(66.03130054150125), np.float64(66.03285172130984)]","[np.float64(1.96), np.float64(1.961)]","[UUID('495e3c60-6e40-46ed-8d77-d600a72cb4d2'), UUID('495e3c60-6e40-46ed-8d77-d600a72cb4d2')]","(np.float64(8.67008), np.float64(7.00006))",25,"Vector(0.835, -0.551)","Vector(0.960, 1.232)",echo,wall_obstacle_42,495e3c60-6e40-46ed-8d77-d600a72cb4d2,1.95,"Vector(0.799, 0.601)",89.73990508415557,"Vector(7.710, 5.768)",1.561791621696057,1.9548510239125214,66.032,1.96,0.002
243,"[np.float64(65.41635673644107), np.float64(65.4114789944314)]","[np.float64(1.96), np.float64(1.961)]","[UUID('eeb1bfef-7383-442a-905f-d0aadc671650'), UUID('eeb1bfef-7383-442a-905f-d0aadc671650')]","(np.float64(8.16009), np.float64(7.00005))",25,"Vector(0.835, -0.551)","Vector(0.450, 1.232)",echo,wall_obstacle_41,eeb1bfef-7383-442a-905f-d0aadc671650,1.95,"Vector(0.879, 0.478)",107.60316309888651,"Vector(7.710, 5.768)",1.3116338746006828,1.9561051879479932,65.414,1.96,0.002
244,"[np.float64(71.50465536038517), np.float64(71.5018873058379)]","[np.float64(1.961), np.float64(1.962)]","[UUID('e3fee317-0b5e-4e05-9d1d-328aa763bfa2'), UUID('e3fee317-0b5e-4e05-9d1d-328aa763bfa2')]","(np.int64(3), np.int64(0))",11,"Vector(0.835, -0.551)","Vector(-4.713, -5.766)",direct,,e3fee317-0b5e-4e05-9d1d-328aa763bfa2,1.95,"Vector(0.000, 1.000)",-91.60524049799712,"Vector(7.713, 5.766)",7.447221468930543,1.939,71.503,1.961,0.002
245,"[np.float64(66.3803292235287), np.float64(66.37813186215156)]","[np.float64(1.961), np.float64(1.962)]","[UUID('df7f0d09-7bc5-4a76-baff-01cfe37c8d89'), UUID('df7f0d09-7bc5-4a76-baff-01cfe37c8d89')]","(np.float64(3.0599), np.float64(0.0))",11,"Vector(0.835, -0.551)","Vector(-4.653, -5.766)",echo,wall_obstacle_50,df7f0d09-7bc5-4a76-baff-01cfe37c8d89,1.95,"Vector(-1.000, 0.000)",-91.24659411349106,"Vector(7.713, 5.766)",7.409459669456337,1.939174635568513,66.379,1.961,0.002
246,"[np.float64(60.85008012068185), np.float64(60.856257849030364)]","[np.float64(1.961), np.float64(1.962)]","[UUID('462d5166-5c7f-4329-b361-f00bccb4707a'), UUID('462d5166-5c7f-4329-b361-f00bccb4707a')]","(np.float64(8.1601), np.float64(0.0))",17,"Vector(0.835, -0.551)","Vector(0.447, -5.766)",echo,wall_obstacle_60,462d5166-5c7f-4329-b361-f00bccb4707a,1.95,"Vector(1.000, 0.000)",-47.910606436525796,"Vector(7.713, 5.766)",5.783586728086646,1.9434486880466473,60.853,1.961,0.002
247,"[np.float64(75.29504904751147), np.float64(75.29625833217945)]","[np.float64(1.962), np.float64(1.963)]","[UUID('fd7728f2-a689-41fa-8092-354b0cad4f3c'), UUID('fd7728f2-a689-41fa-8092-354b0cad4f3c')]","(np.int64(7), np.int64(0))",15,"Vector(0.835, -0.551)","Vector(-0.715, -5.765)",direct,,fd7728f2-a689-41fa-8092-354b0cad4f3c,1.95,"Vector(0.000, 1.000)",-59.419617229928235,"Vector(7.715, 5.765)",5.808839151568925,1.945,75.296,1.962,0.002
248,[np.float64(62.1823181151054)],[np.float64(1.963)],[UUID('f050da8c-482b-40fb-b9d1-51473cd9abd1')],"(np.float64(2.5501), np.float64(0.0))",11,"Vector(0.835, -0.551)","Vector(-5.165, -5.765)",echo,wall_obstacle_49,f050da8c-482b-40fb-b9d1-51473cd9abd1,1.95,"Vector(1.000, 0.000)",-94.20680566333262,"Vector(7.715, 5.765)",7.740217130210237,1.9403116618075802,62.182,1.963,0.001
249,[np.float64(62.682172911248664)],[np.float64(1.963)],[UUID('5c6f2a45-38fc-465a-ab86-5a92b0eac36e')],"(np.float64(7.1399), np.float64(0.0))",15,"Vector(0.835, -0.551)","Vector(-0.575, -5.765)",echo,wall_obstacle_58,5c6f2a45-38fc-465a-ab86-5a92b0eac36e,1.95,"Vector(-1.000, 0.000)",-58.04640011687633,"Vector(7.715, 5.765)",5.793273770054372,1.9454078717201166,62.682,1.963,0.001
250,"[np.float64(67.04362815837601), np.float64(67.04917914779466)]","[np.float64(2.051), np.float64(2.052)]","[UUID('f0b77df5-4aad-4442-ba5e-10e58c41530c'), UUID('f0b77df5-4aad-4442-ba5e-10e58c41530c')]","(np.int64(10), np.int64(2))",19,"Vector(0.948, -0.320)","Vector(2.045, -3.649)",direct,,f0b77df5-4aad-4442-ba5e-10e58c41530c,2.049,"Vector(-1.000, 0.000)",-23.082566268113368,"Vector(7.955, 5.649)",4.183011046232128,2.0380000000000003,67.046,2.051,0.002
251,"[np.float64(73.35672023011371), np.float64(73.36546121112451)]","[np.float64(2.051), np.float64(2.052)]","[UUID('ee0cbc1e-a622-48c7-8b88-260a4f37b16c'), UUID('ee0cbc1e-a622-48c7-8b88-260a4f37b16c')]","(np.float64(10.0), np.float64(2.0399))",19,"Vector(0.948, -0.320)","Vector(2.045, -3.609)",echo,wall_obstacle_16,ee0cbc1e-a622-48c7-8b88-260a4f37b16c,2.049,"Vector(0.000, -1.000)",-22.813177614249014,"Vector(7.955, 5.649)",4.148248698294258,2.0381163265306124,73.361,2.051,0.002
252,[np.float64(64.92503470327179)],[np.float64(2.051)],[UUID('5a646782-3236-4fe3-8b28-77f3b16b8068')],"(np.float64(10.0), np.float64(6.1201))",24,"Vector(0.948, -0.320)","Vector(2.048, 0.470)",echo,wall_obstacle_24,5a646782-3236-4fe3-8b28-77f3b16b8068,2.049,"Vector(0.000, 1.000)",50.580685191184386,"Vector(7.952, 5.650)",2.100806156812189,2.043565306122449,64.925,2.051,0.001
253,[np.float64(66.86844301558189)],[np.float64(2.051)],[UUID('d1d4c6d8-d999-4e98-9f57-e6418dc8c9fc')],"(np.float64(8.6701), np.float64(7.0))",24,"Vector(0.948, -0.320)","Vector(0.718, 1.350)",echo,wall_obstacle_42,d1d4c6d8-d999-4e98-9f57-e6418dc8c9fc,2.049,"Vector(1.000, 0.000)",99.6562717644589,"Vector(7.952, 5.650)",1.5287636359162917,2.0448772594752187,66.868,2.051,0.001
254,"[np.float64(64.81500008258499), np.float64(64.81246887973316)]","[np.float64(2.051), np.float64(2.052)]","[UUID('91f342ef-c1a0-4b48-ba7c-038eefb52c70'), UUID('91f342ef-c1a0-4b48-ba7c-038eefb52c70')]","(np.float64(8.1601), np.float64(7.0))",24,"Vector(0.948, -0.320)","Vector(0.205, 1.351)",echo,wall_obstacle_41,91f342ef-c1a0-4b48-ba7c-038eefb52c70,2.049,"Vector(1.000, 0.000)",119.03210862425664,"Vector(7.955, 5.649)",1.3662415485191484,2.0463641399416908,64.814,2.051,0.002
255,"[np.float64(60.596991194719664), np.float64(60.61016900062503)]","[np.float64(2.052), np.float64(2.053)]","[UUID('bcf8a556-cc7e-46db-a799-47aca73bbd10'), UUID('bcf8a556-cc7e-46db-a799-47aca73bbd10')]","(np.float64(10.0), np.float64(5.6101))",24,"Vector(0.948, -0.320)","Vector(2.042, -0.038)",echo,wall_obstacle_23,bcf8a556-cc7e-46db-a799-47aca73bbd10,2.049,"Vector(0.000, 1.000)",36.5844387621089,"Vector(7.958, 5.648)",2.042246173138782,2.0450521865889213,60.604,2.052,0.002
256,"[np.float64(60.53435431373453), np.float64(60.538659886051455)]","[np.float64(2.053), np.float64(2.054)]","[UUID('f86b4cfb-79c0-4654-a2bc-d87a59a72850'), UUID('f86b4cfb-79c0-4654-a2bc-d87a59a72850')]","(np.float64(10.0), np.float64(1.5301))",19,"Vector(0.948, -0.320)","Vector(2.039, -4.117)",echo,wall_obstacle_15,f86b4cfb-79c0-4654-a2bc-d87a59a72850,2.049,"Vector(0.000, 1.000)",-25.99837144054885,"Vector(7.961, 5.647)",4.594441865439153,2.039369970845481,60.537,2.053,0.002
257,"[np.float64(64.48002618222088), np.float64(64.48420911644706)]","[np.float64(2.055), np.float64(2.056)]","[UUID('0fe7f1b7-3800-4278-91fe-a23fe08c21d6'), UUID('0fe7f1b7-3800-4278-91fe-a23fe08c21d6')]","(np.int64(10), np.int64(1))",18,"Vector(0.948, -0.320)","Vector(2.033, -4.645)",direct,,0fe7f1b7-3800-4278-91fe-a23fe08c21d6,2.049,"Vector(-1.000, 0.000)",-28.705482673686106,"Vector(7.967, 5.645)",5.070893716742642,2.04,64.482,2.055,0.002
258,"[np.float64(76.7051667714023), np.float64(76.71248880429303)]","[np.float64(2.055), np.float64(2.056)]","[UUID('d072d700-ed7e-4c72-9784-b59eaae91ca6'), UUID('d072d700-ed7e-4c72-9784-b59eaae91ca6')]","(np.float64(10.0), np.float64(1.0199))",18,"Vector(0.948, -0.320)","Vector(2.033, -4.625)",echo,wall_obstacle_14,d072d700-ed7e-4c72-9784-b59eaae91ca6,2.049,"Vector(0.000, -1.000)",-28.61499553373116,"Vector(7.967, 5.645)",5.0526699643356885,2.0400580174927114,76.709,2.055,0.002
259,"[np.float64(63.13217033897925), np.float64(63.1296674666665)]","[np.float64(2.057), np.float64(2.058)]","[UUID('d8a2831e-d921-42e2-ab86-415f46884ecd'), UUID('d8a2831e-d921-42e2-ab86-415f46884ecd')]","(np.float64(8.15998), np.float64(6.9999))",0,"Vector(0.948, -0.320)","Vector(0.188, 1.356)",echo,wall_obstacle_41,d8a2831e-d921-42e2-ab86-415f46884ecd,2.049,"Vector(-0.156, -0.988)",119.77750463978566,"Vector(7.972, 5.643)",1.3693807945564302,2.052978375047909,63.131,2.057,0.002
260,[np.float64(75.31963910472577)],[np.float64(2.1590000000000003)],[UUID('cb0aaa82-0f50-4045-b110-565fc5456a06')],"(np.int64(7), np.int64(0))",15,"Vector(0.821, -0.571)","Vector(-1.242, -5.508)",direct,,cb0aaa82-0f50-4045-b110-565fc5456a06,2.156,"Vector(0.000, 1.000)",-65.05232809308048,"Vector(8.242, 5.508)",5.646041578309533,2.141,75.32,2.159,0.001
261,[np.float64(62.85390410089751)],[np.float64(2.1590000000000003)],[UUID('136fcb45-fe51-46b6-8221-0bcfd5536141')],"(np.float64(7.1399), np.float64(0.0))",15,"Vector(0.821, -0.571)","Vector(-1.102, -5.508)",echo,wall_obstacle_58,136fcb45-fe51-46b6-8221-0bcfd5536141,2.156,"Vector(-1.000, 0.000)",-63.660084440868104,"Vector(8.242, 5.508)",5.61692694433531,2.1414078717201166,62.854,2.159,0.001
262,"[np.float64(68.8362274283368), np.float64(68.84002050259127)]","[np.float64(2.1590000000000003), np.float64(2.16)]","[UUID('c3f9c3d9-74d2-43a1-8f02-a26b86f084eb'), UUID('c3f9c3d9-74d2-43a1-8f02-a26b86f084eb')]","(np.float64(6.6301), np.float64(0.0))",15,"Vector(0.821, -0.571)","Vector(-1.614, -5.506)",echo,wall_obstacle_57,c3f9c3d9-74d2-43a1-8f02-a26b86f084eb,2.156,"Vector(1.000, 0.000)",-68.68570852959867,"Vector(8.244, 5.506)",5.737811997695637,2.142078425655977,68.838,2.159,0.002
263,"[np.float64(73.4949268180624), np.float64(73.49334645837594)]","[np.float64(2.161), np.float64(2.162)]","[UUID('83ee17a2-8391-406c-9289-f9e5095a18ff'), UUID('83ee17a2-8391-406c-9289-f9e5095a18ff')]","(np.int64(5), np.int64(0))",13,"Vector(0.821, -0.571)","Vector(-3.249, -5.503)",direct,,83ee17a2-8391-406c-9289-f9e5095a18ff,2.156,"Vector(0.000, 1.000)",-82.90729830143277,"Vector(8.249, 5.503)",6.390374590499371,2.142,73.494,2.161,0.002
264,"[np.float64(64.0402468883413), np.float64(64.03946535002387)]","[np.float64(2.161), np.float64(2.162)]","[UUID('7e9e2eae-d89d-4d55-8f86-5662f7ce5a52'), UUID('7e9e2eae-d89d-4d55-8f86-5662f7ce5a52')]","(np.float64(5.0999), np.float64(0.0))",13,"Vector(0.821, -0.571)","Vector(-3.149, -5.503)",echo,wall_obstacle_54,7e9e2eae-d89d-4d55-8f86-5662f7ce5a52,2.156,"Vector(-1.000, 0.000)",-82.1298973465641,"Vector(8.249, 5.503)",6.340162243736354,2.1422912536443146,64.04,2.161,0.002
265,"[np.float64(60.39788557710374), np.float64(60.4010396284329)]","[np.float64(2.161), np.float64(2.162)]","[UUID('a653ad6f-0da4-45ee-9ac0-ba602b44f6ff'), UUID('a653ad6f-0da4-45ee-9ac0-ba602b44f6ff')]","(np.float64(6.1201), np.float64(0.0))",15,"Vector(0.821, -0.571)","Vector(-2.129, -5.503)",echo,wall_obstacle_56,a653ad6f-0da4-45ee-9ac0-ba602b44f6ff,2.156,"Vector(1.000, 0.000)",-73.49903011412931,"Vector(8.249, 5.503)",5.900205891060073,2.143565306122449,60.399,2.161,0.002
266,"[np.float64(65.81531254490697), np.float64(65.81685332273022)]","[np.float64(2.1630000000000003), np.float64(2.164)]","[UUID('fb007d16-c744-4705-8164-d9c172c41e7d'), UUID('fb007d16-c744-4705-8164-d9c172c41e7d')]","(np.float64(4.5901), np.float64(0.0))",13,"Vector(0.821, -0.571)","Vector(-3.664, -5.499)",echo,wall_obstacle_53,fb007d16-c744-4705-8164-d9c172c41e7d,2.156,"Vector(1.000, 0.000)",-86.02096542102058,"Vector(8.254, 5.499)",6.608107595862828,2.143195043731778,65.816,2.163,0.002
267,"[np.float64(65.00663517405623), np.float64(65.01218711686306)]","[np.float64(2.1630000000000003), np.float64(2.164)]","[UUID('12e67a0f-c32a-4934-89cd-f135cb831332'), UUID('12e67a0f-c32a-4934-89cd-f135cb831332')]","(np.int64(10), np.int64(1))",18,"Vector(0.821, -0.571)","Vector(1.746, -4.499)",direct,,12e67a0f-c32a-4934-89cd-f135cb831332,2.156,"Vector(-1.000, 0.000)",-31.13826005583312,"Vector(8.254, 5.499)",4.826037549843556,2.148,65.009,2.163,0.002
268,"[np.float64(77.59418280849366), np.float64(77.60326636648736)]","[np.float64(2.1630000000000003), np.float64(2.164)]","[UUID('e7bb36e8-106e-4c12-803d-589b063207cf'), UUID('e7bb36e8-106e-4c12-803d-589b063207cf')]","(np.float64(10.0), np.float64(1.0199))",18,"Vector(0.821, -0.571)","Vector(1.746, -4.479)",echo,wall_obstacle_14,e7bb36e8-106e-4c12-803d-589b063207cf,2.156,"Vector(0.000, -1.000)",-31.052466188622503,"Vector(8.254, 5.499)",4.807490601602877,2.1480580174927115,77.599,2.163,0.002
269,"[np.float64(74.56618411158185), np.float64(74.56567569011402)]","[np.float64(2.164), np.float64(2.165)]","[UUID('a5a0fbaf-3124-458d-9277-131592dc72b6'), UUID('a5a0fbaf-3124-458d-9277-131592dc72b6')]","(np.int64(6), np.int64(0))",14,"Vector(0.821, -0.571)","Vector(-2.257, -5.497)",direct,,a5a0fbaf-3124-458d-9277-131592dc72b6,2.156,"Vector(0.000, 1.000)",-74.66323065440118,"Vector(8.257, 5.497)",5.942651838396726,2.146,74.566,2.164,0.002
270,"[np.float64(63.49951572480516), np.float64(63.49985306107406)]","[np.float64(2.164), np.float64(2.165)]","[UUID('5fd0738d-71be-49ab-abe9-ef0eb594a8d8'), UUID('5fd0738d-71be-49ab-abe9-ef0eb594a8d8')]","(np.float64(6.1199), np.float64(0.0))",14,"Vector(0.821, -0.571)","Vector(-2.137, -5.497)",echo,wall_obstacle_56,5fd0738d-71be-49ab-abe9-ef0eb594a8d8,2.156,"Vector(-1.000, 0.000)",-73.58568533184804,"Vector(8.257, 5.497)",5.898163698847294,2.1463495626822158,63.5,2.164,0.002
271,"[np.float64(67.47244622090253), np.float64(67.47499336907035)]","[np.float64(2.165), np.float64(2.166)]","[UUID('2143d9cc-4c14-41b3-b04a-51d9833337b5'), UUID('2143d9cc-4c14-41b3-b04a-51d9833337b5')]","(np.float64(5.6101), np.float64(0.0))",14,"Vector(0.821, -0.571)","Vector(-2.649, -5.496)",echo,wall_obstacle_55,2143d9cc-4c14-41b3-b04a-51d9833337b5,2.156,"Vector(1.000, 0.000)",-78.08012312113524,"Vector(8.259, 5.496)",6.100911460241003,2.1471367346938774,67.474,2.165,0.002
272,"[np.float64(70.75514995348469), np.float64(70.75204756413196)]","[np.float64(2.166), np.float64(2.1670000000000003)]","[UUID('5c5e769e-5468-4b2d-a2fd-d1a2e4483f63'), UUID('5c5e769e-5468-4b2d-a2fd-d1a2e4483f63')]","(np.int64(3), np.int64(0))",11,"Vector(0.821, -0.571)","Vector(-5.262, -5.494)",direct,,5c5e769e-5468-4b2d-a2fd-d1a2e4483f63,2.156,"Vector(0.000, 1.000)",-96.10723677616734,"Vector(8.262, 5.494)",7.607190651377156,2.1430000000000002,70.754,2.166,0.002
273,"[np.float64(65.75668683297403), np.float64(65.75432245989421)]","[np.float64(2.166), np.float64(2.1670000000000003)]","[UUID('fb673cfb-24c7-4e17-9df7-5929a0582895'), UUID('fb673cfb-24c7-4e17-9df7-5929a0582895')]","(np.float64(3.0599), np.float64(0.0))",11,"Vector(0.821, -0.571)","Vector(-5.202, -5.494)",echo,wall_obstacle_50,fb673cfb-24c7-4e17-9df7-5929a0582895,2.156,"Vector(-1.000, 0.000)",-95.77962248996278,"Vector(8.262, 5.494)",7.565883817268145,2.1431746355685135,65.756,2.166,0.002
274,"[np.float64(62.077056224909605), np.float64(62.07721974718091)]","[np.float64(2.168), np.float64(2.169)]","[UUID('7f1190a4-3718-47ba-ada5-f45890ebe839'), UUID('7f1190a4-3718-47ba-ada5-f45890ebe839')]","(np.float64(2.5501), np.float64(0.0))",11,"Vector(0.821, -0.571)","Vector(-5.716, -5.491)",echo,wall_obstacle_49,7f1190a4-3718-47ba-ada5-f45890ebe839,2.156,"Vector(1.000, 0.000)",-98.49950432738076,"Vector(8.267, 5.491)",7.926209992928525,2.1443116618075804,62.077,2.168,0.002
275,"[np.float64(70.76894749984659), np.float64(70.76752145418173)]","[np.float64(2.168), np.float64(2.169)]","[UUID('ae525c3e-2c0d-48f7-be8e-5f0144f49efd'), UUID('ae525c3e-2c0d-48f7-be8e-5f0144f49efd')]","(np.int64(10), np.int64(8))",25,"Vector(0.821, -0.571)","Vector(1.733, 2.509)",direct,,ae525c3e-2c0d-48f7-be8e-5f0144f49efd,2.156,"Vector(-1.000, 0.000)",93.01738105043842,"Vector(8.267, 5.491)",3.049875431226659,2.1590000000000003,70.768,2.168,0.002
276,"[np.float64(66.81782766038276), np.float64(66.81598134234751)]","[np.float64(2.168), np.float64(2.169)]","[UUID('e5ab1dbe-72aa-4786-b981-846e0e7ffdae'), UUID('e5ab1dbe-72aa-4786-b981-846e0e7ffdae')]","(np.float64(9.18006), np.float64(7.00008))",25,"Vector(0.821, -0.571)","Vector(0.914, 1.509)",echo,wall_obstacle_43,e5ab1dbe-72aa-4786-b981-846e0e7ffdae,2.156,"Vector(0.634, 0.773)",96.47111908159712,"Vector(8.267, 5.491)",1.764342389673841,2.162770009173863,66.817,2.168,0.002
277,[np.float64(65.4429968560197)],[np.float64(2.169)],[UUID('c12bc5bd-7747-4857-acf9-67e4c267dc26')],"(np.float64(9.69003), np.float64(7.0001))",25,"Vector(0.821, -0.571)","Vector(1.424, 1.509)",echo,wall_obstacle_44,c12bc5bd-7747-4857-acf9-67e4c267dc26,2.156,"Vector(0.296, 0.955)",84.33270929125007,"Vector(8.267, 5.491)",2.07479874534857,2.1620520220015296,65.443,2.169,0.001
278,[np.float64(66.01342538297739)],[np.float64(2.169)],[UUID('ef0f0e39-5a45-40e9-859c-798247b41173')],"(np.float64(8.67008), np.float64(7.00006))",25,"Vector(0.821, -0.571)","Vector(0.404, 1.509)",echo,wall_obstacle_42,ef0f0e39-5a45-40e9-859c-798247b41173,2.156,"Vector(0.799, 0.601)",112.68578922190085,"Vector(8.267, 5.491)",1.562417688583946,2.163851023912522,66.013,2.169,0.001
279,"[np.float64(75.86173789534334), np.float64(75.86470987256668)]","[np.float64(2.265), np.float64(2.266)]","[UUID('3a613f1f-4b62-44e0-a60c-6706365ef9aa'), UUID('3a613f1f-4b62-44e0-a60c-6706365ef9aa')]","(np.int64(9), np.int64(0))",17,"Vector(0.821, -0.571)","Vector(0.495, -5.325)",direct,,3a613f1f-4b62-44e0-a60c-6706365ef9aa,2.259,"Vector(0.000, 1.000)",-47.035931644431685,"Vector(8.505, 5.325)",5.347735498666703,2.249,75.863,2.265,0.002
280,"[np.float64(71.07321663182763), np.float64(71.0792226232488)]","[np.float64(2.266), np.float64(2.267)]","[UUID('d0210fe6-2d18-4293-b092-daf68f1b1028'), UUID('d0210fe6-2d18-4293-b092-daf68f1b1028')]","(np.float64(8.6701), np.float64(0.0))",17,"Vector(0.821, -0.571)","Vector(0.163, -5.323)",echo,wall_obstacle_61,d0210fe6-2d18-4293-b092-daf68f1b1028,2.259,"Vector(1.000, 0.000)",-50.596920434920804,"Vector(8.508, 5.323)",5.3255597768122,2.249961807580175,71.076,2.266,0.002
281,"[np.float64(61.12854568952582), np.float64(61.13248586705795)]","[np.float64(2.266), np.float64(2.267)]","[UUID('90630ecf-d0d9-4b05-a82e-101f5d92baca'), UUID('90630ecf-d0d9-4b05-a82e-101f5d92baca')]","(np.float64(9.1799), np.float64(0.0))",17,"Vector(0.821, -0.571)","Vector(0.672, -5.323)",echo,wall_obstacle_62,90630ecf-d0d9-4b05-a82e-101f5d92baca,2.259,"Vector(-1.000, 0.000)",-45.14718065292206,"Vector(8.508, 5.323)",5.3653674595874605,2.2495244897959186,61.131,2.266,0.002
282,"[np.float64(70.57742352531469), np.float64(70.57497453177139)]","[np.float64(2.267), np.float64(2.2680000000000002)]","[UUID('307e13d1-e45f-411d-9dcd-dc2009ef6ec4'), UUID('307e13d1-e45f-411d-9dcd-dc2009ef6ec4')]","(np.int64(10), np.int64(8))",25,"Vector(0.821, -0.571)","Vector(1.490, 2.679)",direct,,307e13d1-e45f-411d-9dcd-dc2009ef6ec4,2.259,"Vector(-1.000, 0.000)",98.57031254297169,"Vector(8.510, 5.321)",3.065123142795408,2.258,70.576,2.267,0.002
283,[np.float64(62.43441497377004)],[np.float64(2.2680000000000002)],[UUID('d3e9355b-45a9-4839-a7c9-3c44e82d6eb0')],"(np.float64(8.1601), np.float64(0.0))",17,"Vector(0.821, -0.571)","Vector(-0.350, -5.321)",echo,wall_obstacle_60,d3e9355b-45a9-4839-a7c9-3c44e82d6eb0,2.259,"Vector(1.000, 0.000)",-56.10811057156175,"Vector(8.510, 5.321)",5.332865147226207,2.2514486880466476,62.434,2.268,0.001
284,"[np.float64(60.90379304269015), np.float64(60.90556043367932)]","[np.float64(2.2680000000000002), np.float64(2.269)]","[UUID('cd4242f7-006e-4391-beba-354b2de38413'), UUID('cd4242f7-006e-4391-beba-354b2de38413')]","(np.float64(10.0), np.float64(6.6301))",25,"Vector(0.821, -0.571)","Vector(1.487, 1.310)",echo,wall_obstacle_25,cd4242f7-006e-4391-beba-354b2de38413,2.259,"Vector(0.000, 1.000)",79.03393262726912,"Vector(8.513, 5.320)",1.982384862734782,2.26199387755102,60.905,2.268,0.002
285,"[np.float64(66.48728196016387), np.float64(66.48255343759415)]","[np.float64(2.2680000000000002), np.float64(2.269)]","[UUID('e36f821e-3b43-48ad-b498-91c19fc833a7'), UUID('e36f821e-3b43-48ad-b498-91c19fc833a7')]","(np.float64(9.18006), np.float64(7.00008))",25,"Vector(0.821, -0.571)","Vector(0.668, 1.680)",echo,wall_obstacle_43,e36f821e-3b43-48ad-b498-91c19fc833a7,2.259,"Vector(0.634, 0.773)",105.9892804633451,"Vector(8.513, 5.320)",1.8081540387920494,2.261770009173863,66.485,2.268,0.002
286,"[np.float64(65.40320779854568), np.float64(65.40166579294898)]","[np.float64(2.2680000000000002), np.float64(2.269)]","[UUID('866e45f3-57a6-4b46-8056-6afee615e261'), UUID('866e45f3-57a6-4b46-8056-6afee615e261')]","(np.float64(9.69003), np.float64(7.0001))",25,"Vector(0.821, -0.571)","Vector(1.178, 1.680)",echo,wall_obstacle_44,866e45f3-57a6-4b46-8056-6afee615e261,2.259,"Vector(0.296, 0.955)",92.63501284089295,"Vector(8.513, 5.320)",2.05192796991025,2.2610520220015293,65.402,2.268,0.002
287,"[np.float64(65.20896556757812), np.float64(65.19970964489667)]","[np.float64(2.2680000000000002), np.float64(2.269)]","[UUID('4b367c9f-e294-46ba-b050-011ebed0850f'), UUID('4b367c9f-e294-46ba-b050-011ebed0850f')]","(np.float64(8.67008), np.float64(7.00006))",25,"Vector(0.821, -0.571)","Vector(0.158, 1.680)",echo,wall_obstacle_42,4b367c9f-e294-46ba-b050-011ebed0850f,2.259,"Vector(0.799, 0.601)",122.29794365889599,"Vector(8.513, 5.320)",1.6877705156803753,2.2628510239125217,65.204,2.268,0.002
288,"[np.float64(60.214768107679866), np.float64(60.23132692103759)]","[np.float64(2.2680000000000002), np.float64(2.269)]","[UUID('617c9f22-b2db-49fd-9ece-372eb427b699'), UUID('617c9f22-b2db-49fd-9ece-372eb427b699')]","(np.float64(9.9999), np.float64(5.10002))",0,"Vector(0.821, -0.571)","Vector(1.487, -0.220)",echo,wall_obstacle_22,617c9f22-b2db-49fd-9ece-372eb427b699,2.259,"Vector(-0.988, 0.155)",29.254422478696824,"Vector(8.513, 5.320)",1.5035095589985452,2.26346181252181,60.223,2.268,0.002
289,"[np.float64(60.56000090724356), np.float64(60.57640385110102)]","[np.float64(2.269), np.float64(2.27)]","[UUID('9913529e-6023-4f2e-9417-b7ff7215807b'), UUID('9913529e-6023-4f2e-9417-b7ff7215807b')]","(np.float64(9.99991), np.float64(4.59004))",0,"Vector(0.821, -0.571)","Vector(1.485, -0.728)",echo,wall_obstacle_21,9913529e-6023-4f2e-9417-b7ff7215807b,2.259,"Vector(-0.897, 0.443)",11.540518959809418,"Vector(8.515, 5.318)",1.653744258644607,2.263916410233521,60.568,2.269,0.002
290,"[np.float64(75.9500000685428), np.float64(75.96543012389125)]","[np.float64(2.305), np.float64(2.306)]","[UUID('748b14bf-2921-4641-83d5-8ee30c804c4d'), UUID('748b14bf-2921-4641-83d5-8ee30c804c4d')]","(np.int64(10), np.int64(4))",21,"Vector(0.821, -0.571)","Vector(1.396, -1.256)",direct,,748b14bf-2921-4641-83d5-8ee30c804c4d,2.301,"Vector(-1.000, 0.000)",-4.323070572195917,"Vector(8.604, 5.256)",1.8784611690689803,2.299,75.958,2.305,0.002
291,"[np.float64(77.6204596880876), np.float64(77.63970994258813)]","[np.float64(2.305), np.float64(2.306)]","[UUID('249cd743-f35f-4beb-83b0-a85358da2dcb'), UUID('249cd743-f35f-4beb-83b0-a85358da2dcb')]","(np.float64(10.0), np.float64(4.0799))",21,"Vector(0.821, -0.571)","Vector(1.396, -1.176)",echo,wall_obstacle_20,249cd743-f35f-4beb-83b0-a85358da2dcb,2.301,"Vector(0.000, -1.000)",-2.458947493287752,"Vector(8.604, 5.256)",1.8259871992158105,2.299232944606414,77.63,2.305,0.002
292,"[np.float64(61.601316807145736), np.float64(61.622974057854634)]","[np.float64(2.306), np.float64(2.307)]","[UUID('90702d23-5090-4a4b-9e8f-7e5950813bb5'), UUID('90702d23-5090-4a4b-9e8f-7e5950813bb5')]","(np.float64(10.0), np.float64(4.5899))",21,"Vector(0.821, -0.571)","Vector(1.394, -0.665)",echo,wall_obstacle_21,90702d23-5090-4a4b-9e8f-7e5950813bb5,2.301,"Vector(0.000, -1.000)",12.158677741476652,"Vector(8.606, 5.255)",1.5443990573682698,2.3007198250728864,61.612,2.306,0.002
293,"[np.float64(70.01858898551616), np.float64(70.03085665030976)]","[np.float64(2.307), np.float64(2.308)]","[UUID('41eacddd-47dc-49a0-b366-2255afce146c'), UUID('41eacddd-47dc-49a0-b366-2255afce146c')]","(np.float64(10.0), np.float64(3.5701))",21,"Vector(0.821, -0.571)","Vector(1.392, -1.683)",echo,wall_obstacle_19,41eacddd-47dc-49a0-b366-2255afce146c,2.301,"Vector(0.000, 1.000)",-12.758634845695696,"Vector(8.608, 5.253)",2.183674657200564,2.3002533527696793,70.025,2.307,0.002
294,"[np.float64(72.23172737867282), np.float64(72.24223282113091)]","[np.float64(2.31), np.float64(2.311)]","[UUID('41103bb0-b67e-44e5-a99c-35509edbe981'), UUID('41103bb0-b67e-44e5-a99c-35509edbe981')]","(np.int64(10), np.int64(3))",20,"Vector(0.821, -0.571)","Vector(1.384, -2.248)",direct,,41103bb0-b67e-44e5-a99c-35509edbe981,2.301,"Vector(-1.000, 0.000)",-20.721815772053134,"Vector(8.616, 5.248)",2.639826428233493,2.302,72.237,2.31,0.002
295,"[np.float64(60.72571756614417), np.float64(60.73564755316977)]","[np.float64(2.31), np.float64(2.311)]","[UUID('8352ca2e-7da8-4d64-9dd1-27a8f728d26f'), UUID('8352ca2e-7da8-4d64-9dd1-27a8f728d26f')]","(np.float64(10.0), np.float64(3.0601))",21,"Vector(0.821, -0.571)","Vector(1.384, -2.188)",echo,wall_obstacle_18,8352ca2e-7da8-4d64-9dd1-27a8f728d26f,2.301,"Vector(0.000, 1.000)",-20.024365687177692,"Vector(8.616, 5.248)",2.588842446577234,2.3017402332361514,60.731,2.31,0.002
296,"[np.float64(76.15037430866592), np.float64(76.16447911366612)]","[np.float64(2.31), np.float64(2.311)]","[UUID('cfc0ccd0-30b8-42c0-a418-a7d959ba3ed6'), UUID('cfc0ccd0-30b8-42c0-a418-a7d959ba3ed6')]","(np.float64(10.0), np.float64(3.0599))",20,"Vector(0.821, -0.571)","Vector(1.384, -2.188)",echo,wall_obstacle_18,cfc0ccd0-30b8-42c0-a418-a7d959ba3ed6,2.301,"Vector(0.000, -1.000)",-20.026732148055345,"Vector(8.616, 5.248)",2.5890114617745517,2.3021746355685133,76.157,2.31,0.002
297,"[np.float64(61.48086673231825), np.float64(61.498375385129954)]","[np.float64(2.31), np.float64(2.311)]","[UUID('b48ae2be-02e5-4cb0-b266-6b56c4e41a52'), UUID('b48ae2be-02e5-4cb0-b266-6b56c4e41a52')]","(np.float64(9.9999), np.float64(5.10001))",0,"Vector(0.821, -0.571)","Vector(1.384, -0.148)",echo,wall_obstacle_22,b48ae2be-02e5-4cb0-b266-6b56c4e41a52,2.301,"Vector(-0.993, 0.116)",31.55794044067119,"Vector(8.616, 5.248)",1.3919323950896467,2.305134934043312,61.49,2.31,0.002
298,"[np.float64(61.9732216165033), np.float64(61.99089861062572)]","[np.float64(2.311), np.float64(2.312)]","[UUID('7ff3f34c-0b8f-42a0-8e5b-8b50ec23673c'), UUID('7ff3f34c-0b8f-42a0-8e5b-8b50ec23673c')]","(np.float64(9.99991), np.float64(4.59004))",0,"Vector(0.821, -0.571)","Vector(1.382, -0.656)",echo,wall_obstacle_21,7ff3f34c-0b8f-42a0-8e5b-8b50ec23673c,2.301,"Vector(-0.902, 0.432)",12.252724217564122,"Vector(8.618, 5.246)",1.529477126406276,2.305553933227285,61.982,2.311,0.002
299,"[np.float64(60.850353844825364), np.float64(60.86536315028743)]","[np.float64(2.312), np.float64(2.313)]","[UUID('32746c30-8f17-44e4-8416-565db6f9d9ba'), UUID('32746c30-8f17-44e4-8416-565db6f9d9ba')]","(np.float64(9.99992), np.float64(4.08006))",0,"Vector(0.821, -0.571)","Vector(1.379, -1.164)",echo,wall_obstacle_20,32746c30-8f17-44e4-8416-565db6f9d9ba,2.301,"Vector(-0.765, 0.644)",-2.5183018793279643,"Vector(8.621, 5.244)",1.8049422470539052,2.3063665859192573,60.858,2.312,0.002
300,"[np.float64(65.73585719993244), np.float64(65.74399975902442)]","[np.float64(2.313), np.float64(2.314)]","[UUID('bbdd3fac-961b-4603-8430-46f0ad8e2d1d'), UUID('bbdd3fac-961b-4603-8430-46f0ad8e2d1d')]","(np.float64(10.0), np.float64(2.5501))",20,"Vector(0.821, -0.571)","Vector(1.377, -2.693)",echo,wall_obstacle_17,bbdd3fac-961b-4603-8430-46f0ad8e2d1d,2.301,"Vector(0.000, 1.000)",-25.263992069957453,"Vector(8.623, 5.243)",3.0241811752109036,2.30331166180758,65.74,2.313,0.002
301,"[np.float64(73.15023465434969), np.float64(73.1480670363485)]","[np.float64(2.345), np.float64(2.346)]","[UUID('51581b99-1ab4-40fe-b696-1e67ab5a7b7d'), UUID('51581b99-1ab4-40fe-b696-1e67ab5a7b7d')]","(np.int64(5), np.int64(0))",13,"Vector(0.821, -0.571)","Vector(-3.702, -5.188)",direct,,51581b99-1ab4-40fe-b696-1e67ab5a7b7d,2.342,"Vector(0.000, 1.000)",-87.85559051464453,"Vector(8.702, 5.188)",6.3733507673515035,2.326,73.149,2.345,0.002
302,"[np.float64(63.855138066706644), np.float64(63.853902013695844)]","[np.float64(2.345), np.float64(2.346)]","[UUID('cc864140-b007-4354-bd73-4b39d8100963'), UUID('cc864140-b007-4354-bd73-4b39d8100963')]","(np.float64(5.0999), np.float64(0.0))",13,"Vector(0.821, -0.571)","Vector(-3.602, -5.188)",echo,wall_obstacle_54,cc864140-b007-4354-bd73-4b39d8100963,2.342,"Vector(-1.000, 0.000)",-87.11785654777084,"Vector(8.702, 5.188)",6.315847718374787,2.3262912536443148,63.855,2.345,0.002
303,"[np.float64(75.40486443206991), np.float64(75.40500363107668)]","[np.float64(2.346), np.float64(2.347)]","[UUID('cfa29af7-ca50-4362-8913-95740d9ac64c'), UUID('cfa29af7-ca50-4362-8913-95740d9ac64c')]","(np.int64(7), np.int64(0))",15,"Vector(0.821, -0.571)","Vector(-1.704, -5.186)",direct,,cfa29af7-ca50-4362-8913-95740d9ac64c,2.342,"Vector(0.000, 1.000)",-70.53787243282616,"Vector(8.704, 5.186)",5.459164734499225,2.33,75.405,2.346,0.002
304,"[np.float64(79.60194852210034), np.float64(79.62114619332904)]","[np.float64(2.346), np.float64(2.347)]","[UUID('bb5ad52e-3ed2-4bf6-aed2-c7a35d282559'), UUID('bb5ad52e-3ed2-4bf6-aed2-c7a35d282559')]","(np.int64(10), np.int64(5))",22,"Vector(0.821, -0.571)","Vector(1.296, -0.186)",direct,,bb5ad52e-3ed2-4bf6-aed2-c7a35d282559,2.342,"Vector(-1.000, 0.000)",29.472674511639866,"Vector(8.704, 5.186)",1.3089230681747497,2.342,79.612,2.346,0.002
305,"[np.float64(66.03093153306548), np.float64(66.03173243069423)]","[np.float64(2.347), np.float64(2.348)]","[UUID('8c922a0e-5ea9-4749-8394-01560dedebaf'), UUID('8c922a0e-5ea9-4749-8394-01560dedebaf')]","(np.float64(4.5901), np.float64(0.0))",13,"Vector(0.821, -0.571)","Vector(-4.117, -5.185)",echo,wall_obstacle_53,8c922a0e-5ea9-4749-8394-01560dedebaf,2.342,"Vector(1.000, 0.000)",-90.79647897596918,"Vector(8.707, 5.185)",6.620232547463873,2.3271950437317783,66.031,2.347,0.002
306,"[np.float64(63.119615155620146), np.float64(63.12078589204757)]","[np.float64(2.347), np.float64(2.348)]","[UUID('d10503c7-a33c-4530-a17c-6d2d12d2b525'), UUID('d10503c7-a33c-4530-a17c-6d2d12d2b525')]","(np.float64(7.1399), np.float64(0.0))",15,"Vector(0.821, -0.571)","Vector(-1.567, -5.185)",echo,wall_obstacle_58,d10503c7-a33c-4530-a17c-6d2d12d2b525,2.342,"Vector(-1.000, 0.000)",-69.1621403362705,"Vector(8.707, 5.185)",5.416191441086624,2.3304078717201167,63.12,2.347,0.002
307,"[np.float64(79.49906711660546), np.float64(79.5209072181455)]","[np.float64(2.347), np.float64(2.348)]","[UUID('265d5a0a-a1d8-41d9-8de0-585742bb95b2'), UUID('265d5a0a-a1d8-41d9-8de0-585742bb95b2')]","(np.float64(10.0), np.float64(5.0999))",22,"Vector(0.821, -0.571)","Vector(1.293, -0.085)",echo,wall_obstacle_22,265d5a0a-a1d8-41d9-8de0-585742bb95b2,2.342,"Vector(0.000, -1.000)",33.90836188657491,"Vector(8.707, 5.185)",1.2959089738480862,2.342291253644315,79.51,2.347,0.002
308,"[np.float64(69.47572982742551), np.float64(69.4786857801374)]","[np.float64(2.348), np.float64(2.349)]","[UUID('175e420e-0bb6-4ec3-b42c-b48538b82e01'), UUID('175e420e-0bb6-4ec3-b42c-b48538b82e01')]","(np.float64(6.6301), np.float64(0.0))",15,"Vector(0.821, -0.571)","Vector(-2.079, -5.183)",echo,wall_obstacle_57,175e420e-0bb6-4ec3-b42c-b48538b82e01,2.342,"Vector(1.000, 0.000)",-74.20476146177707,"Vector(8.709, 5.183)",5.58437047374187,2.331078425655977,69.477,2.348,0.002
309,"[np.float64(66.05816176776199), np.float64(66.06396329489652)]","[np.float64(2.348), np.float64(2.349)]","[UUID('8928a3e2-9834-4876-bcdf-3a3096a4af15'), UUID('8928a3e2-9834-4876-bcdf-3a3096a4af15')]","(np.int64(10), np.int64(1))",18,"Vector(0.821, -0.571)","Vector(1.291, -4.183)",direct,,8928a3e2-9834-4876-bcdf-3a3096a4af15,2.342,"Vector(-1.000, 0.000)",-35.197128407306394,"Vector(8.709, 5.183)",4.377461894979784,2.335,66.061,2.348,0.002
310,"[np.float64(79.2823917503763), np.float64(79.29154171815956)]","[np.float64(2.348), np.float64(2.349)]","[UUID('d30fc938-24cf-4887-becd-125a3d366f41'), UUID('d30fc938-24cf-4887-becd-125a3d366f41')]","(np.float64(10.0), np.float64(1.0199))",18,"Vector(0.821, -0.571)","Vector(1.291, -4.163)",echo,wall_obstacle_14,d30fc938-24cf-4887-becd-125a3d366f41,2.342,"Vector(0.000, -1.000)",-35.11999545981902,"Vector(8.709, 5.183)",4.358450507233046,2.3350580174927114,79.287,2.348,0.002
311,"[np.float64(75.09054334939918), np.float64(75.10942898551924)]","[np.float64(2.348), np.float64(2.349)]","[UUID('aee2bb0a-1e68-4524-9829-7eb7acedcc2b'), UUID('aee2bb0a-1e68-4524-9829-7eb7acedcc2b')]","(np.float64(10.0), np.float64(4.5901))",22,"Vector(0.821, -0.571)","Vector(1.291, -0.593)",echo,wall_obstacle_21,aee2bb0a-1e68-4524-9829-7eb7acedcc2b,2.342,"Vector(0.000, 1.000)",12.987018476968302,"Vector(8.709, 5.183)",1.4202884495763528,2.3431950437317783,75.1,2.348,0.002
312,"[np.float64(62.93503296294602), np.float64(62.95041054785058)]","[np.float64(2.348), np.float64(2.349)]","[UUID('d22f62c6-1caf-46e9-b646-3d8ddf5c1b25'), UUID('d22f62c6-1caf-46e9-b646-3d8ddf5c1b25')]","(np.float64(10.0), np.float64(5.6099))",22,"Vector(0.821, -0.571)","Vector(1.291, 0.427)",echo,wall_obstacle_23,d22f62c6-1caf-46e9-b646-3d8ddf5c1b25,2.342,"Vector(0.000, -1.000)",55.9620677864732,"Vector(8.709, 5.183)",1.3594918256466273,2.3437781341107873,62.943,2.348,0.002
313,"[np.float64(60.91523860128125), np.float64(60.91754583911841)]","[np.float64(2.35), np.float64(2.351)]","[UUID('6bd8fca9-7a8b-44a0-adb1-da8d74c1fc7b'), UUID('6bd8fca9-7a8b-44a0-adb1-da8d74c1fc7b')]","(np.float64(6.1201), np.float64(0.0))",15,"Vector(0.821, -0.571)","Vector(-2.594, -5.179)",echo,wall_obstacle_56,6bd8fca9-7a8b-44a0-adb1-da8d74c1fc7b,2.342,"Vector(1.000, 0.000)",-78.94962442291732,"Vector(8.714, 5.179)",5.792767995803042,2.332565306122449,60.916,2.35,0.002
314,"[np.float64(65.64823438159499), np.float64(65.66442688793285)]","[np.float64(2.35), np.float64(2.351)]","[UUID('c1f7e15f-a8d4-482d-a413-bd605d7c97b5'), UUID('c1f7e15f-a8d4-482d-a413-bd605d7c97b5')]","(np.float64(10.0), np.float64(4.0801))",22,"Vector(0.821, -0.571)","Vector(1.286, -1.099)",echo,wall_obstacle_20,c1f7e15f-a8d4-482d-a413-bd605d7c97b5,2.342,"Vector(0.000, 1.000)",-2.8763046249435718,"Vector(8.714, 5.179)",1.691664036740156,2.344681924198251,65.656,2.35,0.002
315,"[np.float64(62.75182059007592), np.float64(62.77025437085558)]","[np.float64(2.35), np.float64(2.351)]","[UUID('c15f67db-37e6-4eef-903b-31756d9ce4cd'), UUID('c15f67db-37e6-4eef-903b-31756d9ce4cd')]","(np.float64(9.9999), np.float64(5.10001))",0,"Vector(0.821, -0.571)","Vector(1.286, -0.079)",echo,wall_obstacle_22,c15f67db-37e6-4eef-903b-31756d9ce4cd,2.342,"Vector(-0.997, 0.072)",34.11920362143675,"Vector(8.714, 5.179)",1.2881113152596713,2.345822836392407,62.761,2.35,0.002
316,"[np.float64(60.16118819178877), np.float64(60.17390170059285)]","[np.float64(2.35), np.float64(2.351)]","[UUID('defb2226-c416-4d9d-bf1f-6e9cffc9a43f'), UUID('defb2226-c416-4d9d-bf1f-6e9cffc9a43f')]","(np.float64(9.9999), np.float64(5.60997))",0,"Vector(0.821, -0.571)","Vector(1.286, 0.431)",echo,wall_obstacle_23,defb2226-c416-4d9d-bf1f-6e9cffc9a43f,2.342,"Vector(-0.953, -0.303)",56.168723017328375,"Vector(8.714, 5.179)",1.355831005877945,2.346000316670565,60.168,2.35,0.002
317,"[np.float64(74.07310036764505), np.float64(74.07196346422336)]","[np.float64(2.351), np.float64(2.352)]","[UUID('bf9fea0e-ffe0-413d-8ce2-fba89e243db2'), UUID('bf9fea0e-ffe0-413d-8ce2-fba89e243db2')]","(np.int64(10), np.int64(7))",24,"Vector(0.821, -0.571)","Vector(1.283, 1.822)",direct,,bf9fea0e-ffe0-413d-8ce2-fba89e243db2,2.342,"Vector(-1.000, 0.000)",92.50011473094656,"Vector(8.717, 5.178)",2.228794930651988,2.344,74.073,2.351,0.002
318,"[np.float64(77.5613874695707), np.float64(77.56081743378786)]","[np.float64(2.351), np.float64(2.352)]","[UUID('229305c8-600a-48f3-9f53-dab4036736f2'), UUID('229305c8-600a-48f3-9f53-dab4036736f2')]","(np.float64(9.6901), np.float64(7.0))",24,"Vector(0.821, -0.571)","Vector(0.973, 1.822)",echo,wall_obstacle_44,229305c8-600a-48f3-9f53-dab4036736f2,2.342,"Vector(1.000, 0.000)",99.54478175011826,"Vector(8.717, 5.178)",2.0659563192139374,2.344903498542274,77.561,2.351,0.002
319,"[np.float64(73.34505150690893), np.float64(73.34488741511252)]","[np.float64(2.351), np.float64(2.352)]","[UUID('6ae1721f-e94d-4b77-940e-d26c2e0b3ff5'), UUID('6ae1721f-e94d-4b77-940e-d26c2e0b3ff5')]","(np.float64(10.0), np.float64(6.6301))",24,"Vector(0.821, -0.571)","Vector(1.283, 1.452)",echo,wall_obstacle_25,6ae1721f-e94d-4b77-940e-d26c2e0b3ff5,2.342,"Vector(0.000, 1.000)",86.19102755635811,"Vector(8.717, 5.178)",1.938101521308933,2.3450784256559767,73.345,2.351,0.002
320,"[np.float64(63.42719251190877), np.float64(63.446273474100934)]","[np.float64(2.351), np.float64(2.352)]","[UUID('15467e1c-6c69-41c2-ae21-c2f297eb50ac'), UUID('15467e1c-6c69-41c2-ae21-c2f297eb50ac')]","(np.float64(9.99991), np.float64(4.59004))",0,"Vector(0.821, -0.571)","Vector(1.283, -0.588)",echo,wall_obstacle_21,15467e1c-6c69-41c2-ae21-c2f297eb50ac,2.342,"Vector(-0.908, 0.420)",13.047494264490581,"Vector(8.717, 5.178)",1.411384936932515,2.346200819124666,63.437,2.351,0.002
321,"[np.float64(67.22534969420897), np.float64(67.22952040247002)]","[np.float64(2.352), np.float64(2.353)]","[UUID('02e1c275-106a-4dc6-bf68-fc2f30bf975a'), UUID('02e1c275-106a-4dc6-bf68-fc2f30bf975a')]","(np.float64(10.0), np.float64(6.1201))",24,"Vector(0.821, -0.571)","Vector(1.281, 0.944)",echo,wall_obstacle_24,02e1c275-106a-4dc6-bf68-fc2f30bf975a,2.342,"Vector(0.000, 1.000)",74.04766919646903,"Vector(8.719, 5.176)",1.5911750852750302,2.3465653061224487,67.227,2.352,0.002
322,"[np.float64(69.71168531495654), np.float64(69.70700458915246)]","[np.float64(2.352), np.float64(2.353)]","[UUID('1424dae5-d3fa-4ede-8199-d172d696518d'), UUID('1424dae5-d3fa-4ede-8199-d172d696518d')]","(np.float64(9.1801), np.float64(7.0))",24,"Vector(0.821, -0.571)","Vector(0.461, 1.824)",echo,wall_obstacle_43,1424dae5-d3fa-4ede-8199-d172d696518d,2.342,"Vector(1.000, 0.000)",113.47218174765209,"Vector(8.719, 5.176)",1.8813210050387468,2.346390379008746,69.709,2.352,0.002
323,"[np.float64(62.24553071305475), np.float64(62.26156780809096)]","[np.float64(2.352), np.float64(2.353)]","[UUID('50ac4aaa-d569-44ea-9733-558c2bca2d8b'), UUID('50ac4aaa-d569-44ea-9733-558c2bca2d8b')]","(np.float64(9.99992), np.float64(4.08006))",0,"Vector(0.821, -0.571)","Vector(1.281, -1.096)",echo,wall_obstacle_20,50ac4aaa-d569-44ea-9733-558c2bca2d8b,2.342,"Vector(-0.761, 0.649)",-2.8994278429400424,"Vector(8.719, 5.176)",1.6856673750179778,2.347010087916281,62.254,2.352,0.002
324,[np.float64(64.26524406075674)],[np.float64(2.353)],[UUID('1b2dc53e-a66f-420f-a107-caa8896130b6')],"(np.float64(10.0), np.float64(5.6101))",24,"Vector(0.821, -0.571)","Vector(1.281, 0.434)",echo,wall_obstacle_23,1b2dc53e-a66f-420f-a107-caa8896130b6,2.342,"Vector(0.000, 1.000)",56.376182273486194,"Vector(8.719, 5.176)",1.3523965956774662,2.3480521865889212,64.265,2.353,0.001
325,"[np.float64(74.40788854123849), np.float64(74.40672154612356)]","[np.float64(2.354), np.float64(2.355)]","[UUID('3f6f283f-6741-44d1-96f9-691810568db7'), UUID('3f6f283f-6741-44d1-96f9-691810568db7')]","(np.int64(6), np.int64(0))",14,"Vector(0.821, -0.571)","Vector(-2.724, -5.173)",direct,,3f6f283f-6741-44d1-96f9-691810568db7,2.342,"Vector(0.000, 1.000)",-80.11839923977503,"Vector(8.724, 5.173)",5.846058724166222,2.336,74.407,2.354,0.002
326,"[np.float64(63.515878459171496), np.float64(63.515699208910235)]","[np.float64(2.354), np.float64(2.355)]","[UUID('351cb00a-4d90-488e-81da-0fed167d6e15'), UUID('351cb00a-4d90-488e-81da-0fed167d6e15')]","(np.float64(6.1199), np.float64(0.0))",14,"Vector(0.821, -0.571)","Vector(-2.604, -5.173)",echo,wall_obstacle_56,351cb00a-4d90-488e-81da-0fed167d6e15,2.342,"Vector(-1.000, 0.000)",-79.06874515207286,"Vector(8.724, 5.173)",5.791160870878999,2.3363495626822157,63.516,2.354,0.002
327,"[np.float64(61.453444620791345), np.float64(61.47125937685438)]","[np.float64(2.354), np.float64(2.355)]","[UUID('733434e1-f810-4e99-84a8-cb2bc1d96529'), UUID('733434e1-f810-4e99-84a8-cb2bc1d96529')]","(np.float64(10.0), np.float64(5.1001))",24,"Vector(0.821, -0.571)","Vector(1.276, -0.072)",echo,wall_obstacle_22,733434e1-f810-4e99-84a8-cb2bc1d96529,2.342,"Vector(0.000, 1.000)",34.402380129121866,"Vector(8.724, 5.173)",1.2779781282948468,2.3495390670553933,61.462,2.354,0.002
328,[np.float64(67.87768244740923)],[np.float64(2.355)],[UUID('faccb20e-617d-4e8c-bf3a-5350e71675e7')],"(np.float64(5.6101), np.float64(0.0))",14,"Vector(0.821, -0.571)","Vector(-3.114, -5.173)",echo,wall_obstacle_55,faccb20e-617d-4e8c-bf3a-5350e71675e7,2.342,"Vector(1.000, 0.000)",-83.39401964653544,"Vector(8.724, 5.173)",6.037604011559552,2.3371367346938774,67.878,2.355,0.001
329,[np.float64(60.04453086747082)],[np.float64(2.355)],[UUID('a939e5b6-1bd8-44a8-a3ea-0f1f626cbc81')],"(np.float64(9.99994), np.float64(3.57008))",0,"Vector(0.821, -0.571)","Vector(1.276, -1.603)",echo,wall_obstacle_19,a939e5b6-1bd8-44a8-a3ea-0f1f626cbc81,2.342,"Vector(-0.627, 0.779)",-13.820120889177048,"Vector(8.724, 5.173)",2.048386948308351,2.348080837370398,60.045,2.355,0.001
330,"[np.float64(66.94092842072617), np.float64(66.93591401840045)]","[np.float64(2.392), np.float64(2.3930000000000002)]","[UUID('9949880b-1153-4ce8-91df-3b085faf671f'), UUID('9949880b-1153-4ce8-91df-3b085faf671f')]","(np.int64(10), np.int64(9))",26,"Vector(0.759, -0.651)","Vector(1.186, 3.898)",direct,,9949880b-1153-4ce8-91df-3b085faf671f,2.3890000000000002,"Vector(-1.000, 0.000)",110.72723840316189,"Vector(8.814, 5.102)",4.0742153388842866,2.38,66.938,2.392,0.002
331,"[np.float64(66.77734913038796), np.float64(66.7735565764911)]","[np.float64(2.3930000000000002), np.float64(2.394)]","[UUID('15bcb168-1239-4d1a-abb0-5bdb395acde1'), UUID('15bcb168-1239-4d1a-abb0-5bdb395acde1')]","(np.int64(1), np.int64(0))",9,"Vector(0.759, -0.651)","Vector(-7.816, -5.100)",direct,,15bcb168-1239-4d1a-abb0-5bdb395acde1,2.3890000000000002,"Vector(0.000, 1.000)",-109.2190489068496,"Vector(8.816, 5.100)",9.332955127080597,2.365,66.775,2.393,0.002
332,"[np.float64(71.514509197371), np.float64(71.51163353526509)]","[np.float64(2.3930000000000002), np.float64(2.394)]","[UUID('ac6ec707-9568-4c47-bcba-b9ce0202c6ac'), UUID('ac6ec707-9568-4c47-bcba-b9ce0202c6ac')]","(np.float64(1.0199), np.float64(0.0))",9,"Vector(0.759, -0.651)","Vector(-7.796, -5.100)",echo,wall_obstacle_46,ac6ec707-9568-4c47-bcba-b9ce0202c6ac,2.3890000000000002,"Vector(-1.000, 0.000)",-109.15216627782243,"Vector(8.816, 5.100)",9.316295885280802,2.3650580174927116,71.513,2.393,0.002
333,"[np.float64(63.54943057797329), np.float64(63.56718848183527)]","[np.float64(2.396), np.float64(2.3970000000000002)]","[UUID('891b83e3-984b-4167-a3d4-e59646291089'), UUID('891b83e3-984b-4167-a3d4-e59646291089')]","(np.float64(9.9999), np.float64(5.1))",0,"Vector(0.759, -0.651)","Vector(1.177, 0.005)",echo,wall_obstacle_22,891b83e3-984b-4167-a3d4-e59646291089,2.3890000000000002,"Vector(-1.000, 0.008)",37.92225997775438,"Vector(8.823, 5.095)",1.1770328501787874,2.3924848474401235,63.558,2.396,0.002
334,"[np.float64(64.53984654991585), np.float64(64.56014544840004)]","[np.float64(2.3970000000000002), np.float64(2.398)]","[UUID('5be61081-d3d7-4fb5-bebd-a245c781b4b8'), UUID('5be61081-d3d7-4fb5-bebd-a245c781b4b8')]","(np.float64(9.99991), np.float64(4.59004))",0,"Vector(0.759, -0.651)","Vector(1.175, -0.503)",echo,wall_obstacle_21,5be61081-d3d7-4fb5-bebd-a245c781b4b8,2.3890000000000002,"Vector(-0.917, 0.399)",14.495271158546219,"Vector(8.825, 5.093)",1.277714311808395,2.39280031450025,64.55,2.397,0.002
335,"[np.float64(60.467486211895775), np.float64(60.477287333832834)]","[np.float64(2.3970000000000002), np.float64(2.398)]","[UUID('cb56d325-2d38-4bcd-a90f-2486cdcd7655'), UUID('cb56d325-2d38-4bcd-a90f-2486cdcd7655')]","(np.float64(9.99991), np.float64(5.60996))",0,"Vector(0.759, -0.651)","Vector(1.175, 0.517)",echo,wall_obstacle_23,cb56d325-2d38-4bcd-a90f-2486cdcd7655,2.3890000000000002,"Vector(-0.923, -0.386)",61.42526839246424,"Vector(8.825, 5.093)",1.2836474089873744,2.3927772043797297,60.472,2.397,0.002
336,"[np.float64(63.34299646859656), np.float64(63.360490701951434)]","[np.float64(2.399), np.float64(2.4)]","[UUID('9fadf319-a8ef-4a6f-8456-07d90015bdcb'), UUID('9fadf319-a8ef-4a6f-8456-07d90015bdcb')]","(np.float64(9.99992), np.float64(4.08007))",0,"Vector(0.759, -0.651)","Vector(1.170, -1.009)",echo,wall_obstacle_20,9fadf319-a8ef-4a6f-8456-07d90015bdcb,2.3890000000000002,"Vector(-0.758, 0.653)",-3.103089772169369,"Vector(8.830, 5.089)",1.5448629895236665,2.39360018776851,63.352,2.399,0.002
337,"[np.float64(60.93429300085055), np.float64(60.94808839685599)]","[np.float64(2.4010000000000002), np.float64(2.402)]","[UUID('d8b94baf-ff0b-413d-b2e2-319c98848f08'), UUID('d8b94baf-ff0b-413d-b2e2-319c98848f08')]","(np.float64(9.99994), np.float64(3.57008))",0,"Vector(0.759, -0.651)","Vector(1.166, -1.515)",echo,wall_obstacle_19,d8b94baf-ff0b-413d-b2e2-319c98848f08,2.3890000000000002,"Vector(-0.613, 0.790)",-14.76430370199097,"Vector(8.834, 5.085)",1.911279269102242,2.394683563879344,60.941,2.401,0.002
338,[np.float64(71.47555175104254)],[np.float64(2.486)],[UUID('0087c4de-f568-41ff-a47b-5915fdf4ad46')],"(np.float64(7.6501), np.float64(0.0))",16,"Vector(0.577, -0.817)","Vector(-1.353, -4.898)",echo,wall_obstacle_59,0087c4de-f568-41ff-a47b-5915fdf4ad46,2.484,"Vector(1.000, 0.000)",-67.78209594082209,"Vector(9.003, 4.898)",5.081482151046091,2.4700201166180755,71.476,2.486,0.001
339,"[np.float64(62.73493330752105), np.float64(62.74063068329314)]","[np.float64(2.487), np.float64(2.488)]","[UUID('1de54cb7-c467-4eb6-b3c2-a5867ef277b7'), UUID('1de54cb7-c467-4eb6-b3c2-a5867ef277b7')]","(np.float64(7.1401), np.float64(0.0))",16,"Vector(0.577, -0.817)","Vector(-1.866, -4.893)",echo,wall_obstacle_58,1de54cb7-c467-4eb6-b3c2-a5867ef277b7,2.484,"Vector(1.000, 0.000)",-73.21942718795262,"Vector(9.006, 4.893)",5.23699194318647,2.471506997084548,62.738,2.487,0.002
340,"[np.float64(64.0998734585724), np.float64(64.11036340422908)]","[np.float64(2.49), np.float64(2.491)]","[UUID('4e56f473-38a4-4b58-b301-63f280171def'), UUID('4e56f473-38a4-4b58-b301-63f280171def')]","(np.float64(9.9999), np.float64(5.09998))",0,"Vector(0.577, -0.817)","Vector(0.989, 0.214)",echo,wall_obstacle_22,4e56f473-38a4-4b58-b301-63f280171def,2.484,"Vector(-0.981, -0.193)",49.87208608922637,"Vector(9.011, 4.886)",1.0115095865091936,2.486973466589503,64.105,2.49,0.002
341,"[np.float64(66.25332397945004), np.float64(66.2736785189729)]","[np.float64(2.491), np.float64(2.492)]","[UUID('5342a2dd-2c50-443a-b54f-11215ba02b7f'), UUID('5342a2dd-2c50-443a-b54f-11215ba02b7f')]","(np.float64(9.9999), np.float64(4.59003))",0,"Vector(0.577, -0.817)","Vector(0.987, -0.293)",echo,wall_obstacle_21,5342a2dd-2c50-443a-b54f-11215ba02b7f,2.484,"Vector(-0.954, 0.299)",21.094992518856344,"Vector(9.013, 4.883)",1.0295724503404313,2.487056937920224,66.264,2.491,0.002
342,"[np.float64(65.28256604616608), np.float64(65.30276742051676)]","[np.float64(2.492), np.float64(2.493)]","[UUID('d40fff96-f56f-4163-a45d-12fb3decbd7b'), UUID('d40fff96-f56f-4163-a45d-12fb3decbd7b')]","(np.float64(9.99992), np.float64(4.08006))",0,"Vector(0.577, -0.817)","Vector(0.985, -0.801)",echo,wall_obstacle_20,d40fff96-f56f-4163-a45d-12fb3decbd7b,2.484,"Vector(-0.772, 0.635)",-1.45745417976093,"Vector(9.015, 4.881)",1.269676000875814,2.487777514459515,65.293,2.492,0.002
343,"[np.float64(70.71627726758352), np.float64(70.7146151049092)]","[np.float64(2.493), np.float64(2.494)]","[UUID('6347f407-8346-4506-b72d-5606ba6ee5c2'), UUID('6347f407-8346-4506-b72d-5606ba6ee5c2')]","(np.int64(0), np.int64(4))",3,"Vector(0.577, -0.817)","Vector(-9.016, -0.879)",direct,,6347f407-8346-4506-b72d-5606ba6ee5c2,2.484,"Vector(1.000, 0.000)",-136.78011889385363,"Vector(9.016, 4.879)",9.059192964331867,2.466,70.715,2.493,0.002
344,"[np.float64(62.53526155667152), np.float64(62.551596506834244)]","[np.float64(2.494), np.float64(2.495)]","[UUID('9a37a8c4-0ec5-4e89-a78c-492cd7b1c6b4'), UUID('9a37a8c4-0ec5-4e89-a78c-492cd7b1c6b4')]","(np.float64(9.99994), np.float64(3.57008))",0,"Vector(0.577, -0.817)","Vector(0.982, -1.306)",echo,wall_obstacle_19,9a37a8c4-0ec5-4e89-a78c-492cd7b1c6b4,2.484,"Vector(-0.600, 0.800)",-15.414134657305624,"Vector(9.018, 4.876)",1.6338649393386224,2.4888595982357735,62.543,2.494,0.002
345,"[np.float64(66.56191196262375), np.float64(66.57180616559567)]","[np.float64(2.599), np.float64(2.6)]","[UUID('b6257274-91f6-43f9-a21a-ae5eacdcc27a'), UUID('b6257274-91f6-43f9-a21a-ae5eacdcc27a')]","(np.float64(9.9999), np.float64(4.59))",0,"Vector(0.319, -0.948)","Vector(0.842, -0.005)",echo,wall_obstacle_21,b6257274-91f6-43f9-a21a-ae5eacdcc27a,2.594,"Vector(-1.000, 0.027)",37.2814317315794,"Vector(9.158, 4.595)",0.8415578423376494,2.596471134756753,66.567,2.599,0.002
346,"[np.float64(67.0175102271139), np.float64(67.03784810033773)]","[np.float64(2.6), np.float64(2.601)]","[UUID('13e8a6b8-b3dc-46bf-94b2-c9aab18a5c8c'), UUID('13e8a6b8-b3dc-46bf-94b2-c9aab18a5c8c')]","(np.float64(9.99992), np.float64(4.08005))",0,"Vector(0.319, -0.948)","Vector(0.841, -0.513)",echo,wall_obstacle_20,13e8a6b8-b3dc-46bf-94b2-c9aab18a5c8c,2.594,"Vector(-0.847, 0.532)",6.2800819392228675,"Vector(9.159, 4.593)",0.9845592252881489,2.596917601952534,67.028,2.6,0.002
347,"[np.float64(62.39233353479492), np.float64(62.386167070774874)]","[np.float64(2.6), np.float64(2.601)]","[UUID('9f46a7d3-35b4-4b92-9fd7-ff01c1be71ef'), UUID('9f46a7d3-35b4-4b92-9fd7-ff01c1be71ef')]","(np.float64(9.99991), np.float64(5.09995))",0,"Vector(0.319, -0.948)","Vector(0.841, 0.507)",echo,wall_obstacle_22,9f46a7d3-35b4-4b92-9fd7-ff01c1be71ef,2.594,"Vector(-0.867, -0.499)",68.76620667943644,"Vector(9.159, 4.593)",0.9818120921031681,2.5968498780743596,62.389,2.6,0.002
348,"[np.float64(66.24136981027665), np.float64(66.2401077947596)]","[np.float64(2.602), np.float64(2.603)]","[UUID('e4c0fbe2-2fd0-4013-8053-58ca6c9db5dd'), UUID('e4c0fbe2-2fd0-4013-8053-58ca6c9db5dd')]","(np.int64(1), np.int64(0))",9,"Vector(0.319, -0.948)","Vector(-8.161, -4.587)",direct,,e4c0fbe2-2fd0-4013-8053-58ca6c9db5dd,2.594,"Vector(0.000, 1.000)",-113.00765348457328,"Vector(9.161, 4.587)",9.36194639907749,2.574,66.241,2.602,0.002
349,"[np.float64(71.19969231937995), np.float64(71.19960118119636)]","[np.float64(2.602), np.float64(2.603)]","[UUID('5cf01690-f4a5-4d94-b79e-030f8c0b92c0'), UUID('5cf01690-f4a5-4d94-b79e-030f8c0b92c0')]","(np.float64(1.0199), np.float64(0.0))",9,"Vector(0.319, -0.948)","Vector(-8.141, -4.587)",echo,wall_obstacle_46,5cf01690-f4a5-4d94-b79e-030f8c0b92c0,2.594,"Vector(-1.000, 0.000)",-112.94787103577379,"Vector(9.161, 4.587)",9.344603738907285,2.5740580174927112,71.2,2.602,0.002
350,"[np.float64(64.27837305310587), np.float64(64.29707452206017)]","[np.float64(2.602), np.float64(2.603)]","[UUID('c9de8da3-eb28-4ff1-9928-e67e3383bc96'), UUID('c9de8da3-eb28-4ff1-9928-e67e3383bc96')]","(np.float64(9.99994), np.float64(3.57008))",0,"Vector(0.319, -0.948)","Vector(0.839, -1.017)",echo,wall_obstacle_19,c9de8da3-eb28-4ff1-9928-e67e3383bc96,2.594,"Vector(-0.631, 0.776)",-12.830417249538385,"Vector(9.161, 4.587)",1.3181284551969887,2.5979165558655453,64.288,2.602,0.002
351,"[np.float64(60.619274991271006), np.float64(60.6343949622496)]","[np.float64(2.605), np.float64(2.606)]","[UUID('86b62879-90e7-41c3-91d8-57d461d43cc1'), UUID('86b62879-90e7-41c3-91d8-57d461d43cc1')]","(np.float64(9.99995), np.float64(3.06009))",0,"Vector(0.319, -0.948)","Vector(0.836, -1.518)",echo,wall_obstacle_18,86b62879-90e7-41c3-91d8-57d461d43cc1,2.594,"Vector(-0.479, 0.878)",-23.513314870247854,"Vector(9.164, 4.578)",1.7332046940278,2.599156346495572,60.627,2.605,0.002
352,"[np.float64(66.18677621025503), np.float64(66.18688216246123)]","[np.float64(2.698), np.float64(2.699)]","[UUID('c9229f29-4c0a-4028-94ea-fa550a00e28f'), UUID('c9229f29-4c0a-4028-94ea-fa550a00e28f')]","(np.int64(1), np.int64(0))",9,"Vector(0.066, -0.998)","Vector(-8.216, -4.305)",direct,,c9229f29-4c0a-4028-94ea-fa550a00e28f,2.693,"Vector(0.000, 1.000)",-114.69047470639383,"Vector(9.216, 4.305)",9.275542120878972,2.67,66.187,2.698,0.002
353,"[np.float64(71.2594086586799), np.float64(71.26071479161342)]","[np.float64(2.698), np.float64(2.699)]","[UUID('80be43d0-3ffa-43ce-a59c-1849be097ef2'), UUID('80be43d0-3ffa-43ce-a59c-1849be097ef2')]","(np.float64(1.0199), np.float64(0.0))",9,"Vector(0.066, -0.998)","Vector(-8.196, -4.305)",echo,wall_obstacle_46,80be43d0-3ffa-43ce-a59c-1849be097ef2,2.693,"Vector(-1.000, 0.000)",-114.63331139362772,"Vector(9.216, 4.305)",9.257920134900711,2.6700580174927113,71.26,2.698,0.002
354,"[np.float64(66.95347190835571), np.float64(66.96371362843877)]","[np.float64(2.698), np.float64(2.699)]","[UUID('2b1fe2d7-2124-471f-8e32-c4d824694b26'), UUID('2b1fe2d7-2124-471f-8e32-c4d824694b26')]","(np.float64(9.9999), np.float64(4.08003))",0,"Vector(0.066, -0.998)","Vector(0.784, -0.225)",echo,wall_obstacle_20,2b1fe2d7-2124-471f-8e32-c4d824694b26,2.693,"Vector(-0.955, 0.296)",21.629631311295753,"Vector(9.216, 4.305)",0.8157068790319228,2.6953964625820586,66.959,2.698,0.002
355,"[np.float64(64.11010379936913), np.float64(64.1003815931826)]","[np.float64(2.698), np.float64(2.699)]","[UUID('39df8a94-94bf-4d24-9a54-6ee8e614f06b'), UUID('39df8a94-94bf-4d24-9a54-6ee8e614f06b')]","(np.float64(9.99991), np.float64(4.58997))",0,"Vector(0.066, -0.998)","Vector(0.784, 0.285)",echo,wall_obstacle_21,39df8a94-94bf-4d24-9a54-6ee8e614f06b,2.693,"Vector(-0.947, -0.322)",57.61580485771143,"Vector(9.216, 4.305)",0.8341316550761038,2.6954178279735292,64.105,2.698,0.002
356,"[np.float64(69.90528596023312), np.float64(69.90436731872634)]","[np.float64(2.699), np.float64(2.7)]","[UUID('d34c29b9-da19-407a-af94-c720f7080dc1'), UUID('d34c29b9-da19-407a-af94-c720f7080dc1')]","(np.int64(0), np.int64(7))",6,"Vector(0.066, -0.998)","Vector(-9.216, 2.698)",direct,,d34c29b9-da19-407a-af94-c720f7080dc1,2.693,"Vector(1.000, 0.000)",-158.66154393389985,"Vector(9.216, 4.302)",9.602829365166288,2.6710000000000003,69.905,2.699,0.002
357,"[np.float64(65.33706258758866), np.float64(65.35465593350469)]","[np.float64(2.7), np.float64(2.701)]","[UUID('c5303e7a-febd-4e35-aa00-4b6a9b70525d'), UUID('c5303e7a-febd-4e35-aa00-4b6a9b70525d')]","(np.float64(9.99993), np.float64(3.57007))",0,"Vector(0.066, -0.998)","Vector(0.784, -0.729)",echo,wall_obstacle_19,c5303e7a-febd-4e35-aa00-4b6a9b70525d,2.693,"Vector(-0.722, 0.692)",-5.282986881714692,"Vector(9.216, 4.299)",1.0704045754760205,2.69617199470498,65.346,2.7,0.002
358,"[np.float64(61.61664546526511), np.float64(61.63245544427109)]","[np.float64(2.702), np.float64(2.703)]","[UUID('95290df7-b176-4e21-98c8-217c26a4ef1a'), UUID('95290df7-b176-4e21-98c8-217c26a4ef1a')]","(np.float64(9.99995), np.float64(3.06008))",0,"Vector(0.066, -0.998)","Vector(0.783, -1.233)",echo,wall_obstacle_18,95290df7-b176-4e21-98c8-217c26a4ef1a,2.693,"Vector(-0.528, 0.849)",-19.923399429950337,"Vector(9.217, 4.293)",1.4608916717197071,2.697336071039697,61.625,2.702,0.002
359,"[np.float64(63.81579846354109), np.float64(63.804959601904315)]","[np.float64(2.799), np.float64(2.8000000000000003)]","[UUID('8ba916c1-ab56-4b2c-b17c-faf875fd5edd'), UUID('8ba916c1-ab56-4b2c-b17c-faf875fd5edd')]","(np.float64(9.9999), np.float64(4.07999))",0,"Vector(-0.196, -0.981)","Vector(0.804, 0.076)",echo,wall_obstacle_20,8ba916c1-ab56-4b2c-b17c-faf875fd5edd,2.794,"Vector(-0.997, -0.073)",43.058797917967276,"Vector(9.196, 4.004)",0.8073687942941566,2.796339265687966,63.81,2.799,0.002
360,"[np.float64(64.66662233222004), np.float64(64.6740373558871)]","[np.float64(2.8000000000000003), np.float64(2.801)]","[UUID('5c90d1bf-7efb-4700-959b-52c8f4a1f3eb'), UUID('5c90d1bf-7efb-4700-959b-52c8f4a1f3eb')]","(np.float64(9.99991), np.float64(3.57005))",0,"Vector(-0.196, -0.981)","Vector(0.804, -0.431)",echo,wall_obstacle_19,5c90d1bf-7efb-4700-959b-52c8f4a1f3eb,2.794,"Vector(-0.871, 0.491)",9.473606690556949,"Vector(9.196, 4.001)",0.9125533989855059,2.7966788679102095,64.67,2.8,0.002
361,[np.float64(69.86993008168265)],[np.float64(2.801)],[UUID('b8248522-05c6-4e9c-ba11-4c15b22c15ad')],"(np.int64(0), np.int64(7))",6,"Vector(-0.196, -0.981)","Vector(-9.196, 2.999)",direct,,b8248522-05c6-4e9c-ba11-4c15b22c15ad,2.794,"Vector(1.000, 0.000)",-160.40846362915778,"Vector(9.196, 4.001)",9.672213448895759,2.7720000000000002,69.87,2.801,0.001
362,"[np.float64(61.883370157733545), np.float64(61.896065188440836)]","[np.float64(2.802), np.float64(2.803)]","[UUID('923b3523-4a6a-449d-8d27-cfa1b9fa6ae7'), UUID('923b3523-4a6a-449d-8d27-cfa1b9fa6ae7')]","(np.float64(9.99994), np.float64(3.06008))",0,"Vector(-0.196, -0.981)","Vector(0.806, -0.935)",echo,wall_obstacle_18,923b3523-4a6a-449d-8d27-cfa1b9fa6ae7,2.794,"Vector(-0.640, 0.769)",-11.5990096531321,"Vector(9.194, 3.995)",1.2342178699889255,2.7976471703780734,61.89,2.802,0.002
363,[np.float64(66.27996431873352)],[np.float64(2.807)],[UUID('7c82502c-bbeb-410e-bd5b-74f6b8d869bd')],"(np.int64(1), np.int64(0))",9,"Vector(-0.196, -0.981)","Vector(-8.192, -3.983)",direct,,7c82502c-bbeb-410e-bd5b-74f6b8d869bd,2.794,"Vector(0.000, 1.000)",-116.41404885992081,"Vector(9.192, 3.983)",9.109112839184725,2.7800000000000002,66.28,2.807,0.001
364,[np.float64(71.4814305121061)],[np.float64(2.807)],[UUID('cfcbafd6-92ee-47ff-a5f0-b6eab81d89b0')],"(np.float64(1.0199), np.float64(0.0))",9,"Vector(-0.196, -0.981)","Vector(-8.172, -3.983)",echo,wall_obstacle_46,cfcbafd6-92ee-47ff-a5f0-b6eab81d89b0,2.794,"Vector(-1.000, 0.000)",-116.35920498312304,"Vector(9.192, 3.983)",9.091220573993352,2.7800580174927116,71.481,2.807,0.001
365,"[np.float64(65.99130121643343), np.float64(66.00113980468961)]","[np.float64(2.8890000000000002), np.float64(2.89)]","[UUID('1257b54a-e3e3-4e84-b4ee-e40193adcc92'), UUID('1257b54a-e3e3-4e84-b4ee-e40193adcc92')]","(np.float64(7.1401), np.float64(0.0))",16,"Vector(-0.421, -0.907)","Vector(-1.973, -3.748)",echo,wall_obstacle_58,1257b54a-e3e3-4e84-b4ee-e40193adcc92,2.886,"Vector(1.000, 0.000)",-80.10941715515689,"Vector(9.113, 3.748)",4.235494353059629,2.8765069970845483,65.996,2.889,0.002
366,"[np.float64(60.68683118402125), np.float64(60.69623637987273)]","[np.float64(2.892), np.float64(2.8930000000000002)]","[UUID('d051933f-93e5-440e-8795-acfd0e98f51f'), UUID('d051933f-93e5-440e-8795-acfd0e98f51f')]","(np.float64(6.6301), np.float64(0.0))",16,"Vector(-0.421, -0.907)","Vector(-2.479, -3.740)",echo,wall_obstacle_57,d051933f-93e5-440e-8795-acfd0e98f51f,2.886,"Vector(1.000, 0.000)",-85.88778040616502,"Vector(9.109, 3.740)",4.486884961306675,2.8779938775510203,60.692,2.892,0.002
367,"[np.float64(61.6146581627863), np.float64(61.60594355049395)]","[np.float64(2.892), np.float64(2.8930000000000002)]","[UUID('e0bddf9d-8ec6-4b17-89c3-fbd89fbd4d6f'), UUID('e0bddf9d-8ec6-4b17-89c3-fbd89fbd4d6f')]","(np.float64(9.9999), np.float64(3.57002))",0,"Vector(-0.421, -0.907)","Vector(0.891, -0.170)",echo,wall_obstacle_19,e0bddf9d-8ec6-4b17-89c3-fbd89fbd4d6f,2.886,"Vector(-0.978, 0.209)",26.865915045215615,"Vector(9.109, 3.740)",0.906584360994607,2.88862890391522,61.61,2.892,0.002
368,"[np.float64(60.66600092731708), np.float64(60.670020953373914)]","[np.float64(2.8930000000000002), np.float64(2.894)]","[UUID('a9d4c8c0-8fec-496e-bd2f-b382e3137844'), UUID('a9d4c8c0-8fec-496e-bd2f-b382e3137844')]","(np.float64(9.99992), np.float64(3.06006))",0,"Vector(-0.421, -0.907)","Vector(0.892, -0.677)",echo,wall_obstacle_18,a9d4c8c0-8fec-496e-bd2f-b382e3137844,2.886,"Vector(-0.784, 0.621)",0.45466796325357,"Vector(9.108, 3.737)",1.1196545669089195,2.889279957741431,60.668,2.893,0.002
369,"[np.float64(71.02237196130059), np.float64(71.02538517847732)]","[np.float64(2.894), np.float64(2.895)]","[UUID('7e63ae2a-dcdd-4f06-99c9-cca367cd0f78'), UUID('7e63ae2a-dcdd-4f06-99c9-cca367cd0f78')]","(np.int64(0), np.int64(4))",3,"Vector(-0.421, -0.907)","Vector(-9.107, 0.266)",direct,,7e63ae2a-dcdd-4f06-99c9-cca367cd0f78,2.886,"Vector(1.000, 0.000)",-144.01678046443607,"Vector(9.107, 3.734)",9.11069578192577,2.867,71.024,2.894,0.002
370,"[np.float64(64.14366158708388), np.float64(64.14764422631941)]","[np.float64(2.894), np.float64(2.895)]","[UUID('a7e4e4d6-ed8b-4cbc-8c6e-21c36e99ec66'), UUID('a7e4e4d6-ed8b-4cbc-8c6e-21c36e99ec66')]","(np.float64(0.0), np.float64(4.0799))",3,"Vector(-0.421, -0.907)","Vector(-9.107, 0.346)",echo,wall_obstacle_7,a7e4e4d6-ed8b-4cbc-8c6e-21c36e99ec66,2.886,"Vector(0.000, -1.000)",-144.51890435529475,"Vector(9.107, 3.734)",9.113376086654167,2.867232944606414,64.146,2.894,0.002
371,"[np.float64(64.26873149085546), np.float64(64.27530926547084)]","[np.float64(2.983), np.float64(2.984)]","[UUID('d9c357ae-e6a0-4e77-b5dd-298f0330bce9'), UUID('d9c357ae-e6a0-4e77-b5dd-298f0330bce9')]","(np.float64(2.5501), np.float64(0.0))",11,"Vector(-0.629, -0.777)","Vector(-6.416, -3.508)",echo,wall_obstacle_49,d9c357ae-e6a0-4e77-b5dd-298f0330bce9,2.981,"Vector(1.000, 0.000)",-113.67433512741383,"Vector(8.966, 3.508)",7.31243208259058,2.96131166180758,64.272,2.983,0.002
372,"[np.float64(66.93427735073153), np.float64(66.94417884143759)]","[np.float64(2.984), np.float64(2.985)]","[UUID('b6eaf40c-bf89-491c-b8a7-74f40f5d6f03'), UUID('b6eaf40c-bf89-491c-b8a7-74f40f5d6f03')]","(np.float64(7.1401), np.float64(0.0))",16,"Vector(-0.629, -0.777)","Vector(-1.824, -3.506)",echo,wall_obstacle_58,b6eaf40c-bf89-491c-b8a7-74f40f5d6f03,2.981,"Vector(1.000, 0.000)",-79.83031074563118,"Vector(8.964, 3.506)",3.9521019830085358,2.971506997084548,66.939,2.984,0.002
373,"[np.float64(61.58638578612771), np.float64(61.59604350552397)]","[np.float64(2.986), np.float64(2.987)]","[UUID('33de3e6c-ae36-48f8-9167-bf57046c2e67'), UUID('33de3e6c-ae36-48f8-9167-bf57046c2e67')]","(np.float64(6.6301), np.float64(0.0))",16,"Vector(-0.629, -0.777)","Vector(-2.330, -3.501)",echo,wall_obstacle_57,33de3e6c-ae36-48f8-9167-bf57046c2e67,2.981,"Vector(1.000, 0.000)",-85.98925431427062,"Vector(8.960, 3.501)",4.205871388107345,2.97299387755102,61.591,2.986,0.002
374,"[np.float64(66.81290994169353), np.float64(66.81694926314398)]","[np.float64(2.992), np.float64(2.993)]","[UUID('fd8b95c5-6c5e-420e-bb1c-67e71c33ade8'), UUID('fd8b95c5-6c5e-420e-bb1c-67e71c33ade8')]","(np.int64(1), np.int64(0))",9,"Vector(-0.629, -0.777)","Vector(-7.949, -3.487)",direct,,fd8b95c5-6c5e-420e-bb1c-67e71c33ade8,2.981,"Vector(0.000, 1.000)",-118.65717388988601,"Vector(8.949, 3.487)",8.680290715459938,2.966,66.815,2.992,0.002
375,"[np.float64(72.1979525699256), np.float64(72.20279082867484)]","[np.float64(2.992), np.float64(2.993)]","[UUID('280cef09-520f-47f9-ac37-73e0ed960337'), UUID('280cef09-520f-47f9-ac37-73e0ed960337')]","(np.float64(1.0199), np.float64(0.0))",9,"Vector(-0.629, -0.777)","Vector(-7.929, -3.487)",echo,wall_obstacle_46,280cef09-520f-47f9-ac37-73e0ed960337,2.981,"Vector(-1.000, 0.000)",-118.60429022802981,"Vector(8.949, 3.487)",8.662071086114452,2.9660580174927116,72.2,2.992,0.002
376,"[np.float64(71.37249431161644), np.float64(71.3764520303316)]","[np.float64(2.993), np.float64(2.994)]","[UUID('42fcffbe-4c67-42d5-8422-41964417fe65'), UUID('42fcffbe-4c67-42d5-8422-41964417fe65')]","(np.int64(0), np.int64(4))",3,"Vector(-0.629, -0.777)","Vector(-8.947, 0.515)",direct,,42fcffbe-4c67-42d5-8422-41964417fe65,2.981,"Vector(1.000, 0.000)",-145.6393875845498,"Vector(8.947, 3.485)",8.961845661832164,2.966,71.374,2.993,0.002
377,"[np.float64(64.57829754363927), np.float64(64.5830030567537)]","[np.float64(2.993), np.float64(2.994)]","[UUID('1cdea4c4-47c3-4a6b-9e13-3bc22e78ee48'), UUID('1cdea4c4-47c3-4a6b-9e13-3bc22e78ee48')]","(np.float64(0.0), np.float64(4.0799))",3,"Vector(-0.629, -0.777)","Vector(-8.947, 0.595)",echo,wall_obstacle_7,1cdea4c4-47c3-4a6b-9e13-3bc22e78ee48,2.981,"Vector(0.000, -1.000)",-146.14909387509482,"Vector(8.947, 3.485)",8.966791370969885,2.966232944606414,64.581,2.993,0.002
378,"[np.float64(71.06636507000654), np.float64(71.07144226670844)]","[np.float64(3.085), np.float64(3.086)]","[UUID('e4d65ad9-c86e-4299-9afd-c75669f96f11'), UUID('e4d65ad9-c86e-4299-9afd-c75669f96f11')]","(np.int64(3), np.int64(0))",11,"Vector(-0.629, -0.777)","Vector(-5.773, -3.271)",direct,,e4d65ad9-c86e-4299-9afd-c75669f96f11,3.08,"Vector(0.000, 1.000)",-112.8123030142556,"Vector(8.773, 3.271)",6.635278463614018,3.065,71.069,3.085,0.002
379,"[np.float64(67.00055900035149), np.float64(67.00653636254768)]","[np.float64(3.085), np.float64(3.086)]","[UUID('4c9ef70c-e5f9-462b-a1d7-3fec96d5020f'), UUID('4c9ef70c-e5f9-462b-a1d7-3fec96d5020f')]","(np.float64(3.0599), np.float64(0.0))",11,"Vector(-0.629, -0.777)","Vector(-5.713, -3.271)",echo,wall_obstacle_50,4c9ef70c-e5f9-462b-a1d7-3fec96d5020f,3.08,"Vector(-1.000, 0.000)",-112.55532561152047,"Vector(8.773, 3.271)",6.583227455564633,3.065174635568513,67.004,3.085,0.002
380,"[np.float64(71.74044375057726), np.float64(71.74431202556075)]","[np.float64(3.087), np.float64(3.088)]","[UUID('c6459756-d87a-425d-a2ed-c5afbec74ad0'), UUID('c6459756-d87a-425d-a2ed-c5afbec74ad0')]","(np.int64(0), np.int64(4))",3,"Vector(-0.629, -0.777)","Vector(-8.769, 0.734)",direct,,c6459756-d87a-425d-a2ed-c5afbec74ad0,3.08,"Vector(1.000, 0.000)",-147.12966980337933,"Vector(8.769, 3.266)",8.800040237800053,3.061,71.742,3.087,0.002
381,"[np.float64(65.01963476612177), np.float64(65.02431856850299)]","[np.float64(3.087), np.float64(3.088)]","[UUID('554fc63b-2040-4c1d-83d5-202616401907'), UUID('554fc63b-2040-4c1d-83d5-202616401907')]","(np.float64(0.0), np.float64(4.0799))",3,"Vector(-0.629, -0.777)","Vector(-8.769, 0.814)",echo,wall_obstacle_7,554fc63b-2040-4c1d-83d5-202616401907,3.08,"Vector(0.000, -1.000)",-147.64766818654965,"Vector(8.769, 3.266)",8.80706406283615,3.061232944606414,65.022,3.087,0.002
382,"[np.float64(64.95787530675481), np.float64(64.96455142064175)]","[np.float64(3.087), np.float64(3.088)]","[UUID('24d8a072-9420-4265-a916-bd1d18b457b4'), UUID('24d8a072-9420-4265-a916-bd1d18b457b4')]","(np.float64(2.5501), np.float64(0.0))",11,"Vector(-0.629, -0.777)","Vector(-6.219, -3.266)",echo,wall_obstacle_49,24d8a072-9420-4265-a916-bd1d18b457b4,3.08,"Vector(1.000, 0.000)",-114.6392963680469,"Vector(8.769, 3.266)",7.024708273010346,3.06631166180758,64.961,3.087,0.002
383,[np.float64(63.24921039647275)],[np.float64(3.1350000000000002)],[UUID('6f72d4d3-6ac4-4554-b506-9c0df96faecf')],"(np.int64(6), np.int64(10))",32,"Vector(-0.629, -0.777)","Vector(-2.681, 6.843)",direct,,6f72d4d3-6ac4-4554-b506-9c0df96faecf,3.132,"Vector(0.000, -1.000)",149.04456626221116,"Vector(8.681, 3.157)",7.3497138089928375,3.112,63.249,3.135,0.001
384,"[np.float64(80.87452384072034), np.float64(80.88106236509722)]","[np.float64(3.1350000000000002), np.float64(3.136)]","[UUID('90390999-d8f4-4282-856d-3b814c82146d'), UUID('90390999-d8f4-4282-856d-3b814c82146d')]","(np.int64(9), np.int64(0))",17,"Vector(-0.629, -0.777)","Vector(0.321, -3.154)",direct,,90390999-d8f4-4282-856d-3b814c82146d,3.132,"Vector(0.000, 1.000)",-46.52844430446686,"Vector(8.679, 3.154)",3.170536251125352,3.125,80.878,3.135,0.002
385,"[np.float64(66.97396136692873), np.float64(66.98090445628712)]","[np.float64(3.1350000000000002), np.float64(3.136)]","[UUID('7bfebb09-fe3f-4100-a712-e0bbc9992ce2'), UUID('7bfebb09-fe3f-4100-a712-e0bbc9992ce2')]","(np.float64(9.1799), np.float64(0.0))",17,"Vector(-0.629, -0.777)","Vector(0.501, -3.154)",echo,wall_obstacle_62,7bfebb09-fe3f-4100-a712-e0bbc9992ce2,3.132,"Vector(-1.000, 0.000)",-43.31601821795783,"Vector(8.679, 3.154)",3.1937880740117994,3.1255244897959185,66.977,3.135,0.002
386,"[np.float64(71.95758305460757), np.float64(71.96150320419602)]","[np.float64(3.1350000000000002), np.float64(3.136)]","[UUID('ca575765-88a4-429a-a018-037cb884905b'), UUID('ca575765-88a4-429a-a018-037cb884905b')]","(np.int64(10), np.int64(1))",18,"Vector(-0.629, -0.777)","Vector(1.321, -2.154)",direct,,ca575765-88a4-429a-a018-037cb884905b,3.132,"Vector(-1.000, 0.000)",-20.821530993563414,"Vector(8.679, 3.154)",2.527164442552166,3.1270000000000002,71.96,3.135,0.002
387,"[np.float64(87.45462309886628), np.float64(87.46044240882972)]","[np.float64(3.1350000000000002), np.float64(3.136)]","[UUID('6d874cf6-b19e-423f-9912-8edcba64e5f7'), UUID('6d874cf6-b19e-423f-9912-8edcba64e5f7')]","(np.float64(10.0), np.float64(1.0199))",18,"Vector(-0.629, -0.777)","Vector(1.321, -2.134)",echo,wall_obstacle_14,6d874cf6-b19e-423f-9912-8edcba64e5f7,3.132,"Vector(0.000, -1.000)",-20.584040756967568,"Vector(8.679, 3.154)",2.5102228131582267,3.1270580174927116,87.458,3.135,0.002
388,[np.float64(60.474987097144464)],[np.float64(3.1350000000000002)],[UUID('cb318fac-28d0-477c-b19f-885ecf0d0ef5')],"(np.float64(10.0), np.float64(1.5299))",18,"Vector(-0.629, -0.777)","Vector(1.319, -1.627)",echo,wall_obstacle_15,cb318fac-28d0-477c-b19f-885ecf0d0ef5,3.132,"Vector(0.000, -1.000)",-13.29821381842578,"Vector(8.681, 3.157)",2.0944942091349885,3.128544897959184,60.475,3.135,0.001
389,"[np.float64(76.9674593564337), np.float64(76.97359054670967)]","[np.float64(3.136), np.float64(3.137)]","[UUID('8a54f388-4b12-4644-a812-28d0a80f08ba'), UUID('8a54f388-4b12-4644-a812-28d0a80f08ba')]","(np.float64(0.0), np.float64(1.0199))",0,"Vector(-0.629, -0.777)","Vector(-8.677, -2.132)",echo,wall_obstacle_1,8a54f388-4b12-4644-a812-28d0a80f08ba,3.132,"Vector(0.000, -1.000)",-128.5407324464181,"Vector(8.677, 3.152)",8.93485737733401,3.1090580174927114,76.971,3.136,0.002
390,"[np.float64(78.62905030893363), np.float64(78.63833014692719)]","[np.float64(3.136), np.float64(3.137)]","[UUID('940285c0-17bb-4976-a212-eedfb0ae354d'), UUID('940285c0-17bb-4976-a212-eedfb0ae354d')]","(np.float64(8.6701), np.float64(0.0))",17,"Vector(-0.629, -0.777)","Vector(-0.007, -3.152)",echo,wall_obstacle_61,940285c0-17bb-4976-a212-eedfb0ae354d,3.132,"Vector(1.000, 0.000)",-52.466719805531966,"Vector(8.677, 3.152)",3.151887057510151,3.125961807580175,78.634,3.136,0.002
391,[np.float64(69.57267368013612)],[np.float64(3.137)],[UUID('ad9c6118-adc4-46f9-b808-2cbd52277449')],"(np.int64(0), np.int64(8))",7,"Vector(-0.629, -0.777)","Vector(-8.677, 4.848)",direct,,ad9c6118-adc4-46f9-b808-2cbd52277449,3.132,"Vector(1.000, 0.000)",-171.5396193785191,"Vector(8.677, 3.152)",9.939346314889123,3.108,69.573,3.137,0.001
392,"[np.float64(69.85422489705753), np.float64(69.86443013271239)]","[np.float64(3.137), np.float64(3.138)]","[UUID('44dea370-8439-4337-8e34-0a2fb5fc6bf7'), UUID('44dea370-8439-4337-8e34-0a2fb5fc6bf7')]","(np.float64(8.1601), np.float64(0.0))",17,"Vector(-0.629, -0.777)","Vector(-0.515, -3.150)",echo,wall_obstacle_60,44dea370-8439-4337-8e34-0a2fb5fc6bf7,3.132,"Vector(1.000, 0.000)",-61.62813258819614,"Vector(8.675, 3.150)",3.191341982755844,3.1274486880466474,69.859,3.137,0.002
393,"[np.float64(63.428572091763435), np.float64(63.43201548511629)]","[np.float64(3.138), np.float64(3.1390000000000002)]","[UUID('847a0833-7e94-4aed-a031-a83f465feebf'), UUID('847a0833-7e94-4aed-a031-a83f465feebf')]","(np.float64(10.0), np.float64(0.5101))",18,"Vector(-0.629, -0.777)","Vector(1.327, -2.637)",echo,wall_obstacle_13,847a0833-7e94-4aed-a031-a83f465feebf,3.132,"Vector(0.000, 1.000)",-25.63373581584395,"Vector(8.673, 3.147)",2.952178421860711,3.1284282798833822,63.43,3.138,0.002
394,"[np.float64(64.80034261351531), np.float64(64.811008921423)]","[np.float64(3.1390000000000002), np.float64(3.14)]","[UUID('c580da03-0227-4c95-ada6-294cc59c4fe8'), UUID('c580da03-0227-4c95-ada6-294cc59c4fe8')]","(np.float64(7.6501), np.float64(0.0))",17,"Vector(-0.629, -0.777)","Vector(-1.021, -3.145)",echo,wall_obstacle_59,c580da03-0227-4c95-ada6-294cc59c4fe8,3.132,"Vector(1.000, 0.000)",-70.33168172967699,"Vector(8.671, 3.145)",3.306474574543104,3.1289355685131195,64.806,3.139,0.002
395,"[np.float64(69.3423308845275), np.float64(69.34679905887334)]","[np.float64(3.141), np.float64(3.142)]","[UUID('214a04cc-ae2f-437a-a4b6-3950d9a60a29'), UUID('214a04cc-ae2f-437a-a4b6-3950d9a60a29')]","(np.int64(2), np.int64(0))",10,"Vector(-0.629, -0.777)","Vector(-6.667, -3.140)",direct,,214a04cc-ae2f-437a-a4b6-3950d9a60a29,3.132,"Vector(0.000, 1.000)",-117.12558185010163,"Vector(8.667, 3.140)",7.369816852222312,3.119,69.345,3.141,0.002
396,"[np.float64(68.83324885913214), np.float64(68.83864428346038)]","[np.float64(3.141), np.float64(3.142)]","[UUID('0d726d2e-b19e-4329-bc81-811b0cbbf56c'), UUID('0d726d2e-b19e-4329-bc81-811b0cbbf56c')]","(np.float64(2.0399), np.float64(0.0))",10,"Vector(-0.629, -0.777)","Vector(-6.627, -3.140)",echo,wall_obstacle_48,0d726d2e-b19e-4329-bc81-811b0cbbf56c,3.132,"Vector(-1.000, 0.000)",-116.99275827077666,"Vector(8.667, 3.140)",7.3337398583055835,3.1191163265306123,68.836,3.141,0.002
397,"[np.float64(60.84817857173339), np.float64(60.85888024818959)]","[np.float64(3.141), np.float64(3.142)]","[UUID('f3a82600-aa54-4445-af79-0e669389f365'), UUID('f3a82600-aa54-4445-af79-0e669389f365')]","(np.float64(7.1401), np.float64(0.0))",17,"Vector(-0.629, -0.777)","Vector(-1.527, -3.140)",echo,wall_obstacle_58,f3a82600-aa54-4445-af79-0e669389f365,3.132,"Vector(1.000, 0.000)",-78.28098707949262,"Vector(8.667, 3.140)",3.491911422315864,3.130422448979592,60.854,3.141,0.002
398,"[np.float64(73.43732793319067), np.float64(73.44320693246893)]","[np.float64(3.142), np.float64(3.1430000000000002)]","[UUID('b1f9527b-1af1-4e7d-8600-2a19fbd83bd2'), UUID('b1f9527b-1af1-4e7d-8600-2a19fbd83bd2')]","(np.int64(4), np.int64(0))",12,"Vector(-0.629, -0.777)","Vector(-4.665, -3.138)",direct,,b1f9527b-1af1-4e7d-8600-2a19fbd83bd2,3.132,"Vector(0.000, 1.000)",-108.42127074403909,"Vector(8.665, 3.138)",5.622513094239977,3.125,73.44,3.142,0.002
399,"[np.float64(66.94779487790319), np.float64(66.95465024766973)]","[np.float64(3.142), np.float64(3.1430000000000002)]","[UUID('19350e76-87e4-441d-9eb4-fc6deb05eda5'), UUID('19350e76-87e4-441d-9eb4-fc6deb05eda5')]","(np.float64(4.0799), np.float64(0.0))",12,"Vector(-0.629, -0.777)","Vector(-4.586, -3.138)",echo,wall_obstacle_52,19350e76-87e4-441d-9eb4-fc6deb05eda5,3.132,"Vector(-1.000, 0.000)",-107.96144873828042,"Vector(8.665, 3.138)",5.556392875859302,3.125232944606414,66.951,3.142,0.002
400,"[np.float64(62.927449649211724), np.float64(62.93360606935406)]","[np.float64(3.144), np.float64(3.145)]","[UUID('9be88f36-6689-4a5b-8ee6-0befc628c203'), UUID('9be88f36-6689-4a5b-8ee6-0befc628c203')]","(np.float64(1.5301), np.float64(0.0))",10,"Vector(-0.629, -0.777)","Vector(-7.132, -3.133)",echo,wall_obstacle_47,9be88f36-6689-4a5b-8ee6-0befc628c203,3.132,"Vector(1.000, 0.000)",-118.62722913829244,"Vector(8.662, 3.133)",7.789492814047652,3.120369970845481,62.931,3.144,0.002
401,"[np.float64(67.84852522338495), np.float64(67.85598255793779)]","[np.float64(3.144), np.float64(3.145)]","[UUID('6619c025-74b3-4f7d-9b6c-33613dee9ac8'), UUID('6619c025-74b3-4f7d-9b6c-33613dee9ac8')]","(np.float64(3.5701), np.float64(0.0))",12,"Vector(-0.629, -0.777)","Vector(-5.092, -3.133)",echo,wall_obstacle_51,6619c025-74b3-4f7d-9b6c-33613dee9ac8,3.132,"Vector(1.000, 0.000)",-110.73814436540164,"Vector(8.662, 3.133)",5.978383920433681,3.1262533527696794,67.852,3.144,0.002
402,[np.float64(77.98779430398373)],[np.float64(3.184)],[UUID('afd00b4a-7e75-4701-b904-056df2691429')],"(np.int64(6), np.int64(0))",14,"Vector(-0.711, -0.703)","Vector(-2.583, -3.047)",direct,,afd00b4a-7e75-4701-b904-056df2691429,3.182,"Vector(0.000, 1.000)",-92.6325879620703,"Vector(8.583, 3.047)",3.9943040360242987,3.1710000000000003,77.988,3.184,0.001
403,[np.float64(68.04352285535226)],[np.float64(3.184)],[UUID('0ba110d4-86d9-44d0-abca-fe9623ed6de7')],"(np.float64(6.1199), np.float64(0.0))",14,"Vector(-0.711, -0.703)","Vector(-2.463, -3.047)",echo,wall_obstacle_56,0ba110d4-86d9-44d0-abca-fe9623ed6de7,3.182,"Vector(-1.000, 0.000)",-91.29490611091747,"Vector(8.583, 3.047)",3.917842225026424,3.171349562682216,68.044,3.184,0.001
404,"[np.float64(71.79099167086424), np.float64(71.79460803958972)]","[np.float64(3.185), np.float64(3.186)]","[UUID('7f507457-8a00-42d4-b656-21b01bd7a91e'), UUID('7f507457-8a00-42d4-b656-21b01bd7a91e')]","(np.int64(0), np.int64(5))",4,"Vector(-0.711, -0.703)","Vector(-8.579, 1.957)",direct,,7f507457-8a00-42d4-b656-21b01bd7a91e,3.182,"Vector(1.000, 0.000)",-155.19827460596554,"Vector(8.579, 3.043)",8.798990816963046,3.1590000000000003,71.793,3.185,0.002
405,"[np.float64(73.4434497755421), np.float64(73.45299264123487)]","[np.float64(3.185), np.float64(3.186)]","[UUID('45226d42-c115-4aca-bef4-ef566b602347'), UUID('45226d42-c115-4aca-bef4-ef566b602347')]","(np.float64(5.6101), np.float64(0.0))",14,"Vector(-0.711, -0.703)","Vector(-2.968, -3.043)",echo,wall_obstacle_55,45226d42-c115-4aca-bef4-ef566b602347,3.182,"Vector(1.000, 0.000)",-96.63768787642066,"Vector(8.579, 3.043)",4.25082804886295,3.172136734693878,73.448,3.185,0.002
406,"[np.float64(63.16740046414612), np.float64(63.17172404603054)]","[np.float64(3.186), np.float64(3.1870000000000003)]","[UUID('55719996-f5be-4a72-bcb1-3872cd89d198'), UUID('55719996-f5be-4a72-bcb1-3872cd89d198')]","(np.float64(0.0), np.float64(5.0999))",4,"Vector(-0.711, -0.703)","Vector(-8.576, 2.059)",echo,wall_obstacle_9,55719996-f5be-4a72-bcb1-3872cd89d198,3.182,"Vector(0.000, -1.000)",-155.84741964797433,"Vector(8.576, 3.041)",8.820172097096519,3.159291253644315,63.17,3.186,0.002
407,"[np.float64(72.13266872541055), np.float64(72.13686703025905)]","[np.float64(3.1870000000000003), np.float64(3.188)]","[UUID('dd935ffd-6f2d-4fe3-80a1-0b499813679b'), UUID('dd935ffd-6f2d-4fe3-80a1-0b499813679b')]","(np.int64(0), np.int64(4))",3,"Vector(-0.711, -0.703)","Vector(-8.574, 0.962)",direct,,dd935ffd-6f2d-4fe3-80a1-0b499813679b,3.182,"Vector(1.000, 0.000)",-148.7439630212781,"Vector(8.574, 3.038)",8.628015181593042,3.161,72.135,3.187,0.002
408,"[np.float64(65.49325162079904), np.float64(65.4981734354057)]","[np.float64(3.1870000000000003), np.float64(3.188)]","[UUID('c5461791-fa4c-4935-9f0a-6ab7aae6edcc'), UUID('c5461791-fa4c-4935-9f0a-6ab7aae6edcc')]","(np.float64(0.0), np.float64(4.0799))",3,"Vector(-0.711, -0.703)","Vector(-8.574, 1.041)",echo,wall_obstacle_7,c5461791-fa4c-4935-9f0a-6ab7aae6edcc,3.182,"Vector(0.000, -1.000)",-149.27068878525643,"Vector(8.574, 3.038)",8.637284438861556,3.161232944606414,65.496,3.187,0.002
409,"[np.float64(64.59965335281099), np.float64(64.60870117996447)]","[np.float64(3.188), np.float64(3.189)]","[UUID('94a5c101-c02f-47ba-a9e9-3a28dfa2abbf'), UUID('94a5c101-c02f-47ba-a9e9-3a28dfa2abbf')]","(np.float64(5.1001), np.float64(0.0))",14,"Vector(-0.711, -0.703)","Vector(-3.472, -3.036)",echo,wall_obstacle_54,94a5c101-c02f-47ba-a9e9-3a28dfa2abbf,3.182,"Vector(1.000, 0.000)",-101.17520443183437,"Vector(8.572, 3.036)",4.612433610492404,3.1736236151603503,64.604,3.188,0.002
410,"[np.float64(67.61481283277378), np.float64(67.61932404154119)]","[np.float64(3.189), np.float64(3.19)]","[UUID('3750ceed-7bf1-4d2e-89e5-f2262a493a61'), UUID('3750ceed-7bf1-4d2e-89e5-f2262a493a61')]","(np.int64(1), np.int64(0))",9,"Vector(-0.711, -0.703)","Vector(-7.570, -3.034)",direct,,3750ceed-7bf1-4d2e-89e5-f2262a493a61,3.182,"Vector(0.000, 1.000)",-120.5033189307261,"Vector(8.570, 3.034)",8.155472056392567,3.165,67.617,3.189,0.002
411,"[np.float64(73.16750907332819), np.float64(73.17279924467023)]","[np.float64(3.189), np.float64(3.19)]","[UUID('929d8827-6f6d-4aad-8eb5-f042821a2d5a'), UUID('929d8827-6f6d-4aad-8eb5-f042821a2d5a')]","(np.float64(1.0199), np.float64(0.0))",9,"Vector(-0.711, -0.703)","Vector(-7.550, -3.034)",echo,wall_obstacle_46,929d8827-6f6d-4aad-8eb5-f042821a2d5a,3.182,"Vector(-1.000, 0.000)",-120.45118583724371,"Vector(8.570, 3.034)",8.137003998684037,3.1650580174927114,73.17,3.189,0.002
412,"[np.float64(60.889389726214574), np.float64(60.89531063199624)]","[np.float64(3.192), np.float64(3.193)]","[UUID('01e93602-0354-4b63-b9fe-f83c3b67a38b'), UUID('01e93602-0354-4b63-b9fe-f83c3b67a38b')]","(np.float64(0.5101), np.float64(0.0))",9,"Vector(-0.711, -0.703)","Vector(-8.054, -3.028)",echo,wall_obstacle_45,01e93602-0354-4b63-b9fe-f83c3b67a38b,3.182,"Vector(1.000, 0.000)",-121.74047878073308,"Vector(8.564, 3.028)",8.603922588959064,3.166428279883382,60.892,3.192,0.002
413,"[np.float64(70.54825958910524), np.float64(70.55068544513658)]","[np.float64(3.194), np.float64(3.1950000000000003)]","[UUID('69d05200-13d9-48f1-b3a9-6560ff35ae6e'), UUID('69d05200-13d9-48f1-b3a9-6560ff35ae6e')]","(np.int64(0), np.int64(7))",6,"Vector(-0.711, -0.703)","Vector(-8.559, 3.976)",direct,,69d05200-13d9-48f1-b3a9-6560ff35ae6e,3.182,"Vector(1.000, 0.000)",-167.26296703395644,"Vector(8.559, 3.024)",9.437881398894563,3.166,70.549,3.194,0.002
414,"[np.float64(72.21905221686221), np.float64(72.22581783418713)]","[np.float64(3.287), np.float64(3.2880000000000003)]","[UUID('b2d18fc9-1165-44e2-9b29-c5fd5efd7fb4'), UUID('b2d18fc9-1165-44e2-9b29-c5fd5efd7fb4')]","(np.int64(3), np.int64(0))",11,"Vector(-0.872, -0.490)","Vector(-5.336, -2.858)",direct,,b2d18fc9-1165-44e2-9b29-c5fd5efd7fb4,3.2840000000000003,"Vector(0.000, 1.000)",-114.17250660154772,"Vector(8.336, 2.858)",6.053228131336205,3.269,72.222,3.287,0.002
415,"[np.float64(68.30662779551186), np.float64(68.31377711245405)]","[np.float64(3.287), np.float64(3.2880000000000003)]","[UUID('803754e7-7a08-42b3-b80f-99760cb0284b'), UUID('803754e7-7a08-42b3-b80f-99760cb0284b')]","(np.float64(3.0599), np.float64(0.0))",11,"Vector(-0.872, -0.490)","Vector(-5.276, -2.858)",echo,wall_obstacle_50,803754e7-7a08-42b3-b80f-99760cb0284b,3.2840000000000003,"Vector(-1.000, 0.000)",-113.90246522456249,"Vector(8.336, 2.858)",6.000491349547969,3.2691746355685134,68.31,3.287,0.002
416,"[np.float64(68.1284585135099), np.float64(68.13417140748501)]","[np.float64(3.289), np.float64(3.29)]","[UUID('7dfac7ec-6195-4113-a900-47fad9713b78'), UUID('7dfac7ec-6195-4113-a900-47fad9713b78')]","(np.int64(1), np.int64(0))",9,"Vector(-0.872, -0.490)","Vector(-7.331, -2.855)",direct,,7dfac7ec-6195-4113-a900-47fad9713b78,3.2840000000000003,"Vector(0.000, 1.000)",-121.0670679236788,"Vector(8.331, 2.855)",7.867180774559588,3.266,68.131,3.289,0.002
417,"[np.float64(73.73852206766311), np.float64(73.74458935729929)]","[np.float64(3.289), np.float64(3.29)]","[UUID('73e3f653-af97-4063-9b18-1c778bd92889'), UUID('73e3f653-af97-4063-9b18-1c778bd92889')]","(np.float64(1.0199), np.float64(0.0))",9,"Vector(-0.872, -0.490)","Vector(-7.311, -2.855)",echo,wall_obstacle_46,73e3f653-af97-4063-9b18-1c778bd92889,3.2840000000000003,"Vector(-1.000, 0.000)",-121.01434878527506,"Vector(8.331, 2.855)",7.848640718086158,3.2660580174927114,73.742,3.289,0.002
418,"[np.float64(72.21878011789516), np.float64(72.22330330767254)]","[np.float64(3.29), np.float64(3.291)]","[UUID('797fff8f-68d7-4f81-8232-a2802ab9f5ad'), UUID('797fff8f-68d7-4f81-8232-a2802ab9f5ad')]","(np.int64(0), np.int64(5))",4,"Vector(-0.872, -0.490)","Vector(-8.328, 2.146)",direct,,797fff8f-68d7-4f81-8232-a2802ab9f5ad,3.2840000000000003,"Vector(1.000, 0.000)",-156.79798818190238,"Vector(8.328, 2.854)",8.600411706621957,3.2640000000000002,72.221,3.29,0.002
419,"[np.float64(63.644803849462804), np.float64(63.64961976157751)]","[np.float64(3.29), np.float64(3.291)]","[UUID('f4e804d4-9f7a-431b-a255-5b0191d85e8e'), UUID('f4e804d4-9f7a-431b-a255-5b0191d85e8e')]","(np.float64(0.0), np.float64(5.0999))",4,"Vector(-0.872, -0.490)","Vector(-8.328, 2.246)",echo,wall_obstacle_9,f4e804d4-9f7a-431b-a255-5b0191d85e8e,3.2840000000000003,"Vector(0.000, -1.000)",-157.44056931947716,"Vector(8.328, 2.854)",8.62588698276299,3.264291253644315,63.647,3.29,0.002
420,"[np.float64(66.36674478929575), np.float64(66.3739468744521)]","[np.float64(3.29), np.float64(3.291)]","[UUID('fd2689e4-062f-4b9c-813c-e83b21627102'), UUID('fd2689e4-062f-4b9c-813c-e83b21627102')]","(np.float64(2.5501), np.float64(0.0))",11,"Vector(-0.872, -0.490)","Vector(-5.778, -2.854)",echo,wall_obstacle_49,fd2689e4-062f-4b9c-813c-e83b21627102,3.2840000000000003,"Vector(1.000, 0.000)",-116.06308250572525,"Vector(8.328, 2.854)",6.444350307315704,3.2703116618075803,66.37,3.29,0.002
421,"[np.float64(70.83789611107309), np.float64(70.84132706839033)]","[np.float64(3.291), np.float64(3.2920000000000003)]","[UUID('f2d35ee9-f1f8-4de9-ae33-50053413f5d5'), UUID('f2d35ee9-f1f8-4de9-ae33-50053413f5d5')]","(np.int64(0), np.int64(7))",6,"Vector(-0.872, -0.490)","Vector(-8.326, 4.148)",direct,,f2d35ee9-f1f8-4de9-ae33-50053413f5d5,3.2840000000000003,"Vector(1.000, 0.000)",-168.82854193202598,"Vector(8.326, 2.852)",9.301703481255462,3.263,70.84,3.291,0.002
422,"[np.float64(61.50043922682575), np.float64(61.506662018735824)]","[np.float64(3.2920000000000003), np.float64(3.293)]","[UUID('0147c190-825e-4c6a-b9c1-26023dee6bb1'), UUID('0147c190-825e-4c6a-b9c1-26023dee6bb1')]","(np.float64(0.5101), np.float64(0.0))",9,"Vector(-0.872, -0.490)","Vector(-7.813, -2.851)",echo,wall_obstacle_45,0147c190-825e-4c6a-b9c1-26023dee6bb1,3.2840000000000003,"Vector(1.000, 0.000)",-122.30069803276642,"Vector(8.323, 2.851)",8.316714407324564,3.267428279883382,61.504,3.292,0.002
423,"[np.float64(68.67059575019697), np.float64(68.6750539250902)]","[np.float64(3.394), np.float64(3.395)]","[UUID('83cd5721-612e-4aa1-acd8-0dfd484a2ec2'), UUID('83cd5721-612e-4aa1-acd8-0dfd484a2ec2')]","(np.int64(1), np.int64(0))",9,"Vector(-0.699, -0.715)","Vector(-7.081, -2.665)",direct,,83cd5721-612e-4aa1-acd8-0dfd484a2ec2,3.392,"Vector(0.000, 1.000)",-121.72212766315776,"Vector(8.081, 2.665)",7.566116134721962,3.371,68.673,3.394,0.002
424,"[np.float64(74.34684696923358), np.float64(74.35224678802223)]","[np.float64(3.394), np.float64(3.395)]","[UUID('8f0ffcc2-33cc-4749-905f-b928855cd153'), UUID('8f0ffcc2-33cc-4749-905f-b928855cd153')]","(np.float64(1.0199), np.float64(0.0))",9,"Vector(-0.699, -0.715)","Vector(-7.061, -2.665)",echo,wall_obstacle_46,8f0ffcc2-33cc-4749-905f-b928855cd153,3.392,"Vector(-1.000, 0.000)",-121.66891798297728,"Vector(8.081, 2.665)",7.547494658765914,3.3710580174927114,74.35,3.394,0.002
425,"[np.float64(62.14428638995024), np.float64(62.15035656747432)]","[np.float64(3.396), np.float64(3.3970000000000002)]","[UUID('b3d4cd6b-1c92-446d-9c9d-d0c3971ec63e'), UUID('b3d4cd6b-1c92-446d-9c9d-d0c3971ec63e')]","(np.float64(0.5101), np.float64(0.0))",9,"Vector(-0.699, -0.715)","Vector(-7.567, -2.661)",echo,wall_obstacle_45,b3d4cd6b-1c92-446d-9c9d-d0c3971ec63e,3.392,"Vector(1.000, 0.000)",-122.97298534332806,"Vector(8.077, 2.661)",8.021087453587574,3.372428279883382,62.147,3.396,0.002
426,"[np.float64(72.64427473791478), np.float64(72.64761734512848)]","[np.float64(3.3970000000000002), np.float64(3.398)]","[UUID('f61ae30b-6c72-4937-ac23-031f67ccd7b7'), UUID('f61ae30b-6c72-4937-ac23-031f67ccd7b7')]","(np.int64(0), np.int64(5))",4,"Vector(-0.699, -0.715)","Vector(-8.075, 2.341)",direct,,f61ae30b-6c72-4937-ac23-031f67ccd7b7,3.392,"Vector(1.000, 0.000)",-158.51602300281115,"Vector(8.075, 2.659)",8.407579492493662,3.372,72.646,3.397,0.002
427,"[np.float64(64.131501013969), np.float64(64.13571140607485)]","[np.float64(3.3970000000000002), np.float64(3.398)]","[UUID('d6b4b412-0b52-405d-ac85-d8ccca244985'), UUID('d6b4b412-0b52-405d-ac85-d8ccca244985')]","(np.float64(0.0), np.float64(5.0999))",4,"Vector(-0.699, -0.715)","Vector(-8.075, 2.441)",echo,wall_obstacle_9,d6b4b412-0b52-405d-ac85-d8ccca244985,3.392,"Vector(0.000, -1.000)",-159.16770016117584,"Vector(8.075, 2.659)",8.435947050248714,3.3722912536443146,64.134,3.397,0.002
428,"[np.float64(61.86717451344258), np.float64(61.87631650160715)]","[np.float64(3.498), np.float64(3.499)]","[UUID('06cccd60-4f8f-42eb-a4c6-e52234d35a19'), UUID('06cccd60-4f8f-42eb-a4c6-e52234d35a19')]","(np.float64(4.5901), np.float64(0.0))",14,"Vector(-0.480, -0.877)","Vector(-3.304, -2.417)",echo,wall_obstacle_53,06cccd60-4f8f-42eb-a4c6-e52234d35a19,3.496,"Vector(1.000, 0.000)",-106.16611003470756,"Vector(7.894, 2.417)",4.093645305836841,3.485110495626822,61.872,3.498,0.002
429,"[np.float64(69.05555166107199), np.float64(69.05824765672267)]","[np.float64(3.499), np.float64(3.5)]","[UUID('d7ee7f6f-5b13-4d60-874f-483b25670c93'), UUID('d7ee7f6f-5b13-4d60-874f-483b25670c93')]","(np.int64(1), np.int64(0))",9,"Vector(-0.480, -0.877)","Vector(-6.893, -2.414)",direct,,d7ee7f6f-5b13-4d60-874f-483b25670c93,3.496,"Vector(0.000, 1.000)",-123.04519876808716,"Vector(7.893, 2.414)",7.3033953290028055,3.477,69.057,3.499,0.002
430,"[np.float64(74.85956598014154), np.float64(74.86378762496578)]","[np.float64(3.499), np.float64(3.5)]","[UUID('6c3d7e85-7c9c-4835-b1b0-3705565834a0'), UUID('6c3d7e85-7c9c-4835-b1b0-3705565834a0')]","(np.float64(1.0199), np.float64(0.0))",9,"Vector(-0.480, -0.877)","Vector(-6.873, -2.414)",echo,wall_obstacle_46,6c3d7e85-7c9c-4835-b1b0-3705565834a0,3.496,"Vector(-1.000, 0.000)",-122.9934660463715,"Vector(7.893, 2.414)",7.284616690650235,3.4770580174927113,74.862,3.499,0.002
431,"[np.float64(72.914855378303), np.float64(72.91664388689489)]","[np.float64(3.501), np.float64(3.5020000000000002)]","[UUID('cc8a8e1a-0aea-4257-945f-98c42fc1173d'), UUID('cc8a8e1a-0aea-4257-945f-98c42fc1173d')]","(np.int64(0), np.int64(5))",4,"Vector(-0.480, -0.877)","Vector(-7.890, 2.591)",direct,,cc8a8e1a-0aea-4257-945f-98c42fc1173d,3.496,"Vector(1.000, 0.000)",-160.5273178485782,"Vector(7.890, 2.409)",8.30470599275495,3.476,72.916,3.501,0.002
432,"[np.float64(64.52177608357948), np.float64(64.52501168151622)]","[np.float64(3.501), np.float64(3.5020000000000002)]","[UUID('907a8cbe-0feb-40cc-abc7-130ccbce4616'), UUID('907a8cbe-0feb-40cc-abc7-130ccbce4616')]","(np.float64(0.0), np.float64(5.0999))",4,"Vector(-0.480, -0.877)","Vector(-7.890, 2.691)",echo,wall_obstacle_9,907a8cbe-0feb-40cc-abc7-130ccbce4616,3.496,"Vector(0.000, -1.000)",-161.17965789297023,"Vector(7.890, 2.409)",8.336418497538377,3.4762912536443147,64.523,3.501,0.002
433,"[np.float64(62.75202600537518), np.float64(62.757322604208376)]","[np.float64(3.5020000000000002), np.float64(3.503)]","[UUID('8f696806-b637-47c4-a2ca-5193d6bfb9f0'), UUID('8f696806-b637-47c4-a2ca-5193d6bfb9f0')]","(np.float64(0.5101), np.float64(0.0))",9,"Vector(-0.480, -0.877)","Vector(-7.379, -2.406)",echo,wall_obstacle_45,8f696806-b637-47c4-a2ca-5193d6bfb9f0,3.496,"Vector(1.000, 0.000)",-124.28513314970733,"Vector(7.889, 2.406)",7.760894898837376,3.478428279883382,62.755,3.502,0.002
434,"[np.float64(79.31418235590913), np.float64(79.32027590964327)]","[np.float64(3.5060000000000002), np.float64(3.507)]","[UUID('40a09cb6-7634-46d7-9897-30287c62161a'), UUID('40a09cb6-7634-46d7-9897-30287c62161a')]","(np.float64(0.0), np.float64(1.0199))",0,"Vector(-0.480, -0.877)","Vector(-7.883, -1.376)",echo,wall_obstacle_1,40a09cb6-7634-46d7-9897-30287c62161a,3.496,"Vector(0.000, -1.000)",-132.44673557702313,"Vector(7.883, 2.396)",8.001984575066363,3.4820580174927116,79.317,3.506,0.002
435,"[np.float64(73.00963855859115), np.float64(73.00951386694422)]","[np.float64(3.61), np.float64(3.611)]","[UUID('b3252349-efba-459d-ab5b-d7a3522d3c08'), UUID('b3252349-efba-459d-ab5b-d7a3522d3c08')]","(np.int64(0), np.int64(5))",4,"Vector(-0.208, -0.978)","Vector(-7.776, 2.896)",direct,,b3252349-efba-459d-ab5b-d7a3522d3c08,3.606,"Vector(1.000, 0.000)",-162.77381105915293,"Vector(7.776, 2.104)",8.298379568626636,3.585,73.01,3.61,0.002
436,"[np.float64(64.8062037965288), np.float64(64.80810991300777)]","[np.float64(3.61), np.float64(3.611)]","[UUID('9547b2c5-e070-4571-b0d5-c79e6e1e0b72'), UUID('9547b2c5-e070-4571-b0d5-c79e6e1e0b72')]","(np.float64(0.0), np.float64(5.0999))",4,"Vector(-0.208, -0.978)","Vector(-7.776, 2.996)",echo,wall_obstacle_9,9547b2c5-e070-4571-b0d5-c79e6e1e0b72,3.606,"Vector(0.000, -1.000)",-163.41745525162298,"Vector(7.776, 2.104)",8.33377406635193,3.5852912536443147,64.807,3.61,0.002
437,"[np.float64(66.68312161389686), np.float64(66.67453126894492)]","[np.float64(3.61), np.float64(3.611)]","[UUID('1598237d-956e-45ea-9289-73c150767414'), UUID('1598237d-956e-45ea-9289-73c150767414')]","(np.float64(10.0), np.float64(2.5501))",20,"Vector(-0.208, -0.978)","Vector(2.224, 0.447)",echo,wall_obstacle_17,1598237d-956e-45ea-9289-73c150767414,3.606,"Vector(0.000, 1.000)",49.009747004208236,"Vector(7.776, 2.104)",2.267903384405958,3.60331166180758,66.679,3.61,0.002
438,"[np.float64(79.92221107078741), np.float64(79.92722838061577)]","[np.float64(3.615), np.float64(3.616)]","[UUID('512b34bb-7b29-4f47-8510-c344e636c510'), UUID('512b34bb-7b29-4f47-8510-c344e636c510')]","(np.float64(0.0), np.float64(1.0199))",0,"Vector(-0.208, -0.978)","Vector(-7.773, -1.069)",echo,wall_obstacle_1,512b34bb-7b29-4f47-8510-c344e636c510,3.606,"Vector(0.000, -1.000)",-134.51510032550195,"Vector(7.773, 2.089)",7.846553119204636,3.5920580174927115,79.925,3.615,0.002
439,"[np.float64(72.90735927897802), np.float64(72.90545197346886)]","[np.float64(3.713), np.float64(3.714)]","[UUID('7479e226-0ca1-42da-aaa1-1a9b7b3bbef4'), UUID('7479e226-0ca1-42da-aaa1-1a9b7b3bbef4')]","(np.int64(0), np.int64(5))",4,"Vector(0.060, -0.998)","Vector(-7.753, 3.203)",direct,,7479e226-0ca1-42da-aaa1-1a9b7b3bbef4,3.709,"Vector(1.000, 0.000)",-164.79519862459495,"Vector(7.753, 1.797)",8.388503137270677,3.688,72.906,3.713,0.002
440,"[np.float64(64.93562277038129), np.float64(64.93616073752375)]","[np.float64(3.713), np.float64(3.714)]","[UUID('0f3900f4-579c-45a4-b628-1c6aa0423c0a'), UUID('0f3900f4-579c-45a4-b628-1c6aa0423c0a')]","(np.float64(0.0), np.float64(5.0999))",4,"Vector(0.060, -0.998)","Vector(-7.753, 3.303)",echo,wall_obstacle_9,0f3900f4-579c-45a4-b628-1c6aa0423c0a,3.709,"Vector(0.000, -1.000)",-165.42295142839248,"Vector(7.753, 1.797)",8.427158015962439,3.688291253644315,64.936,3.713,0.002
441,"[np.float64(63.13797209840637), np.float64(63.15224813189141)]","[np.float64(3.72), np.float64(3.721)]","[UUID('8e0f67e8-ceae-417b-b2c7-bbb0999245da'), UUID('8e0f67e8-ceae-417b-b2c7-bbb0999245da')]","(np.float64(7.65001), np.float64(0.0001))",0,"Vector(0.060, -0.998)","Vector(-0.104, -1.776)",echo,wall_obstacle_59,8e0f67e8-ceae-417b-b2c7-bbb0999245da,3.709,"Vector(0.056, 0.998)",-55.698463352111844,"Vector(7.754, 1.776)",1.7786748263243624,3.7142897144645715,63.145,3.72,0.002
442,"[np.float64(60.17902423956931), np.float64(60.192716440514644)]","[np.float64(3.72), np.float64(3.721)]","[UUID('de071a23-13f2-4f9b-bdaf-0251ade405ac'), UUID('de071a23-13f2-4f9b-bdaf-0251ade405ac')]","(np.float64(8.15998), np.float64(0.0001))",0,"Vector(0.060, -0.998)","Vector(0.406, -1.776)",echo,wall_obstacle_60,de071a23-13f2-4f9b-bdaf-0251ade405ac,3.709,"Vector(-0.220, 0.976)",-39.46796344872544,"Vector(7.754, 1.776)",1.8214415116879268,3.7144137312618772,60.186,3.72,0.002
443,"[np.float64(64.23549270155773), np.float64(64.24821025290906)]","[np.float64(3.721), np.float64(3.722)]","[UUID('5804ad73-e868-48de-a756-df25246e476d'), UUID('5804ad73-e868-48de-a756-df25246e476d')]","(np.float64(7.14003), np.float64(9e-05))",0,"Vector(0.060, -0.998)","Vector(-0.614, -1.773)",echo,wall_obstacle_58,5804ad73-e868-48de-a756-df25246e476d,3.709,"Vector(0.320, 0.947)",-71.4557131040977,"Vector(7.754, 1.773)",1.8760376804851229,3.7145745126144805,64.242,3.721,0.002
444,[np.float64(71.39117741156572)],[np.float64(3.722)],[UUID('a0781141-e1ec-4d6d-a111-4b0ab96651b3')],"(np.int64(2), np.int64(0))",10,"Vector(0.060, -0.998)","Vector(-5.754, -1.773)",direct,,a0781141-e1ec-4d6d-a111-4b0ab96651b3,3.709,"Vector(0.000, 1.000)",-125.22263482569979,"Vector(7.754, 1.773)",6.0211008059988504,3.704,71.391,3.722,0.001
445,[np.float64(71.64566761483144)],[np.float64(3.722)],[UUID('a7de820e-067d-4e3b-98eb-759fa6699a3d')],"(np.float64(2.0399), np.float64(0.0))",10,"Vector(0.060, -0.998)","Vector(-5.714, -1.773)",echo,wall_obstacle_48,a7de820e-067d-4e3b-98eb-759fa6699a3d,3.709,"Vector(-1.000, 0.000)",-125.11013616858156,"Vector(7.754, 1.773)",5.982980876619948,3.7041163265306123,71.646,3.722,0.001
446,[np.float64(63.50683145234952)],[np.float64(3.722)],[UUID('c3e24913-58ba-49cc-aa0f-9ed98e527508')],"(np.float64(6.63005), np.float64(9e-05))",0,"Vector(0.060, -0.998)","Vector(-1.124, -1.773)",echo,wall_obstacle_57,c3e24913-58ba-49cc-aa0f-9ed98e527508,3.709,"Vector(0.526, 0.850)",-84.72731234583527,"Vector(7.754, 1.773)",2.099058410668936,3.7152121071275785,63.507,3.722,0.001
447,[np.float64(64.98442456159846)],[np.float64(3.811)],[UUID('90c197c7-88ee-4d8e-a9a0-d0c1a126232a')],"(np.float64(0.0), np.float64(5.0999))",4,"Vector(0.060, -0.998)","Vector(-7.770, 3.593)",echo,wall_obstacle_9,90c197c7-88ee-4d8e-a9a0-d0c1a126232a,3.8080000000000003,"Vector(0.000, -1.000)",-167.16318141423176,"Vector(7.770, 1.507)",8.560853868072975,3.784291253644315,64.984,3.811,0.001
448,"[np.float64(80.69865105885474), np.float64(80.70196923797764)]","[np.float64(3.817), np.float64(3.818)]","[UUID('3d054503-663b-4c4f-97e4-d88d35d25977'), UUID('3d054503-663b-4c4f-97e4-d88d35d25977')]","(np.float64(0.0), np.float64(1.0199))",0,"Vector(0.060, -0.998)","Vector(-7.771, -0.466)",echo,wall_obstacle_1,3d054503-663b-4c4f-97e4-d88d35d25977,3.8080000000000003,"Vector(0.000, -1.000)",-138.91544005417532,"Vector(7.771, 1.486)",7.78544680092286,3.7940580174927114,80.7,3.817,0.002
449,"[np.float64(66.67108035956306), np.float64(66.68805072690627)]","[np.float64(3.817), np.float64(3.818)]","[UUID('b0364798-f2d1-419c-9a3f-ec61afec15b3'), UUID('b0364798-f2d1-419c-9a3f-ec61afec15b3')]","(np.float64(7.65001), np.float64(0.0001))",0,"Vector(0.060, -0.998)","Vector(-0.121, -1.486)",echo,wall_obstacle_59,b0364798-f2d1-419c-9a3f-ec61afec15b3,3.8080000000000003,"Vector(0.079, 0.997)",-57.020624833048885,"Vector(7.771, 1.486)",1.490559351418118,3.8124321254968923,66.68,3.817,0.002
450,"[np.float64(71.2258682308393), np.float64(71.22395067281224)]","[np.float64(3.818), np.float64(3.819)]","[UUID('a23d0b66-3c3f-459b-b246-e1929483902b'), UUID('a23d0b66-3c3f-459b-b246-e1929483902b')]","(np.int64(2), np.int64(0))",10,"Vector(0.060, -0.998)","Vector(-5.772, -1.483)",direct,,a23d0b66-3c3f-459b-b246-e1929483902b,3.8080000000000003,"Vector(0.000, 1.000)",-127.93807226559373,"Vector(7.772, 1.483)",5.959087091702889,3.8000000000000003,71.225,3.818,0.002
451,"[np.float64(71.73176484302226), np.float64(71.7325501769778)]","[np.float64(3.818), np.float64(3.819)]","[UUID('64c02fa8-9cd0-4c6f-9213-24957e3d0333'), UUID('64c02fa8-9cd0-4c6f-9213-24957e3d0333')]","(np.float64(2.0399), np.float64(0.0))",10,"Vector(0.060, -0.998)","Vector(-5.732, -1.483)",echo,wall_obstacle_48,64c02fa8-9cd0-4c6f-9213-24957e3d0333,3.8080000000000003,"Vector(-1.000, 0.000)",-127.84199569757865,"Vector(7.772, 1.483)",5.920450228867733,3.8001163265306124,71.732,3.818,0.002
452,"[np.float64(67.65808909479551), np.float64(67.67238457316913)]","[np.float64(3.818), np.float64(3.819)]","[UUID('8289d59b-5f30-45b0-8e02-397005c9f188'), UUID('8289d59b-5f30-45b0-8e02-397005c9f188')]","(np.float64(7.14004), np.float64(9e-05))",0,"Vector(0.060, -0.998)","Vector(-0.632, -1.483)",echo,wall_obstacle_58,8289d59b-5f30-45b0-8e02-397005c9f188,3.8080000000000003,"Vector(0.384, 0.923)",-75.42091064356214,"Vector(7.772, 1.483)",1.6115617127494684,3.812784577475855,67.665,3.818,0.002
453,"[np.float64(63.1394452294942), np.float64(63.15564667332501)]","[np.float64(3.818), np.float64(3.819)]","[UUID('7d0d7954-69a8-42cd-9c34-465220c1955c'), UUID('7d0d7954-69a8-42cd-9c34-465220c1955c')]","(np.float64(8.15998), np.float64(0.0001))",0,"Vector(0.060, -0.998)","Vector(0.388, -1.483)",echo,wall_obstacle_60,7d0d7954-69a8-42cd-9c34-465220c1955c,3.8080000000000003,"Vector(-0.249, 0.968)",-37.66917239087866,"Vector(7.772, 1.483)",1.532615183958452,3.812562527338722,63.148,3.818,0.002
454,"[np.float64(66.31692069118156), np.float64(66.32739445656439)]","[np.float64(3.819), np.float64(3.8200000000000003)]","[UUID('5be725d1-f74a-4e87-bcd3-83d1cd4fea8b'), UUID('5be725d1-f74a-4e87-bcd3-83d1cd4fea8b')]","(np.float64(6.63006), np.float64(8e-05))",0,"Vector(0.060, -0.998)","Vector(-1.142, -1.480)",echo,wall_obstacle_57,5be725d1-f74a-4e87-bcd3-83d1cd4fea8b,3.8080000000000003,"Vector(0.601, 0.799)",-90.0019130154819,"Vector(7.772, 1.480)",1.868968102884584,3.813528284311448,66.322,3.819,0.002
455,[np.float64(66.37464504972617)],[np.float64(3.821)],[UUID('284976cb-98d9-4776-97e4-0c73400ca152')],"(np.float64(1.5301), np.float64(0.0))",10,"Vector(0.060, -0.998)","Vector(-6.242, -1.477)",echo,wall_obstacle_47,284976cb-98d9-4776-97e4-0c73400ca152,3.8080000000000003,"Vector(1.000, 0.000)",-129.0350573830051,"Vector(7.772, 1.477)",6.414245587479481,3.801369970845481,66.375,3.821,0.001
456,[np.float64(63.69934414276499)],[np.float64(3.821)],[UUID('8e63e1c3-cb1a-46b1-a78c-d566e8846186')],"(np.float64(6.12007), np.float64(7e-05))",0,"Vector(0.060, -0.998)","Vector(-1.652, -1.477)",echo,wall_obstacle_56,8e63e1c3-cb1a-46b1-a78c-d566e8846186,3.8080000000000003,"Vector(0.736, 0.677)",-100.55263503264507,"Vector(7.772, 1.477)",2.21574584203604,3.8145309443362305,63.699,3.821,0.001
457,[np.float64(74.28427762844434)],[np.float64(3.856)],[UUID('59cee37f-a555-45f7-b3a9-f9af3f6dc8af')],"(np.float64(6.1201), np.float64(0.0))",15,"Vector(0.060, -0.998)","Vector(-1.658, -1.372)",echo,wall_obstacle_56,59cee37f-a555-45f7-b3a9-f9af3f6dc8af,3.853,"Vector(1.000, 0.000)",-102.74004406866453,"Vector(7.778, 1.372)",2.152292597208846,3.848565306122449,74.284,3.856,0.001
458,"[np.float64(67.87672148373359), np.float64(67.88362910554623)]","[np.float64(3.858), np.float64(3.859)]","[UUID('a20ff121-cdbd-494e-b004-1b54cdc93ab8'), UUID('a20ff121-cdbd-494e-b004-1b54cdc93ab8')]","(np.float64(5.6101), np.float64(0.0))",15,"Vector(0.060, -0.998)","Vector(-2.169, -1.363)",echo,wall_obstacle_55,a20ff121-cdbd-494e-b004-1b54cdc93ab8,3.853,"Vector(1.000, 0.000)",-110.19550763249303,"Vector(7.779, 1.363)",2.561576772322079,3.8500521865889215,67.88,3.858,0.002
459,"[np.float64(62.836444949727486), np.float64(62.84165697534659)]","[np.float64(3.861), np.float64(3.862)]","[UUID('af36caee-9409-48d0-a569-6442e95b5306'), UUID('af36caee-9409-48d0-a569-6442e95b5306')]","(np.float64(5.1001), np.float64(0.0))",15,"Vector(0.060, -0.998)","Vector(-2.679, -1.354)",echo,wall_obstacle_54,af36caee-9409-48d0-a569-6442e95b5306,3.853,"Vector(1.000, 0.000)",-115.53323806736671,"Vector(7.779, 1.354)",3.0020744164660544,3.8515390670553935,62.839,3.861,0.002
460,"[np.float64(69.37337300684345), np.float64(69.38845499081262)]","[np.float64(3.862), np.float64(3.863)]","[UUID('735e0dae-b71a-48af-a0bc-e892242969c2'), UUID('735e0dae-b71a-48af-a0bc-e892242969c2')]","(np.float64(7.14004), np.float64(9e-05))",0,"Vector(0.060, -0.998)","Vector(-0.640, -1.351)",echo,wall_obstacle_58,735e0dae-b71a-48af-a0bc-e892242969c2,3.853,"Vector(0.419, 0.908)",-77.67724358245083,"Vector(7.780, 1.351)",1.494790994487189,3.8574347352096536,69.381,3.862,0.002
461,"[np.float64(68.51730060280023), np.float64(68.5359023794591)]","[np.float64(3.862), np.float64(3.863)]","[UUID('b484640f-2239-445a-ab8d-41873c43cb49'), UUID('b484640f-2239-445a-ab8d-41873c43cb49')]","(np.float64(7.65001), np.float64(0.0001))",0,"Vector(0.060, -0.998)","Vector(-0.130, -1.351)",echo,wall_obstacle_59,b484640f-2239-445a-ab8d-41873c43cb49,3.853,"Vector(0.092, 0.996)",-57.824405285485525,"Vector(7.780, 1.351)",1.357250776606888,3.8570432947382387,68.527,3.862,0.002
462,"[np.float64(64.61962523215449), np.float64(64.6372706109651)]","[np.float64(3.862), np.float64(3.863)]","[UUID('e536ecbe-380c-4bf4-a8ad-46db1ab53ffc'), UUID('e536ecbe-380c-4bf4-a8ad-46db1ab53ffc')]","(np.float64(8.15997), np.float64(0.0001))",0,"Vector(0.060, -0.998)","Vector(0.380, -1.351)",echo,wall_obstacle_60,e536ecbe-380c-4bf4-a8ad-46db1ab53ffc,3.853,"Vector(-0.267, 0.964)",-36.621617778975406,"Vector(7.780, 1.351)",1.4035730972770888,3.8571774232437748,64.628,3.862,0.002
463,"[np.float64(67.65312636515293), np.float64(67.66366252526511)]","[np.float64(3.864), np.float64(3.865)]","[UUID('41f08f51-5904-4cf6-84bf-b2d5be445c2b'), UUID('41f08f51-5904-4cf6-84bf-b2d5be445c2b')]","(np.float64(6.63006), np.float64(8e-05))",0,"Vector(0.060, -0.998)","Vector(-1.150, -1.345)",echo,wall_obstacle_57,41f08f51-5904-4cf6-84bf-b2d5be445c2b,3.853,"Vector(0.639, 0.769)",-92.87217401124916,"Vector(7.780, 1.345)",1.7696149632335278,3.858235152566992,67.658,3.864,0.002
464,[np.float64(64.6583079132478)],[np.float64(3.866)],[UUID('4d7f4ec3-9484-4657-b082-c282a6ca2987')],"(np.float64(6.12008), np.float64(6e-05))",0,"Vector(0.060, -0.998)","Vector(-1.660, -1.342)",echo,wall_obstacle_56,4d7f4ec3-9484-4657-b082-c282a6ca2987,3.853,"Vector(0.768, 0.640)",-103.39073532619133,"Vector(7.780, 1.342)",2.13473307418047,3.8592903325381553,64.658,3.866,0.001
465,"[np.float64(70.7652117136196), np.float64(70.78598198848195)]","[np.float64(3.911), np.float64(3.912)]","[UUID('ac72eadc-67a6-4a9c-b4a8-aef4e2cc0878'), UUID('ac72eadc-67a6-4a9c-b4a8-aef4e2cc0878')]","(np.float64(7.65001), np.float64(0.0001))",0,"Vector(0.060, -0.998)","Vector(-0.138, -1.205)",echo,wall_obstacle_59,ac72eadc-67a6-4a9c-b4a8-aef4e2cc0878,3.903,"Vector(0.110, 0.994)",-58.9004045474238,"Vector(7.788, 1.205)",1.2124660571331471,3.9066123150264853,70.776,3.911,0.002
466,"[np.float64(66.39251296963872), np.float64(66.41208270159817)]","[np.float64(3.911), np.float64(3.912)]","[UUID('4cce3445-52d2-45b5-bc11-35d9b432e41a'), UUID('4cce3445-52d2-45b5-bc11-35d9b432e41a')]","(np.float64(8.15997), np.float64(0.0001))",0,"Vector(0.060, -0.998)","Vector(0.372, -1.205)",echo,wall_obstacle_60,4cce3445-52d2-45b5-bc11-35d9b432e41a,3.903,"Vector(-0.290, 0.957)",-35.202673748715966,"Vector(7.788, 1.205)",1.2605419525347024,3.906751457033648,66.402,3.911,0.002
467,"[np.float64(71.43000660487681), np.float64(71.44599965274696)]","[np.float64(3.912), np.float64(3.9130000000000003)]","[UUID('8921895f-cd74-48ff-b5cd-618fbafe4331'), UUID('8921895f-cd74-48ff-b5cd-618fbafe4331')]","(np.float64(7.14005), np.float64(9e-05))",0,"Vector(0.060, -0.998)","Vector(-0.649, -1.202)",echo,wall_obstacle_58,8921895f-cd74-48ff-b5cd-618fbafe4331,3.903,"Vector(0.465, 0.885)",-80.703720910791,"Vector(7.789, 1.202)",1.3654169825002178,3.907055286999897,71.438,3.912,0.002
468,"[np.float64(60.259945597089505), np.float64(60.27409213689986)]","[np.float64(3.912), np.float64(3.9130000000000003)]","[UUID('7a6d0687-27fb-4cf2-a700-2624f8c89cdf'), UUID('7a6d0687-27fb-4cf2-a700-2624f8c89cdf')]","(np.float64(8.66994), np.float64(8e-05))",0,"Vector(0.060, -0.998)","Vector(0.881, -1.202)",echo,wall_obstacle_61,7a6d0687-27fb-4cf2-a700-2624f8c89cdf,3.903,"Vector(-0.583, 0.813)",-16.085783252452302,"Vector(7.789, 1.202)",1.4901445099385495,3.9074180925976947,60.267,3.912,0.002
469,"[np.float64(72.47351915294513), np.float64(72.47108894487857)]","[np.float64(3.9130000000000003), np.float64(3.914)]","[UUID('0482a40d-f5a4-4f42-89d4-02c6851db2b7'), UUID('0482a40d-f5a4-4f42-89d4-02c6851db2b7')]","(np.int64(0), np.int64(5))",4,"Vector(0.060, -0.998)","Vector(-7.789, 3.801)",direct,,0482a40d-f5a4-4f42-89d4-02c6851db2b7,3.903,"Vector(1.000, 0.000)",-168.36031445342388,"Vector(7.789, 1.199)",8.666907157919715,3.887,72.472,3.913,0.002
470,"[np.float64(69.14938609871254), np.float64(69.15986329098048)]","[np.float64(3.9130000000000003), np.float64(3.914)]","[UUID('95458f2d-6843-40c9-a246-f8ecaaa75b43'), UUID('95458f2d-6843-40c9-a246-f8ecaaa75b43')]","(np.float64(6.63007), np.float64(7e-05))",0,"Vector(0.060, -0.998)","Vector(-1.159, -1.199)",echo,wall_obstacle_57,95458f2d-6843-40c9-a246-f8ecaaa75b43,3.903,"Vector(0.685, 0.729)",-96.37625275108728,"Vector(7.789, 1.199)",1.6671013323130661,3.9079257914655003,69.155,3.913,0.002
471,[np.float64(65.69417712442214)],[np.float64(3.916)],[UUID('5eaac69e-0d81-48db-bec5-4be70f0b1fa6')],"(np.float64(6.12008), np.float64(6e-05))",0,"Vector(0.060, -0.998)","Vector(-1.669, -1.193)",echo,wall_obstacle_56,5eaac69e-0d81-48db-bec5-4be70f0b1fa6,3.903,"Vector(0.804, 0.594)",-106.79792256543244,"Vector(7.789, 1.193)",2.051366312485413,3.9090417584129384,65.694,3.916,0.001
472,"[np.float64(74.69786721257387), np.float64(74.72071414962717)]","[np.float64(3.968), np.float64(3.969)]","[UUID('bba741a6-6de7-4a26-9333-858ce57f93d5'), UUID('bba741a6-6de7-4a26-9333-858ce57f93d5')]","(np.float64(7.65001), np.float64(0.0001))",0,"Vector(0.194, -0.981)","Vector(-0.161, -1.035)",echo,wall_obstacle_59,bba741a6-6de7-4a26-9333-858ce57f93d5,3.9610000000000003,"Vector(0.146, 0.989)",-61.195486375686656,"Vector(7.811, 1.035)",1.0477844416195536,3.964120530619785,74.709,3.968,0.002
473,"[np.float64(69.70146361769682), np.float64(69.72467274291778)]","[np.float64(3.968), np.float64(3.969)]","[UUID('e1341dba-dfcc-4260-ba1c-a35d5a3109bc'), UUID('e1341dba-dfcc-4260-ba1c-a35d5a3109bc')]","(np.float64(8.15997), np.float64(9e-05))",0,"Vector(0.194, -0.981)","Vector(0.349, -1.035)",echo,wall_obstacle_60,e1341dba-dfcc-4260-ba1c-a35d5a3109bc,3.9610000000000003,"Vector(-0.317, 0.949)",-33.72875338322723,"Vector(7.811, 1.035)",1.0924838854646781,3.9642543988299312,69.713,3.968,0.002
474,"[np.float64(74.85710676219537), np.float64(74.87177604306837)]","[np.float64(3.969), np.float64(3.97)]","[UUID('782e9fd1-c44a-4de9-9690-c4369cb8d828'), UUID('782e9fd1-c44a-4de9-9690-c4369cb8d828')]","(np.float64(7.14005), np.float64(8e-05))",0,"Vector(0.194, -0.981)","Vector(-0.672, -1.032)",echo,wall_obstacle_58,782e9fd1-c44a-4de9-9690-c4369cb8d828,3.9610000000000003,"Vector(0.533, 0.846)",-85.39611371630453,"Vector(7.812, 1.032)",1.2316914141537236,3.9646477094777692,74.864,3.969,0.002
475,"[np.float64(62.6413154472159), np.float64(62.65805533624253)]","[np.float64(3.969), np.float64(3.97)]","[UUID('a29a247a-e4db-4295-8a08-72eb56a77c2b'), UUID('a29a247a-e4db-4295-8a08-72eb56a77c2b')]","(np.float64(8.66994), np.float64(8e-05))",0,"Vector(0.194, -0.981)","Vector(0.858, -1.032)",echo,wall_obstacle_61,a29a247a-e4db-4295-8a08-72eb56a77c2b,3.9610000000000003,"Vector(-0.632, 0.775)",-12.611211414032027,"Vector(7.812, 1.032)",1.3424792492251043,3.964983163616101,62.65,3.969,0.002
476,"[np.float64(71.7343866475063), np.float64(71.742208808143)]","[np.float64(3.971), np.float64(3.972)]","[UUID('8354dec4-5a0f-43fd-9ae5-365035841bbc'), UUID('8354dec4-5a0f-43fd-9ae5-365035841bbc')]","(np.float64(6.63007), np.float64(7e-05))",0,"Vector(0.194, -0.981)","Vector(-1.183, -1.027)",echo,wall_obstacle_57,8354dec4-5a0f-43fd-9ae5-365035841bbc,3.9610000000000003,"Vector(0.743, 0.669)",-101.39356367868616,"Vector(7.813, 1.027)",1.5661891344278953,3.965614651774936,71.738,3.971,0.002
477,"[np.float64(67.65810198415961), np.float64(67.66218823877905)]","[np.float64(3.973), np.float64(3.974)]","[UUID('5dacd587-051e-49aa-b691-f787ff54860a'), UUID('5dacd587-051e-49aa-b691-f787ff54860a')]","(np.float64(6.12008), np.float64(5e-05))",0,"Vector(0.194, -0.981)","Vector(-1.694, -1.021)",echo,wall_obstacle_56,5dacd587-051e-49aa-b691-f787ff54860a,3.9610000000000003,"Vector(0.847, 0.532)",-111.2763354715548,"Vector(7.814, 1.021)",1.977747323724646,3.9668056855352756,67.66,3.973,0.002
478,[np.float64(68.04172091874388)],[np.float64(4.073)],[UUID('477c3abf-e025-4cb5-bc30-e2e55e9c55d2')],"(np.int64(1), np.int64(0))",9,"Vector(0.465, -0.885)","Vector(-6.914, -0.742)",direct,,477c3abf-e025-4cb5-bc30-e2e55e9c55d2,4.07,"Vector(0.000, 1.000)",-136.21804442320416,"Vector(7.914, 0.742)",6.953998445915846,4.051,68.042,4.073,0.001
479,[np.float64(75.28820742404223)],[np.float64(4.073)],[UUID('b71b88b0-f590-4373-bfb0-45a4615dc68e')],"(np.float64(1.0199), np.float64(0.0))",9,"Vector(0.465, -0.885)","Vector(-6.894, -0.742)",echo,wall_obstacle_46,b71b88b0-f590-4373-bfb0-45a4615dc68e,4.07,"Vector(-1.000, 0.000)",-136.2004932605733,"Vector(7.914, 0.742)",6.934212460676411,4.0510580174927115,75.288,4.073,0.001
480,"[np.float64(63.79012283358047), np.float64(63.78798604761596)]","[np.float64(4.075), np.float64(4.0760000000000005)]","[UUID('70bcfa99-9573-4d67-864e-d4eb67fbf9db'), UUID('70bcfa99-9573-4d67-864e-d4eb67fbf9db')]","(np.float64(0.5101), np.float64(0.0))",9,"Vector(0.465, -0.885)","Vector(-7.408, -0.734)",echo,wall_obstacle_45,70bcfa99-9573-4d67-864e-d4eb67fbf9db,4.07,"Vector(1.000, 0.000)",-136.68499195667212,"Vector(7.918, 0.734)",7.4446412512424,4.052428279883382,63.789,4.075,0.002
481,"[np.float64(83.5203001145888), np.float64(83.5419241931398)]","[np.float64(4.075), np.float64(4.0760000000000005)]","[UUID('b29f58bd-e042-4ad5-825d-f7b411a21073'), UUID('b29f58bd-e042-4ad5-825d-f7b411a21073')]","(np.float64(7.65003), np.float64(9e-05))",0,"Vector(0.465, -0.885)","Vector(-0.268, -0.734)",echo,wall_obstacle_59,b29f58bd-e042-4ad5-825d-f7b411a21073,4.07,"Vector(0.328, 0.945)",-72.42695236650471,"Vector(7.918, 0.734)",0.7817247393424364,4.072314759436835,83.531,4.075,0.002
482,"[np.float64(77.89119596579604), np.float64(77.92431141071884)]","[np.float64(4.075), np.float64(4.0760000000000005)]","[UUID('dd6bf098-d092-4d90-98bb-81d06d93ee84'), UUID('dd6bf098-d092-4d90-98bb-81d06d93ee84')]","(np.float64(8.15997), np.float64(9e-05))",0,"Vector(0.465, -0.885)","Vector(0.242, -0.734)",echo,wall_obstacle_60,dd6bf098-d092-4d90-98bb-81d06d93ee84,4.07,"Vector(-0.316, 0.949)",-34.13580035104991,"Vector(7.918, 0.734)",0.7729077441066301,4.072305189836412,77.908,4.075,0.002
483,"[np.float64(80.89694664706208), np.float64(80.90229335658972)]","[np.float64(4.077), np.float64(4.078)]","[UUID('ec9fda53-d57e-4615-8acc-94c5cee53712'), UUID('ec9fda53-d57e-4615-8acc-94c5cee53712')]","(np.float64(7.14007), np.float64(7e-05))",0,"Vector(0.465, -0.885)","Vector(-0.781, -0.729)",echo,wall_obstacle_58,ec9fda53-d57e-4615-8acc-94c5cee53712,4.07,"Vector(0.716, 0.698)",-99.32720028120762,"Vector(7.921, 0.729)",1.0684056029898008,4.073134234499288,80.9,4.077,0.002
484,"[np.float64(68.36802892275416), np.float64(68.39215190668355)]","[np.float64(4.077), np.float64(4.078)]","[UUID('14d42cf9-a832-4bb8-8af3-f36822094316'), UUID('14d42cf9-a832-4bb8-8af3-f36822094316')]","(np.float64(8.66993), np.float64(7e-05))",0,"Vector(0.465, -0.885)","Vector(0.749, -0.729)",echo,wall_obstacle_61,14d42cf9-a832-4bb8-8af3-f36822094316,4.07,"Vector(-0.712, 0.703)",-6.577364616243159,"Vector(7.921, 0.729)",1.0449219464151378,4.073113003248156,68.38,4.077,0.002
485,"[np.float64(60.58015279970312), np.float64(60.579070315700626)]","[np.float64(4.078), np.float64(4.079)]","[UUID('5d0739dd-10b5-4653-90e1-8728e0aff701'), UUID('5d0739dd-10b5-4653-90e1-8728e0aff701')]","(np.float64(9e-05), np.float64(0.50995))",9,"Vector(0.465, -0.885)","Vector(-7.923, -0.216)",echo,wall_obstacle_0,5d0739dd-10b5-4653-90e1-8728e0aff701,4.07,"Vector(0.891, -0.454)",-140.7811409739636,"Vector(7.923, 0.726)",7.925473790253804,4.054272416522448,60.58,4.078,0.002
486,"[np.float64(75.5885312237643), np.float64(75.58780197906533)]","[np.float64(4.079), np.float64(4.08)]","[UUID('185a5503-dfd5-454b-9225-b5d51e3b0aa0'), UUID('185a5503-dfd5-454b-9225-b5d51e3b0aa0')]","(np.float64(6.63009), np.float64(5e-05))",0,"Vector(0.465, -0.885)","Vector(-1.294, -0.724)",echo,wall_obstacle_57,185a5503-dfd5-454b-9225-b5d51e3b0aa0,4.07,"Vector(0.863, 0.506)",-113.13001451180098,"Vector(7.924, 0.724)",1.4824979082953202,4.074325518376339,75.588,4.079,0.002
487,"[np.float64(60.41457696088466), np.float64(60.43044072132786)]","[np.float64(4.079), np.float64(4.08)]","[UUID('3ac45516-907e-4bc8-bc2f-3899a54c6563'), UUID('3ac45516-907e-4bc8-bc2f-3899a54c6563')]","(np.float64(9.17991), np.float64(5e-05))",0,"Vector(0.465, -0.885)","Vector(1.256, -0.724)",echo,wall_obstacle_62,3ac45516-907e-4bc8-bc2f-3899a54c6563,4.07,"Vector(-0.861, 0.509)",7.705878472963889,"Vector(7.924, 0.724)",1.4494505469659875,4.07429988877503,60.423,4.079,0.002
488,"[np.float64(70.41464820049566), np.float64(70.41199964610475)]","[np.float64(4.082), np.float64(4.083)]","[UUID('61f8726c-dbb9-4874-9198-d26ede10e71a'), UUID('61f8726c-dbb9-4874-9198-d26ede10e71a')]","(np.float64(6.12009), np.float64(4e-05))",0,"Vector(0.465, -0.885)","Vector(-1.808, -0.716)",echo,wall_obstacle_56,61f8726c-dbb9-4874-9198-d26ede10e71a,4.07,"Vector(0.922, 0.387)",-120.75203246021896,"Vector(7.928, 0.716)",1.9445512549943238,4.075658493957721,70.413,4.082,0.002
489,"[np.float64(89.61255178688673), np.float64(89.65551764829802)]","[np.float64(4.18), np.float64(4.181)]","[UUID('20925dcf-689d-4991-88b5-8d47316a68f1'), UUID('20925dcf-689d-4991-88b5-8d47316a68f1')]","(np.float64(8.15999), np.float64(0.0001))",0,"Vector(0.693, -0.721)","Vector(0.059, -0.479)",echo,wall_obstacle_60,20925dcf-689d-4991-88b5-8d47316a68f1,4.1770000000000005,"Vector(-0.136, 0.991)",-45.34719984885044,"Vector(8.101, 0.479)",0.48276669448088483,4.178435594019249,89.634,4.18,0.002
490,"[np.float64(91.22378098865599), np.float64(91.2240045877994)]","[np.float64(4.181), np.float64(4.182)]","[UUID('e9e995b2-c1cf-411f-9268-8b6850f19915'), UUID('e9e995b2-c1cf-411f-9268-8b6850f19915')]","(np.float64(7.65007), np.float64(7e-05))",0,"Vector(0.693, -0.721)","Vector(-0.453, -0.477)",echo,wall_obstacle_59,e9e995b2-c1cf-411f-9268-8b6850f19915,4.1770000000000005,"Vector(0.672, 0.740)",-95.87616504443893,"Vector(8.103, 0.477)",0.6579812109779428,4.178920754038292,91.224,4.181,0.002
491,"[np.float64(75.87456344933217), np.float64(75.91084510184768)]","[np.float64(4.182), np.float64(4.183)]","[UUID('83703f04-2bd3-4d98-9913-a5c580ed1c16'), UUID('83703f04-2bd3-4d98-9913-a5c580ed1c16')]","(np.float64(8.66992), np.float64(6e-05))",0,"Vector(0.693, -0.721)","Vector(0.565, -0.475)",echo,wall_obstacle_61,83703f04-2bd3-4d98-9913-a5c580ed1c16,4.1770000000000005,"Vector(-0.764, 0.646)",-2.4134555924134133,"Vector(8.105, 0.475)",0.7377549594546959,4.179203062159911,75.893,4.182,0.002
492,"[np.float64(83.70685534676105), np.float64(83.69746131351206)]","[np.float64(4.184), np.float64(4.1850000000000005)]","[UUID('8d5c2d5b-46d7-4939-97ac-796a233321ff'), UUID('8d5c2d5b-46d7-4939-97ac-796a233321ff')]","(np.float64(7.14009), np.float64(5e-05))",0,"Vector(0.693, -0.721)","Vector(-0.969, -0.471)",echo,wall_obstacle_58,8d5c2d5b-46d7-4939-97ac-796a233321ff,4.1770000000000005,"Vector(0.890, 0.456)",-116.45194456016192,"Vector(8.109, 0.471)",1.0775815033676106,4.180120703572298,83.702,4.184,0.002
493,"[np.float64(65.60315316629823), np.float64(65.62534354595789)]","[np.float64(4.184), np.float64(4.1850000000000005)]","[UUID('9d315fce-6179-4a36-8a63-4be34fc324a1'), UUID('9d315fce-6179-4a36-8a63-4be34fc324a1')]","(np.float64(9.17991), np.float64(4e-05))",0,"Vector(0.693, -0.721)","Vector(1.070, -0.471)",echo,wall_obstacle_62,9d315fce-6179-4a36-8a63-4be34fc324a1,4.1770000000000005,"Vector(-0.912, 0.409)",13.92274172818037,"Vector(8.109, 0.471)",1.1692963373328422,4.180473815168124,65.614,4.184,0.002
494,"[np.float64(63.2888132435043), np.float64(63.285363674940356)]","[np.float64(4.1850000000000005), np.float64(4.186)]","[UUID('cdf3dea3-6f9a-42a6-a309-d59a32208695'), UUID('cdf3dea3-6f9a-42a6-a309-d59a32208695')]","(np.int64(10), np.int64(5))",22,"Vector(0.693, -0.721)","Vector(1.888, 4.532)",direct,,cdf3dea3-6f9a-42a6-a309-d59a32208695,4.1770000000000005,"Vector(-1.000, 0.000)",105.03151308741042,"Vector(8.112, 0.468)",4.9092700074247295,4.17,63.287,4.185,0.002
495,"[np.float64(68.17094279432486), np.float64(68.17013801455151)]","[np.float64(4.1850000000000005), np.float64(4.186)]","[UUID('25e6ad9e-6cff-4847-84a6-509bd9454116'), UUID('25e6ad9e-6cff-4847-84a6-509bd9454116')]","(np.float64(10.0), np.float64(5.0999))",22,"Vector(0.693, -0.721)","Vector(1.888, 4.631)",echo,wall_obstacle_22,25e6ad9e-6cff-4847-84a6-509bd9454116,4.1770000000000005,"Vector(0.000, -1.000)",105.47172797518238,"Vector(8.112, 0.468)",5.001630904994889,4.170291253644315,68.171,4.185,0.002
496,"[np.float64(76.8434514650427), np.float64(76.83397798213927)]","[np.float64(4.187), np.float64(4.188)]","[UUID('85078117-9e6a-49ed-ae1f-0dac297ba8d8'), UUID('85078117-9e6a-49ed-ae1f-0dac297ba8d8')]","(np.float64(6.63009), np.float64(3e-05))",0,"Vector(0.693, -0.721)","Vector(-1.486, -0.464)",echo,wall_obstacle_57,85078117-9e6a-49ed-ae1f-0dac297ba8d8,4.1770000000000005,"Vector(0.949, 0.316)",-124.99645308113186,"Vector(8.116, 0.464)",1.556449030325118,4.181495560375077,76.839,4.187,0.002
497,[np.float64(62.98096590915179)],[np.float64(4.19)],[UUID('2a24e232-a6f2-4fd1-94cb-d7bdb6f4b7d9')],"(np.float64(6.6299), np.float64(0.0))",14,"Vector(0.693, -0.721)","Vector(-1.490, -0.460)",echo,wall_obstacle_57,2a24e232-a6f2-4fd1-94cb-d7bdb6f4b7d9,4.1770000000000005,"Vector(-1.000, 0.000)",-125.1945748212114,"Vector(8.120, 0.460)",1.5593312120906193,4.184836443148688,62.981,4.19,0.001
498,[np.float64(60.96602944980202)],[np.float64(4.19)],[UUID('8f748f59-6477-4e0f-9493-61390cd00782')],"(np.float64(7.1399), np.float64(0.0))",14,"Vector(0.693, -0.721)","Vector(-0.980, -0.460)",echo,wall_obstacle_58,8f748f59-6477-4e0f-9493-61390cd00782,4.1770000000000005,"Vector(-1.000, 0.000)",-117.20860549939748,"Vector(8.120, 0.460)",1.0825082119780893,4.18632332361516,60.966,4.19,0.001
499,[np.float64(61.99962678926701)],[np.float64(4.19)],[UUID('3ead7482-e740-4834-b8cb-fac5a0250fa0')],"(np.float64(7.6499), np.float64(0.0))",14,"Vector(0.693, -0.721)","Vector(-0.470, -0.460)",echo,wall_obstacle_59,3ead7482-e740-4834-b8cb-fac5a0250fa0,4.1770000000000005,"Vector(-1.000, 0.000)",-97.97150805940161,"Vector(8.120, 0.460)",0.6575212764618344,4.187810204081632,62.0,4.19,0.001
500,[np.float64(103.64572455578643)],[np.float64(4.283)],[UUID('a7906c78-bd9f-4a98-a0c4-39e6df37c33a')],"(np.float64(8.16005), np.float64(9e-05))",0,"Vector(0.693, -0.721)","Vector(-0.153, -0.259)",echo,wall_obstacle_60,a7906c78-bd9f-4a98-a0c4-39e6df37c33a,4.28,"Vector(0.485, 0.875)",-82.97671996832408,"Vector(8.313, 0.259)",0.30083759406031685,4.280884425660955,103.646,4.283,0.001
501,"[np.float64(84.92772566270901), np.float64(84.98757841798103)]","[np.float64(4.283), np.float64(4.284)]","[UUID('657030d6-be19-4aea-b29c-744069de1e00'), UUID('657030d6-be19-4aea-b29c-744069de1e00')]","(np.float64(8.66992), np.float64(6e-05))",0,"Vector(0.693, -0.721)","Vector(0.355, -0.257)",echo,wall_obstacle_61,657030d6-be19-4aea-b29c-744069de1e00,4.28,"Vector(-0.807, 0.590)",1.743124392954087,"Vector(8.315, 0.257)",0.4377072457705036,4.281310549445802,84.958,4.283,0.002
502,"[np.float64(61.2260501704083), np.float64(61.2105934550182)]","[np.float64(4.284), np.float64(4.285)]","[UUID('edcdd548-86a5-4f44-8a76-a88db1c1e49f'), UUID('edcdd548-86a5-4f44-8a76-a88db1c1e49f')]","(np.float64(7.6499), np.float64(0.0))",14,"Vector(0.693, -0.721)","Vector(-0.668, -0.255)",echo,wall_obstacle_59,edcdd548-86a5-4f44-8a76-a88db1c1e49f,4.28,"Vector(-1.000, 0.000)",-121.46778248337193,"Vector(8.317, 0.255)",0.7145018159529057,4.281810204081633,61.218,4.284,0.002
503,"[np.float64(91.78613434948724), np.float64(91.76980060455487)]","[np.float64(4.285), np.float64(4.2860000000000005)]","[UUID('79a92258-27e1-487d-bfc7-4dd0d4743fb7'), UUID('79a92258-27e1-487d-bfc7-4dd0d4743fb7')]","(np.float64(7.65009), np.float64(4e-05))",0,"Vector(0.693, -0.721)","Vector(-0.669, -0.252)",echo,wall_obstacle_59,79a92258-27e1-487d-bfc7-4dd0d4743fb7,4.28,"Vector(0.927, 0.375)",-121.68632736014685,"Vector(8.320, 0.252)",0.7154889064828329,4.282065821102413,91.778,4.285,0.002
504,"[np.float64(66.3296680218182), np.float64(66.35146309401082)]","[np.float64(4.285), np.float64(4.2860000000000005)]","[UUID('5d65b105-b3b4-4b6a-899f-33bd4201eb1c'), UUID('5d65b105-b3b4-4b6a-899f-33bd4201eb1c')]","(np.float64(8.1599), np.float64(0.0))",14,"Vector(0.693, -0.721)","Vector(-0.160, -0.252)",echo,wall_obstacle_60,5d65b105-b3b4-4b6a-899f-33bd4201eb1c,4.28,"Vector(-1.000, 0.000)",-84.65602362561472,"Vector(8.320, 0.252)",0.2987232997273564,4.283297084548105,66.341,4.285,0.002
505,"[np.float64(70.25970741197175), np.float64(70.28679347492557)]","[np.float64(4.2860000000000005), np.float64(4.287)]","[UUID('4c34fd35-c28d-40d7-9663-0f9c947f6ed5'), UUID('4c34fd35-c28d-40d7-9663-0f9c947f6ed5')]","(np.float64(9.1799), np.float64(3e-05))",0,"Vector(0.693, -0.721)","Vector(0.858, -0.250)",echo,wall_obstacle_62,4c34fd35-c28d-40d7-9663-0f9c947f6ed5,4.28,"Vector(-0.957, 0.291)",21.396964961413772,"Vector(8.322, 0.250)",0.8939984009493529,4.282659675949791,70.273,4.286,0.002
506,"[np.float64(60.72879421008013), np.float64(60.791609639238644)]","[np.float64(4.287), np.float64(4.288)]","[UUID('a26e7d20-6c5c-4f3e-a3fa-f9354d217fc5'), UUID('a26e7d20-6c5c-4f3e-a3fa-f9354d217fc5')]","(np.float64(8.6699), np.float64(0.0))",14,"Vector(0.693, -0.721)","Vector(0.346, -0.248)",echo,wall_obstacle_61,a26e7d20-6c5c-4f3e-a3fa-f9354d217fc5,4.28,"Vector(-1.000, 0.000)",2.019897435919205,"Vector(8.324, 0.248)",0.4259249833010503,4.284783965014578,60.76,4.287,0.002
507,"[np.float64(61.46334766162574), np.float64(61.48049136317018)]","[np.float64(4.289), np.float64(4.29)]","[UUID('2d4d9445-e52d-4a9d-bc54-2b6e83eed4bb'), UUID('2d4d9445-e52d-4a9d-bc54-2b6e83eed4bb')]","(np.float64(9.6899), np.float64(2e-05))",0,"Vector(0.693, -0.721)","Vector(1.362, -0.244)",echo,wall_obstacle_63,2d4d9445-e52d-4a9d-bc54-2b6e83eed4bb,4.28,"Vector(-0.982, 0.189)",27.50564661270039,"Vector(8.328, 0.244)",1.3836598412182093,4.284105103243501,61.472,4.289,0.002
508,"[np.float64(62.907314808095336), np.float64(62.90357068868203)]","[np.float64(4.291), np.float64(4.292)]","[UUID('3f41963d-93e5-427c-8d77-694aac170cd9'), UUID('3f41963d-93e5-427c-8d77-694aac170cd9')]","(np.int64(10), np.int64(5))",22,"Vector(0.693, -0.721)","Vector(1.668, 4.760)",direct,,3f41963d-93e5-427c-8d77-694aac170cd9,4.28,"Vector(-1.000, 0.000)",108.34541572660629,"Vector(8.332, 0.240)",5.044236537138202,4.276,62.905,4.291,0.002
509,"[np.float64(68.05875437760662), np.float64(68.05746695353834)]","[np.float64(4.292), np.float64(4.293)]","[UUID('1772c508-b8da-4b51-af66-4440aa1d2b48'), UUID('1772c508-b8da-4b51-af66-4440aa1d2b48')]","(np.float64(10.0), np.float64(5.0999))",22,"Vector(0.693, -0.721)","Vector(1.666, 4.863)",echo,wall_obstacle_22,1772c508-b8da-4b51-af66-4440aa1d2b48,4.28,"Vector(0.000, -1.000)",108.74348719429622,"Vector(8.334, 0.237)",5.139991766472004,4.276291253644315,68.058,4.292,0.002
510,[np.float64(107.01413576317188)],[np.float64(4.33)],[UUID('f313c12c-65b9-4d60-a479-73b768b47c03')],"(np.float64(8.16008), np.float64(6e-05))",0,"Vector(0.693, -0.721)","Vector(-0.251, -0.157)",echo,wall_obstacle_60,f313c12c-65b9-4d60-a479-73b768b47c03,4.327,"Vector(0.831, 0.556)",-110.25993305522957,"Vector(8.411, 0.157)",0.2962622773827272,4.327858743747067,107.014,4.33,0.001
511,[np.float64(91.1714919191268)],[np.float64(4.33)],[UUID('67439f1c-a67a-4040-8482-67372dc57091')],"(np.float64(8.66991), np.float64(5e-05))",0,"Vector(0.693, -0.721)","Vector(0.259, -0.157)",echo,wall_obstacle_61,67439f1c-a67a-4040-8482-67372dc57091,4.327,"Vector(-0.851, 0.526)",6.352109183633587,"Vector(8.411, 0.157)",0.30291295251276396,4.327908512552573,91.171,4.33,0.001
512,[np.float64(62.09372213260066)],[np.float64(4.331)],[UUID('ac564b99-35b6-4f48-8114-3ce798c02f83')],"(np.float64(8.1599), np.float64(0.0))",13,"Vector(0.693, -0.721)","Vector(-0.253, -0.155)",echo,wall_obstacle_60,ac564b99-35b6-4f48-8114-3ce798c02f83,4.327,"Vector(-1.000, 0.000)",-110.83462660168848,"Vector(8.413, 0.155)",0.2970765318903531,4.328212536443148,62.094,4.331,0.001
513,"[np.float64(63.73503616923222), np.float64(63.76487621673556)]","[np.float64(4.331), np.float64(4.332)]","[UUID('b2040a8b-fb85-4af6-896d-21796571d102'), UUID('b2040a8b-fb85-4af6-896d-21796571d102')]","(np.float64(9.1799), np.float64(0.0))",16,"Vector(0.693, -0.721)","Vector(0.765, -0.153)",echo,wall_obstacle_62,b2040a8b-fb85-4af6-896d-21796571d102,4.327,"Vector(-1.000, 0.000)",26.331628522155825,"Vector(8.415, 0.153)",0.7798283750928791,4.328439941690962,63.75,4.331,0.002
514,"[np.float64(60.195170948089924), np.float64(60.282289060684406)]","[np.float64(4.331), np.float64(4.332)]","[UUID('3a9a77b3-68c6-479a-8be4-f855a786872f'), UUID('3a9a77b3-68c6-479a-8be4-f855a786872f')]","(np.float64(8.6699), np.float64(0.0))",13,"Vector(0.693, -0.721)","Vector(0.255, -0.153)",echo,wall_obstacle_61,3a9a77b3-68c6-479a-8be4-f855a786872f,4.327,"Vector(-1.000, 0.000)",6.637861263359639,"Vector(8.415, 0.153)",0.2971351453463558,4.329699416909621,60.239,4.331,0.002
515,"[np.float64(72.69188355533078), np.float64(72.72128003844155)]","[np.float64(4.332), np.float64(4.333)]","[UUID('adc3cc24-a071-48a2-8409-ecd754f945bd'), UUID('adc3cc24-a071-48a2-8409-ecd754f945bd')]","(np.float64(9.1799), np.float64(2e-05))",0,"Vector(0.693, -0.721)","Vector(0.763, -0.151)",echo,wall_obstacle_62,adc3cc24-a071-48a2-8409-ecd754f945bd,4.327,"Vector(-0.978, 0.207)",26.459078842475947,"Vector(8.417, 0.151)",0.7773627658950484,4.329309587123259,72.707,4.332,0.002
516,"[np.float64(63.00024397159667), np.float64(63.01796739866582)]","[np.float64(4.335), np.float64(4.336)]","[UUID('f9d789cb-4e67-4e3c-b19e-8d56ed7d9330'), UUID('f9d789cb-4e67-4e3c-b19e-8d56ed7d9330')]","(np.float64(9.6899), np.float64(1e-05))",0,"Vector(0.693, -0.721)","Vector(1.266, -0.144)",echo,wall_obstacle_63,f9d789cb-4e67-4e3c-b19e-8d56ed7d9330,4.327,"Vector(-0.992, 0.127)",31.146493010350724,"Vector(8.424, 0.144)",1.2745431967964052,4.330776851425492,63.009,4.335,0.002
517,"[np.float64(95.11797729393524), np.float64(95.15548060095165)]","[np.float64(4.337), np.float64(4.338)]","[UUID('1af7f1e8-a54a-4afb-8cf8-f705d8d9cdee'), UUID('1af7f1e8-a54a-4afb-8cf8-f705d8d9cdee')]","(np.int64(9), np.int64(0))",17,"Vector(0.693, -0.721)","Vector(0.572, -0.140)",direct,,1af7f1e8-a54a-4afb-8cf8-f705d8d9cdee,4.327,"Vector(0.000, 1.000)",23.893532034402057,"Vector(8.428, 0.140)",0.5891816149541667,4.335,95.137,4.337,0.002
518,"[np.float64(102.98698266979181), np.float64(103.07889296569668)]","[np.float64(4.337), np.float64(4.338)]","[UUID('5e7bc12a-f86d-4c63-b45e-979d3b0c5ee2'), UUID('5e7bc12a-f86d-4c63-b45e-979d3b0c5ee2')]","(np.float64(8.6701), np.float64(0.0))",17,"Vector(0.693, -0.721)","Vector(0.242, -0.140)",echo,wall_obstacle_61,5e7bc12a-f86d-4c63-b45e-979d3b0c5ee2,4.327,"Vector(1.000, 0.000)",7.615961332815744,"Vector(8.428, 0.140)",0.2799736405449627,4.3359618075801745,103.033,4.337,0.002
519,"[np.float64(81.28106539734256), np.float64(81.31119195019717)]","[np.float64(4.338), np.float64(4.339)]","[UUID('fc937c8d-b359-46fe-970f-dc0e56c61a6c'), UUID('fc937c8d-b359-46fe-970f-dc0e56c61a6c')]","(np.float64(9.1799), np.float64(0.0))",17,"Vector(0.693, -0.721)","Vector(0.750, -0.138)",echo,wall_obstacle_62,fc937c8d-b359-46fe-970f-dc0e56c61a6c,4.327,"Vector(-1.000, 0.000)",27.23068302848202,"Vector(8.430, 0.138)",0.762677027450021,4.335524489795918,81.296,4.338,0.002
520,"[np.float64(93.7436788148079), np.float64(93.71760063446052)]","[np.float64(4.339), np.float64(4.34)]","[UUID('dd0bc1b7-7556-45a8-8268-42f79e8ba1ad'), UUID('dd0bc1b7-7556-45a8-8268-42f79e8ba1ad')]","(np.float64(8.1601), np.float64(0.0))",17,"Vector(0.693, -0.721)","Vector(-0.272, -0.136)",echo,wall_obstacle_60,dd0bc1b7-7556-45a8-8268-42f79e8ba1ad,4.327,"Vector(1.000, 0.000)",-115.79138275144922,"Vector(8.432, 0.136)",0.3038413944807389,4.337448688046647,93.731,4.339,0.002
521,[np.float64(99.91926918288647)],[np.float64(4.3790000000000004)],[UUID('47349dd5-161b-4918-af6c-3ff0b3c617f2')],"(np.float64(8.6699), np.float64(3e-05))",0,"Vector(0.611, -0.792)","Vector(0.162, -0.047)",echo,wall_obstacle_61,47349dd5-161b-4918-af6c-3ff0b3c617f2,4.376,"Vector(-0.952, 0.306)",21.545459483980807,"Vector(8.508, 0.047)",0.16877698717538478,4.376513423356249,99.919,4.379,0.001
522,[np.float64(104.78632499674744)],[np.float64(4.3790000000000004)],[UUID('e08330d4-0c52-4a7e-a1d9-30a9f33fecdf')],"(np.float64(8.1601), np.float64(2e-05))",0,"Vector(0.611, -0.792)","Vector(-0.348, -0.047)",echo,wall_obstacle_60,e08330d4-0c52-4a7e-a1d9-30a9f33fecdf,4.376,"Vector(0.988, 0.156)",-134.6720359874202,"Vector(8.508, 0.047)",0.35079126001085037,4.377009875116716,104.786,4.379,0.001
523,[np.float64(69.21199135191658)],[np.float64(4.38)],[UUID('9f7bdae9-1cce-401c-874d-492c60e985bb')],"(np.float64(8.6699), np.float64(0.0))",14,"Vector(0.611, -0.792)","Vector(0.160, -0.044)",echo,wall_obstacle_61,9f7bdae9-1cce-401c-874d-492c60e985bb,4.376,"Vector(-1.000, 0.000)",22.14479646948553,"Vector(8.510, 0.044)",0.1663786720105675,4.377783965014578,69.212,4.38,0.001
524,"[np.float64(74.76650559166558), np.float64(74.7938991730015)]","[np.float64(4.38), np.float64(4.381)]","[UUID('539534a4-c4ef-41e2-ae7e-d6fd5a58b3c8'), UUID('539534a4-c4ef-41e2-ae7e-d6fd5a58b3c8')]","(np.float64(9.1799), np.float64(1e-05))",0,"Vector(0.611, -0.792)","Vector(0.668, -0.042)",echo,wall_obstacle_62,539534a4-c4ef-41e2-ae7e-d6fd5a58b3c8,4.376,"Vector(-0.997, 0.079)",34.05007503875319,"Vector(8.511, 0.042)",0.6698149984883887,4.377981880477141,74.78,4.38,0.002
525,"[np.float64(64.01830371914733), np.float64(64.03414876752495)]","[np.float64(4.383), np.float64(4.384)]","[UUID('37da47bc-7187-4f9e-b760-659d88bd43a7'), UUID('37da47bc-7187-4f9e-b760-659d88bd43a7')]","(np.float64(9.6899), np.float64(0.0))",0,"Vector(0.611, -0.792)","Vector(1.173, -0.035)",echo,wall_obstacle_63,37da47bc-7187-4f9e-b760-659d88bd43a7,4.376,"Vector(-0.999, 0.045)",35.94495551241366,"Vector(8.517, 0.035)",1.1735223475077072,4.37946608060826,64.026,4.383,0.002
526,"[np.float64(79.21703758616246), np.float64(79.23279434307207)]","[np.float64(4.471), np.float64(4.472)]","[UUID('3ae85ae9-994f-4b9c-b772-741f3495bd4f'), UUID('3ae85ae9-994f-4b9c-b772-741f3495bd4f')]","(np.float64(9.1799), np.float64(3e-05))",0,"Vector(0.587, 0.809)","Vector(0.507, -0.176)",echo,wall_obstacle_62,3ae85ae9-994f-4b9c-b772-741f3495bd4f,4.4670000000000005,"Vector(-0.953, 0.303)",18.47828026266228,"Vector(8.672, 0.176)",0.5372400448589066,4.4685794498656595,79.225,4.471,0.002
527,"[np.float64(66.59386642770582), np.float64(66.60659062532204)]","[np.float64(4.474), np.float64(4.4750000000000005)]","[UUID('91e01414-b335-4a02-b007-44e8f6510cc5'), UUID('91e01414-b335-4a02-b007-44e8f6510cc5')]","(np.float64(9.6899), np.float64(2e-05))",0,"Vector(0.587, 0.809)","Vector(1.012, -0.184)",echo,wall_obstacle_63,91e01414-b335-4a02-b007-44e8f6510cc5,4.4670000000000005,"Vector(-0.987, 0.158)",27.363781004447475,"Vector(8.678, 0.184)",1.0286977376275308,4.470030040195515,66.6,4.474,0.002
528,"[np.float64(61.4110317146872), np.float64(61.427366334510346)]","[np.float64(4.4750000000000005), np.float64(4.476)]","[UUID('ad97a55d-8de6-498c-99a4-a1136267c1db'), UUID('ad97a55d-8de6-498c-99a4-a1136267c1db')]","(np.float64(9.9999), np.float64(0.50997))",0,"Vector(0.587, 0.809)","Vector(1.320, 0.324)",echo,wall_obstacle_13,ad97a55d-8de6-498c-99a4-a1136267c1db,4.4670000000000005,"Vector(-0.968, -0.250)",51.43124554847253,"Vector(8.680, 0.186)",1.3595013109960579,4.471023919123229,61.419,4.475,0.002
529,"[np.float64(79.6685708353167), np.float64(79.64683777923905)]","[np.float64(4.572), np.float64(4.573)]","[UUID('25a8ed56-633a-4f12-9844-789dc22726b7'), UUID('25a8ed56-633a-4f12-9844-789dc22726b7')]","(np.float64(9.17993), np.float64(8e-05))",0,"Vector(0.356, 0.935)","Vector(0.363, -0.442)",echo,wall_obstacle_62,25a8ed56-633a-4f12-9844-789dc22726b7,4.5680000000000005,"Vector(-0.653, 0.757)",-12.907227961931767,"Vector(8.817, 0.442)",0.5717783630918539,4.5696458159850915,79.658,4.572,0.002
530,"[np.float64(67.0361185426281), np.float64(67.03428359863898)]","[np.float64(4.574), np.float64(4.575)]","[UUID('006a6c15-776a-4495-9ea4-a7d4d27a0311'), UUID('006a6c15-776a-4495-9ea4-a7d4d27a0311')]","(np.float64(9.68991), np.float64(4e-05))",0,"Vector(0.356, 0.935)","Vector(0.871, -0.447)",echo,wall_obstacle_63,006a6c15-776a-4495-9ea4-a7d4d27a0311,4.5680000000000005,"Vector(-0.899, 0.438)",10.477118091023158,"Vector(8.819, 0.447)",0.9791630081350091,4.570848677766611,67.035,4.574,0.002
531,"[np.float64(62.46756888784919), np.float64(62.47765027703212)]","[np.float64(4.575), np.float64(4.5760000000000005)]","[UUID('d0461ddc-4848-4db1-b170-ca500db2b7d5'), UUID('d0461ddc-4848-4db1-b170-ca500db2b7d5')]","(np.float64(9.9999), np.float64(0.50999))",0,"Vector(0.356, 0.935)","Vector(1.180, 0.060)",echo,wall_obstacle_13,d0461ddc-4848-4db1-b170-ca500db2b7d5,4.5680000000000005,"Vector(-0.998, -0.069)",40.56154174570446,"Vector(8.820, 0.450)",1.1815004049089446,4.571473432625068,62.473,4.575,0.002
532,"[np.float64(61.4403729703542), np.float64(61.45589537790561)]","[np.float64(4.5760000000000005), np.float64(4.577)]","[UUID('eb9bea12-46d6-41a9-8bf3-a5f8cb24ccf2'), UUID('eb9bea12-46d6-41a9-8bf3-a5f8cb24ccf2')]","(np.float64(9.99991), np.float64(1.01996))",0,"Vector(0.356, 0.935)","Vector(1.179, 0.567)",echo,wall_obstacle_14,eb9bea12-46d6-41a9-8bf3-a5f8cb24ccf2,4.5680000000000005,"Vector(-0.895, -0.446)",63.343247160030096,"Vector(8.821, 0.453)",1.3082214776176089,4.571871582405829,61.448,4.576,0.002
533,"[np.float64(70.29672805504504), np.float64(70.29632196649679)]","[np.float64(4.577), np.float64(4.578)]","[UUID('989de8bd-2069-4327-a1b9-1a3cd0d0815c'), UUID('989de8bd-2069-4327-a1b9-1a3cd0d0815c')]","(np.int64(3), np.int64(0))",11,"Vector(0.356, 0.935)","Vector(-5.822, -0.456)",direct,,989de8bd-2069-4327-a1b9-1a3cd0d0815c,4.5680000000000005,"Vector(0.000, 1.000)",-137.870275764919,"Vector(8.822, 0.456)",5.839864535457993,4.559,70.297,4.577,0.002
534,"[np.float64(68.38769208897162), np.float64(68.38461509938689)]","[np.float64(4.577), np.float64(4.578)]","[UUID('2875dd75-726e-467f-bb57-0a41e7bab881'), UUID('2875dd75-726e-467f-bb57-0a41e7bab881')]","(np.float64(3.0599), np.float64(0.0))",11,"Vector(0.356, 0.935)","Vector(-5.762, -0.456)",echo,wall_obstacle_50,2875dd75-726e-467f-bb57-0a41e7bab881,4.5680000000000005,"Vector(-1.000, 0.000)",-137.82394620994936,"Vector(8.822, 0.456)",5.780149047775499,4.559174635568513,68.386,4.577,0.002
535,"[np.float64(70.9193468007731), np.float64(70.91929895372101)]","[np.float64(4.578), np.float64(4.579)]","[UUID('f8be7eee-5bdc-4671-a52f-a6351cb548a0'), UUID('f8be7eee-5bdc-4671-a52f-a6351cb548a0')]","(np.int64(0), np.int64(4))",3,"Vector(0.356, 0.935)","Vector(-8.823, 3.542)",direct,,f8be7eee-5bdc-4671-a52f-a6351cb548a0,4.5680000000000005,"Vector(1.000, 0.000)",-164.21558097850735,"Vector(8.823, 0.458)",9.50736860218431,4.55,70.919,4.578,0.002
536,[np.float64(66.27609596847067)],[np.float64(4.579)],[UUID('0dc86c54-78f2-4565-bddf-c6a6589c8cd9')],"(np.float64(0.0), np.float64(4.0799))",3,"Vector(0.356, 0.935)","Vector(-8.823, 3.621)",echo,wall_obstacle_7,0dc86c54-78f2-4565-bddf-c6a6589c8cd9,4.5680000000000005,"Vector(0.000, -1.000)",-164.6610374061512,"Vector(8.823, 0.458)",9.537419894384435,4.550232944606414,66.276,4.579,0.001
537,"[np.float64(67.21320919896394), np.float64(67.2100359018203)]","[np.float64(4.579), np.float64(4.58)]","[UUID('d85c29f5-7d56-4dc9-a435-8333e2bd8aa6'), UUID('d85c29f5-7d56-4dc9-a435-8333e2bd8aa6')]","(np.float64(2.5501), np.float64(0.0))",11,"Vector(0.356, 0.935)","Vector(-6.274, -0.461)",echo,wall_obstacle_49,d85c29f5-7d56-4dc9-a435-8333e2bd8aa6,4.5680000000000005,"Vector(1.000, 0.000)",-138.14066680493846,"Vector(8.824, 0.461)",6.291033366856355,4.560311661807581,67.212,4.579,0.002
538,[np.float64(65.74835273857772)],[np.float64(4.581)],[UUID('f5d24163-6b0a-4e13-8861-2d35d53a832f')],"(np.int64(1), np.int64(0))",9,"Vector(0.356, 0.935)","Vector(-7.825, -0.464)",direct,,f5d24163-6b0a-4e13-8861-2d35d53a832f,4.5680000000000005,"Vector(0.000, 1.000)",-138.95157554235047,"Vector(8.825, 0.464)",7.839018531538243,4.558,65.748,4.581,0.001
539,[np.float64(73.33310735471964)],[np.float64(4.581)],[UUID('78932450-90bc-4037-b0bd-a9a95c4a5c15')],"(np.float64(1.0199), np.float64(0.0))",9,"Vector(0.356, 0.935)","Vector(-7.805, -0.464)",echo,wall_obstacle_46,78932450-90bc-4037-b0bd-a9a95c4a5c15,4.5680000000000005,"Vector(-1.000, 0.000)",-138.9429430187704,"Vector(8.825, 0.464)",7.819153522076415,4.558058017492711,73.333,4.581,0.001
540,"[np.float64(69.93046913315324), np.float64(69.92824272367513)]","[np.float64(4.664), np.float64(4.665)]","[UUID('4bd983b9-04ed-455c-b964-0ab039590ff0'), UUID('4bd983b9-04ed-455c-b964-0ab039590ff0')]","(np.float64(3.5701), np.float64(0.0))",12,"Vector(0.123, 0.992)","Vector(-5.314, -0.708)",echo,wall_obstacle_51,4bd983b9-04ed-455c-b964-0ab039590ff0,4.6610000000000005,"Vector(1.000, 0.000)",-134.75196449794203,"Vector(8.884, 0.708)",5.3610435463443125,4.64825335276968,69.929,4.664,0.002
541,"[np.float64(61.33068259328563), np.float64(61.328631895333494)]","[np.float64(4.667), np.float64(4.668)]","[UUID('52c0af31-edab-4d3e-9ba0-308d2dcd11ea'), UUID('52c0af31-edab-4d3e-9ba0-308d2dcd11ea')]","(np.float64(3.0601), np.float64(0.0))",12,"Vector(0.123, 0.992)","Vector(-5.825, -0.717)",echo,wall_obstacle_50,52c0af31-edab-4d3e-9ba0-308d2dcd11ea,4.6610000000000005,"Vector(1.000, 0.000)",-135.32480573892576,"Vector(8.885, 0.717)",5.869146082395633,4.649740233236152,61.33,4.667,0.002
542,"[np.float64(62.0464056817858), np.float64(62.04552512794445)]","[np.float64(4.668), np.float64(4.6690000000000005)]","[UUID('1b330880-44dd-45ec-a772-8e73294f2631'), UUID('1b330880-44dd-45ec-a772-8e73294f2631')]","(np.float64(9.9999), np.float64(0.51002))",0,"Vector(0.123, 0.992)","Vector(1.114, -0.210)",echo,wall_obstacle_13,1b330880-44dd-45ec-a772-8e73294f2631,4.6610000000000005,"Vector(-0.986, 0.165)",26.965316841555847,"Vector(8.886, 0.720)",1.133966892373847,4.664302353972648,62.046,4.668,0.002
543,"[np.float64(61.8619775951891), np.float64(61.871054702940185)]","[np.float64(4.668), np.float64(4.6690000000000005)]","[UUID('13fa2299-ad23-4fe2-a2ab-76e1e2325afa'), UUID('13fa2299-ad23-4fe2-a2ab-76e1e2325afa')]","(np.float64(9.9999), np.float64(1.01997))",0,"Vector(0.123, 0.992)","Vector(1.114, 0.300)",echo,wall_obstacle_14,13fa2299-ad23-4fe2-a2ab-76e1e2325afa,4.6610000000000005,"Vector(-0.961, -0.278)",52.70474178865436,"Vector(8.886, 0.720)",1.1538692943743671,4.664391052742499,61.867,4.668,0.002
544,"[np.float64(68.68608296823697), np.float64(68.6786220060727)]","[np.float64(4.672), np.float64(4.673)]","[UUID('76ffbe50-e9ac-4584-a19c-7c21e5975536'), UUID('76ffbe50-e9ac-4584-a19c-7c21e5975536')]","(np.float64(7.14009), np.float64(4e-05))",0,"Vector(0.123, 0.992)","Vector(-1.747, -0.732)",echo,wall_obstacle_58,76ffbe50-e9ac-4584-a19c-7c21e5975536,4.6610000000000005,"Vector(0.929, 0.371)",-119.6051751177878,"Vector(8.887, 0.732)",1.8942464921176443,4.666471104598616,68.682,4.672,0.002
545,"[np.float64(68.1205904323615), np.float64(68.12171513157267)]","[np.float64(4.765), np.float64(4.766)]","[UUID('db4eb8d8-12d6-44ad-8244-95ce7f2b0ef5'), UUID('db4eb8d8-12d6-44ad-8244-95ce7f2b0ef5')]","(np.int64(2), np.int64(0))",10,"Vector(0.123, 0.992)","Vector(-6.921, -1.009)",direct,,db4eb8d8-12d6-44ad-8244-95ce7f2b0ef5,4.759,"Vector(0.000, 1.000)",-134.04812658024997,"Vector(8.921, 1.009)",6.9947173494073365,4.744,68.121,4.765,0.002
546,"[np.float64(69.19769083777393), np.float64(69.19622486382863)]","[np.float64(4.765), np.float64(4.766)]","[UUID('c846c1a4-633f-421f-b50b-d3fde59f65b6'), UUID('c846c1a4-633f-421f-b50b-d3fde59f65b6')]","(np.float64(2.0399), np.float64(0.0))",10,"Vector(0.123, 0.992)","Vector(-6.882, -1.009)",echo,wall_obstacle_48,c846c1a4-633f-421f-b50b-d3fde59f65b6,4.759,"Vector(-1.000, 0.000)",-134.00069352999427,"Vector(8.921, 1.009)",6.955237386897732,4.744116326530612,69.197,4.765,0.002
547,"[np.float64(70.7246656068794), np.float64(70.71902051366303)]","[np.float64(4.765), np.float64(4.766)]","[UUID('d58709ab-2184-4be8-8433-7a1b79aa776d'), UUID('d58709ab-2184-4be8-8433-7a1b79aa776d')]","(np.float64(6.1201), np.float64(0.0))",15,"Vector(0.123, 0.992)","Vector(-2.801, -1.009)",echo,wall_obstacle_56,d58709ab-2184-4be8-8433-7a1b79aa776d,4.759,"Vector(1.000, 0.000)",-122.53019210049953,"Vector(8.921, 1.009)",2.9777089360949973,4.755565306122449,70.722,4.765,0.002
548,"[np.float64(62.123364320333636), np.float64(62.117202095152756)]","[np.float64(4.766), np.float64(4.767)]","[UUID('59aae963-20c9-40b3-9ffc-f00c1bbb704c'), UUID('59aae963-20c9-40b3-9ffc-f00c1bbb704c')]","(np.float64(9.99991), np.float64(0.51004))",0,"Vector(0.123, 0.992)","Vector(1.078, -0.502)",echo,wall_obstacle_13,59aae963-20c9-40b3-9ffc-f00c1bbb704c,4.759,"Vector(-0.914, 0.405)",12.669736628475079,"Vector(8.922, 1.012)",1.1893383724155209,4.762446568288908,62.12,4.766,0.002
549,"[np.float64(63.09811822636789), np.float64(63.10194115835523)]","[np.float64(4.766), np.float64(4.767)]","[UUID('df6debc7-1309-4e8a-9d11-97e46652cb69'), UUID('df6debc7-1309-4e8a-9d11-97e46652cb69')]","(np.float64(9.9999), np.float64(1.02))",0,"Vector(0.123, 0.992)","Vector(1.078, 0.008)",echo,wall_obstacle_14,df6debc7-1309-4e8a-9d11-97e46652cb69,4.759,"Vector(-1.000, -0.029)",38.058983275655834,"Vector(8.922, 1.012)",1.0780568598177,4.762152907876618,63.1,4.766,0.002
550,"[np.float64(61.52739931095074), np.float64(61.53001015419698)]","[np.float64(4.767), np.float64(4.768)]","[UUID('b703b255-decc-48cb-8778-71cb40891a89'), UUID('b703b255-decc-48cb-8778-71cb40891a89')]","(np.int64(7), np.int64(10))",33,"Vector(0.123, 0.992)","Vector(-1.922, 8.985)",direct,,b703b255-decc-48cb-8778-71cb40891a89,4.759,"Vector(0.000, -1.000)",139.7307628074368,"Vector(8.922, 1.015)",9.187958579276465,4.74,61.529,4.767,0.002
551,"[np.float64(61.84578807281863), np.float64(61.85818157563146)]","[np.float64(4.767), np.float64(4.768)]","[UUID('e8e1ce97-8658-48aa-b893-9c365d3456b4'), UUID('e8e1ce97-8658-48aa-b893-9c365d3456b4')]","(np.float64(9.99991), np.float64(1.52996))",0,"Vector(0.123, 0.992)","Vector(1.078, 0.515)",echo,wall_obstacle_15,e8e1ce97-8658-48aa-b893-9c365d3456b4,4.759,"Vector(-0.894, -0.448)",63.17911602879752,"Vector(8.922, 1.015)",1.1942258986473202,4.762524787114253,61.852,4.767,0.002
552,"[np.float64(64.1141435597191), np.float64(64.11214029072454)]","[np.float64(4.768), np.float64(4.769)]","[UUID('11bb963b-34b7-47c8-ad39-1643ff9e6cff'), UUID('11bb963b-34b7-47c8-ad39-1643ff9e6cff')]","(np.float64(1.5301), np.float64(0.0))",10,"Vector(0.123, 0.992)","Vector(-7.393, -1.018)",echo,wall_obstacle_47,11bb963b-34b7-47c8-ad39-1643ff9e6cff,4.759,"Vector(1.000, 0.000)",-134.50209514092558,"Vector(8.923, 1.018)",7.462321409762514,4.745369970845481,64.113,4.768,0.002
553,"[np.float64(64.43616411356383), np.float64(64.43152555795997)]","[np.float64(4.768), np.float64(4.769)]","[UUID('5bb90bd4-1a30-4b72-8778-abeae0ed2100'), UUID('5bb90bd4-1a30-4b72-8778-abeae0ed2100')]","(np.float64(5.6101), np.float64(0.0))",15,"Vector(0.123, 0.992)","Vector(-3.313, -1.018)",echo,wall_obstacle_55,5bb90bd4-1a30-4b72-8778-abeae0ed2100,4.759,"Vector(1.000, 0.000)",-125.25670840900115,"Vector(8.923, 1.018)",3.465509951305868,4.757052186588921,64.434,4.768,0.002
554,"[np.float64(70.43579042509513), np.float64(70.43656080222826)]","[np.float64(4.771), np.float64(4.772)]","[UUID('50a48379-33d2-4b56-968b-7ba7ecf90b32'), UUID('50a48379-33d2-4b56-968b-7ba7ecf90b32')]","(np.int64(3), np.int64(0))",11,"Vector(0.123, 0.992)","Vector(-5.924, -1.027)",direct,,50a48379-33d2-4b56-968b-7ba7ecf90b32,4.759,"Vector(0.000, 1.000)",-132.50710041679878,"Vector(8.924, 1.027)",6.012136340977307,4.753,70.436,4.771,0.002
555,"[np.float64(68.00441063487096), np.float64(68.00258543728758)]","[np.float64(4.771), np.float64(4.772)]","[UUID('d5fffedb-c14b-4a2d-9ace-34950c09968b'), UUID('d5fffedb-c14b-4a2d-9ace-34950c09968b')]","(np.float64(3.0599), np.float64(0.0))",11,"Vector(0.123, 0.992)","Vector(-5.864, -1.027)",echo,wall_obstacle_50,d5fffedb-c14b-4a2d-9ace-34950c09968b,4.759,"Vector(-1.000, 0.000)",-132.40859302270843,"Vector(8.924, 1.027)",5.953126047422479,4.753174635568513,68.003,4.771,0.002
556,[np.float64(76.31499297389058)],[np.float64(4.8020000000000005)],[UUID('72aa947e-70c7-4714-bec9-79ae6e8f8714')],"(np.float64(5.6101), np.float64(0.0))",14,"Vector(0.123, 0.992)","Vector(-3.325, -1.117)",echo,wall_obstacle_55,72aa947e-70c7-4714-bec9-79ae6e8f8714,4.8,"Vector(1.000, 0.000)",-123.77956309184734,"Vector(8.935, 1.117)",3.507243880100156,4.790136734693878,76.315,4.802,0.001
557,"[np.float64(62.03158045983144), np.float64(62.03459443355803)]","[np.float64(4.803), np.float64(4.804)]","[UUID('e6c3460c-811a-42d7-85ec-6db1a111c2c7'), UUID('e6c3460c-811a-42d7-85ec-6db1a111c2c7')]","(np.int64(9), np.int64(10))",35,"Vector(0.123, 0.992)","Vector(0.064, 8.877)",direct,,e6c3460c-811a-42d7-85ec-6db1a111c2c7,4.8,"Vector(0.000, -1.000)",127.23863084198952,"Vector(8.936, 1.123)",8.877583879417868,4.777,62.033,4.803,0.002
558,"[np.float64(65.96313629239225), np.float64(65.97289268265915)]","[np.float64(4.804), np.float64(4.805)]","[UUID('6d28b5c1-08d4-463b-ad43-50d1b9ad2fa2'), UUID('6d28b5c1-08d4-463b-ad43-50d1b9ad2fa2')]","(np.int64(10), np.int64(5))",22,"Vector(0.123, 0.992)","Vector(1.064, 3.874)",direct,,6d28b5c1-08d4-463b-ad43-50d1b9ad2fa2,4.8,"Vector(-1.000, 0.000)",112.29727689434264,"Vector(8.936, 1.126)",4.017833727495452,4.792,65.968,4.804,0.002
559,"[np.float64(66.91627964787631), np.float64(66.91213051126742)]","[np.float64(4.804), np.float64(4.805)]","[UUID('45d10c9c-a88e-4189-a480-8a71ba8685f3'), UUID('45d10c9c-a88e-4189-a480-8a71ba8685f3')]","(np.float64(5.1001), np.float64(0.0))",14,"Vector(0.123, 0.992)","Vector(-3.836, -1.126)",echo,wall_obstacle_54,45d10c9c-a88e-4189-a480-8a71ba8685f3,4.8,"Vector(1.000, 0.000)",-125.99106634183684,"Vector(8.936, 1.126)",3.997578602829468,4.79162361516035,66.914,4.804,0.002
560,"[np.float64(61.278173420593696), np.float64(61.29110129991817)]","[np.float64(4.804), np.float64(4.805)]","[UUID('6d563ac8-08c4-4c6e-8dc9-86b0b88cd1f5'), UUID('6d563ac8-08c4-4c6e-8dc9-86b0b88cd1f5')]","(np.float64(10.0), np.float64(4.5901))",22,"Vector(0.123, 0.992)","Vector(1.064, 3.464)",echo,wall_obstacle_21,6d563ac8-08c4-4c6e-8dc9-86b0b88cd1f5,4.8,"Vector(0.000, 1.000)",110.58082330879472,"Vector(8.936, 1.126)",3.6241960964881574,4.793195043731778,61.285,4.804,0.002
561,"[np.float64(70.1480362080051), np.float64(70.15440680085717)]","[np.float64(4.805), np.float64(4.806)]","[UUID('e5e44f06-433d-4058-b172-f15063b1ba54'), UUID('e5e44f06-433d-4058-b172-f15063b1ba54')]","(np.float64(10.0), np.float64(5.0999))",22,"Vector(0.123, 0.992)","Vector(1.064, 3.971)",echo,wall_obstacle_22,e5e44f06-433d-4058-b172-f15063b1ba54,4.8,"Vector(0.000, -1.000)",112.65996689196982,"Vector(8.936, 1.129)",4.111277411474444,4.792291253644315,70.151,4.805,0.002
562,"[np.float64(60.99584386047192), np.float64(60.9922226944193)]","[np.float64(4.807), np.float64(4.808)]","[UUID('4c7464cc-20b6-4dbe-99f5-8f0ae8dae450'), UUID('4c7464cc-20b6-4dbe-99f5-8f0ae8dae450')]","(np.float64(4.5901), np.float64(0.0))",14,"Vector(0.123, 0.992)","Vector(-4.347, -1.135)",echo,wall_obstacle_53,4c7464cc-20b6-4dbe-99f5-8f0ae8dae450,4.8,"Vector(1.000, 0.000)",-127.71736959631323,"Vector(8.937, 1.135)",4.492564573659459,4.793110495626822,60.994,4.807,0.002
563,"[np.float64(63.458194334850084), np.float64(63.459284482947645)]","[np.float64(4.807), np.float64(4.808)]","[UUID('17e5edb6-1d84-4c1b-9b42-d71d0b343ad5'), UUID('17e5edb6-1d84-4c1b-9b42-d71d0b343ad5')]","(np.float64(9.9999), np.float64(1.02001))",0,"Vector(0.123, 0.992)","Vector(1.063, -0.115)",echo,wall_obstacle_14,17e5edb6-1d84-4c1b-9b42-d71d0b343ad5,4.8,"Vector(-0.996, 0.085)",31.502673045459915,"Vector(8.937, 1.135)",1.0690160771475796,4.803118582987522,63.459,4.807,0.002
564,"[np.float64(62.61769530885579), np.float64(62.62900042931229)]","[np.float64(4.807), np.float64(4.808)]","[UUID('3d4f2586-7fa8-4c33-b570-aceae73edd50'), UUID('3d4f2586-7fa8-4c33-b570-aceae73edd50')]","(np.float64(9.99991), np.float64(1.52996))",0,"Vector(0.123, 0.992)","Vector(1.063, 0.395)",echo,wall_obstacle_15,3d4f2586-7fa8-4c33-b570-aceae73edd50,4.8,"Vector(-0.931, -0.366)",58.059841984034506,"Vector(8.937, 1.135)",1.1340308148370573,4.803339111974128,62.623,4.807,0.002
565,[np.float64(70.42253894910326)],[np.float64(4.808)],[UUID('8227badb-3f26-400e-96fe-fc7c7e6f721e')],"(np.int64(0), np.int64(5))",4,"Vector(0.123, 0.992)","Vector(-8.937, 3.865)",direct,,8227badb-3f26-400e-96fe-fc7c7e6f721e,4.8,"Vector(1.000, 0.000)",-165.73481844221902,"Vector(8.937, 1.135)",9.7371573391057,4.779,70.423,4.808,0.001
566,[np.float64(63.193749151752264)],[np.float64(4.808)],[UUID('b809a0a0-c29e-419b-b16b-07318dd87f04')],"(np.float64(0.0), np.float64(5.0999))",4,"Vector(0.123, 0.992)","Vector(-8.937, 3.965)",echo,wall_obstacle_9,b809a0a0-c29e-419b-b16b-07318dd87f04,4.8,"Vector(0.000, -1.000)",-166.27214646278253,"Vector(8.937, 1.135)",9.777245316064233,4.779291253644315,63.194,4.808,0.001
567,"[np.float64(61.96789813842136), np.float64(61.960032571865135)]","[np.float64(4.808), np.float64(4.809)]","[UUID('94e13bf4-b088-4c3a-820b-81f27c35e602'), UUID('94e13bf4-b088-4c3a-820b-81f27c35e602')]","(np.float64(9.99991), np.float64(0.51005))",0,"Vector(0.123, 0.992)","Vector(1.062, -0.627)",echo,wall_obstacle_13,94e13bf4-b088-4c3a-820b-81f27c35e602,4.8,"Vector(-0.871, 0.491)",7.08893010746101,"Vector(8.937, 1.138)",1.2339621144913648,4.803566885968447,61.964,4.808,0.002
568,[np.float64(60.05471037142871)],[np.float64(4.809)],[UUID('c9c774b2-0075-463d-bff7-7d4c06ec8f07')],"(np.float64(9.99992), np.float64(2.03993))",0,"Vector(0.123, 0.992)","Vector(1.063, 0.902)",echo,wall_obstacle_16,c9c774b2-0075-463d-bff7-7d4c06ec8f07,4.8,"Vector(-0.754, -0.657)",77.99546828198135,"Vector(8.937, 1.138)",1.393993244065408,4.804122481500566,60.055,4.809,0.001
569,"[np.float64(71.58983213022869), np.float64(71.5899405011418)]","[np.float64(4.8100000000000005), np.float64(4.811)]","[UUID('b4e9561b-4ab9-4a0d-bb71-67802849d81a'), UUID('b4e9561b-4ab9-4a0d-bb71-67802849d81a')]","(np.int64(0), np.int64(3))",2,"Vector(0.123, 0.992)","Vector(-8.938, 1.856)",direct,,b4e9561b-4ab9-4a0d-bb71-67802849d81a,4.8,"Vector(1.000, 0.000)",-154.07920020956738,"Vector(8.938, 1.144)",9.128914532549858,4.783,71.59,4.81,0.002
570,"[np.float64(68.89038971830179), np.float64(68.88802126410928)]","[np.float64(4.8100000000000005), np.float64(4.811)]","[UUID('81267b4a-d5c3-49f3-b40a-0c1444219979'), UUID('81267b4a-d5c3-49f3-b40a-0c1444219979')]","(np.float64(0.0), np.float64(3.0599))",2,"Vector(0.123, 0.992)","Vector(-8.938, 1.916)",echo,wall_obstacle_5,81267b4a-d5c3-49f3-b40a-0c1444219979,4.8,"Vector(0.000, -1.000)",-154.4467987028321,"Vector(8.938, 1.144)",9.141284157852223,4.783174635568513,68.889,4.81,0.002
571,"[np.float64(80.40127236337194), np.float64(80.40138339876162)]","[np.float64(4.8100000000000005), np.float64(4.811)]","[UUID('933bda9d-c189-4aa0-a139-ac5a387ed1f9'), UUID('933bda9d-c189-4aa0-a139-ac5a387ed1f9')]","(np.int64(10), np.int64(1))",18,"Vector(0.123, 0.992)","Vector(1.062, -0.144)",direct,,933bda9d-c189-4aa0-a139-ac5a387ed1f9,4.8,"Vector(-1.000, 0.000)",29.957589514955913,"Vector(8.938, 1.144)",1.0715038696150379,4.806,80.401,4.81,0.002
572,"[np.float64(98.25094289515481), np.float64(98.2483085219883)]","[np.float64(4.8100000000000005), np.float64(4.811)]","[UUID('bc352b3b-68f6-4989-9c9f-a33588009497'), UUID('bc352b3b-68f6-4989-9c9f-a33588009497')]","(np.float64(10.0), np.float64(1.0199))",18,"Vector(0.123, 0.992)","Vector(1.062, -0.124)",echo,wall_obstacle_14,bc352b3b-68f6-4989-9c9f-a33588009497,4.8,"Vector(0.000, -1.000)",31.014610802077808,"Vector(8.938, 1.144)",1.0690205117770193,4.806058017492711,98.25,4.81,0.002
573,"[np.float64(68.7333462935921), np.float64(68.74231584419924)]","[np.float64(4.811), np.float64(4.812)]","[UUID('0b5aa249-ec72-49c0-98ef-a59251913d53'), UUID('0b5aa249-ec72-49c0-98ef-a59251913d53')]","(np.float64(10.0), np.float64(1.5299))",18,"Vector(0.123, 0.992)","Vector(1.061, 0.383)",echo,wall_obstacle_15,0b5aa249-ec72-49c0-98ef-a59251913d53,4.8,"Vector(0.000, -1.000)",57.514412360967476,"Vector(8.939, 1.146)",1.1286022410486345,4.8075448979591835,68.738,4.811,0.002
574,"[np.float64(70.77257657120168), np.float64(70.76569551257865)]","[np.float64(4.812), np.float64(4.813)]","[UUID('34560967-6c4a-4e28-87fc-0f0488a75c8a'), UUID('34560967-6c4a-4e28-87fc-0f0488a75c8a')]","(np.float64(10.0), np.float64(0.5101))",18,"Vector(0.123, 0.992)","Vector(1.061, -0.639)",echo,wall_obstacle_13,34560967-6c4a-4e28-87fc-0f0488a75c8a,4.8,"Vector(0.000, 1.000)",6.583536430538601,"Vector(8.939, 1.149)",1.2388496393832464,4.807428279883382,70.769,4.812,0.002
575,[np.float64(61.77540774518186)],[np.float64(4.86)],[UUID('df911c70-0200-41e4-acd3-c267a564a712')],"(np.int64(7), np.int64(10))",33,"Vector(0.123, 0.992)","Vector(-1.956, 8.710)",direct,,df911c70-0200-41e4-acd3-c267a564a712,4.857,"Vector(0.000, -1.000)",140.31252347790866,"Vector(8.956, 1.290)",8.927447510867818,4.832,61.775,4.86,0.001
576,"[np.float64(63.980165526122704), np.float64(63.97490320321323)]","[np.float64(4.86), np.float64(4.861)]","[UUID('7a547413-84bc-4889-b4d1-795ceb97a755'), UUID('7a547413-84bc-4889-b4d1-795ceb97a755')]","(np.float64(5.6101), np.float64(0.0))",15,"Vector(0.123, 0.992)","Vector(-3.347, -1.293)",echo,wall_obstacle_55,7a547413-84bc-4889-b4d1-795ceb97a755,4.857,"Vector(1.000, 0.000)",-121.22783149409669,"Vector(8.957, 1.293)",3.587475296444562,4.849052186588921,63.978,4.86,0.002
577,"[np.float64(63.771524767448255), np.float64(63.768783030047544)]","[np.float64(4.864), np.float64(4.865)]","[UUID('08af791f-1a21-4828-b76b-18d718ac62be'), UUID('08af791f-1a21-4828-b76b-18d718ac62be')]","(np.float64(9.9999), np.float64(1.02002))",0,"Vector(0.123, 0.992)","Vector(1.042, -0.284)",echo,wall_obstacle_14,08af791f-1a21-4828-b76b-18d718ac62be,4.857,"Vector(-0.970, 0.242)",22.384519641678395,"Vector(8.958, 1.304)",1.0798952639029398,4.860139168064009,63.77,4.864,0.002
578,"[np.float64(63.615178034075754), np.float64(63.62402771164895)]","[np.float64(4.864), np.float64(4.865)]","[UUID('d2975352-3ada-4057-a94a-caf2254e299b'), UUID('d2975352-3ada-4057-a94a-caf2254e299b')]","(np.float64(9.9999), np.float64(1.52998))",0,"Vector(0.123, 0.992)","Vector(1.042, 0.226)",echo,wall_obstacle_15,d2975352-3ada-4057-a94a-caf2254e299b,4.857,"Vector(-0.973, -0.232)",49.870887420183095,"Vector(8.958, 1.304)",1.0659069074736311,4.8601314398341495,63.62,4.864,0.002
579,"[np.float64(61.36562302664325), np.float64(61.38006594264119)]","[np.float64(4.865), np.float64(4.866)]","[UUID('116133e5-e2a9-4d75-befe-d487badde2ee'), UUID('116133e5-e2a9-4d75-befe-d487badde2ee')]","(np.float64(9.99992), np.float64(2.03994))",0,"Vector(0.123, 0.992)","Vector(1.041, 0.733)",echo,wall_obstacle_16,116133e5-e2a9-4d75-befe-d487badde2ee,4.857,"Vector(-0.809, -0.588)",72.77690500395448,"Vector(8.959, 1.307)",1.2732461730945828,4.860765467225091,61.373,4.865,0.002
580,"[np.float64(60.64954091810099), np.float64(60.65128684800719)]","[np.float64(4.92), np.float64(4.921)]","[UUID('fd9a31c0-904a-4a38-b9d7-5bcd0bbc51e4'), UUID('fd9a31c0-904a-4a38-b9d7-5bcd0bbc51e4')]","(np.int64(5), np.int64(10))",31,"Vector(0.259, 0.966)","Vector(-3.990, 8.531)",direct,,fd9a31c0-904a-4a38-b9d7-5bcd0bbc51e4,4.916,"Vector(0.000, -1.000)",152.7232582845014,"Vector(8.990, 1.469)",9.418059471292374,4.892,60.65,4.92,0.002
581,"[np.float64(61.38769367796018), np.float64(61.38988742157193)]","[np.float64(4.922), np.float64(4.923)]","[UUID('23ed5943-0ff2-4797-b8f0-429861ddfcf5'), UUID('23ed5943-0ff2-4797-b8f0-429861ddfcf5')]","(np.int64(6), np.int64(10))",32,"Vector(0.259, 0.966)","Vector(-2.992, 8.525)",direct,,23ed5943-0ff2-4797-b8f0-429861ddfcf5,4.916,"Vector(0.000, -1.000)",146.99402829865375,"Vector(8.992, 1.475)",9.034893046848978,4.8950000000000005,61.389,4.922,0.002
582,"[np.float64(65.59207730189327), np.float64(65.60135094796979)]","[np.float64(4.922), np.float64(4.923)]","[UUID('9f2ce011-a649-42c0-85aa-47e1247bc163'), UUID('9f2ce011-a649-42c0-85aa-47e1247bc163')]","(np.float64(9.9999), np.float64(1.52999))",0,"Vector(0.259, 0.966)","Vector(1.008, 0.055)",echo,wall_obstacle_15,9f2ce011-a649-42c0-85aa-47e1247bc163,4.916,"Vector(-0.997, -0.074)",40.782090626741535,"Vector(8.992, 1.475)",1.0093634055680838,4.918962446404341,65.597,4.922,0.002
583,"[np.float64(64.9685335837856), np.float64(64.96568377129974)]","[np.float64(4.923), np.float64(4.924)]","[UUID('8a417be8-e5ab-4235-924b-08ea19c8f787'), UUID('8a417be8-e5ab-4235-924b-08ea19c8f787')]","(np.float64(9.99991), np.float64(1.02004))",0,"Vector(0.259, 0.966)","Vector(1.007, -0.458)",echo,wall_obstacle_14,8a417be8-e5ab-4235-924b-08ea19c8f787,4.916,"Vector(-0.919, 0.394)",13.210017176507591,"Vector(8.993, 1.478)",1.1062516876823285,4.919214538529291,64.967,4.923,0.002
584,"[np.float64(63.75947346570258), np.float64(63.77639010903604)]","[np.float64(4.923), np.float64(4.924)]","[UUID('8b8d25af-8d15-4c1c-b018-8413dfce3094'), UUID('8b8d25af-8d15-4c1c-b018-8413dfce3094')]","(np.float64(9.99991), np.float64(2.03995))",0,"Vector(0.259, 0.966)","Vector(1.007, 0.562)",echo,wall_obstacle_16,8b8d25af-8d15-4c1c-b018-8413dfce3094,4.916,"Vector(-0.866, -0.500)",66.82358515155698,"Vector(8.993, 1.478)",1.1533518131949159,4.919411762531195,63.768,4.923,0.002
585,"[np.float64(62.1271999918717), np.float64(62.11885310818054)]","[np.float64(4.925), np.float64(4.926)]","[UUID('ccc9643a-a261-491d-b49a-f13b9ea49d57'), UUID('ccc9643a-a261-491d-b49a-f13b9ea49d57')]","(np.float64(9.99993), np.float64(0.51007))",0,"Vector(0.259, 0.966)","Vector(1.006, -0.974)",echo,wall_obstacle_13,ccc9643a-a261-491d-b49a-f13b9ea49d57,4.916,"Vector(-0.732, 0.682)",-6.419138038206313,"Vector(8.994, 1.484)",1.3996179496562624,4.920038772179732,62.123,4.925,0.002
586,"[np.float64(60.547197476815086), np.float64(60.56385061497425)]","[np.float64(4.925), np.float64(4.926)]","[UUID('dfb0e9c1-9624-4003-b4d2-75691df88495'), UUID('dfb0e9c1-9624-4003-b4d2-75691df88495')]","(np.float64(9.99993), np.float64(2.54993))",0,"Vector(0.259, 0.966)","Vector(1.006, 1.066)",echo,wall_obstacle_17,dfb0e9c1-9624-4003-b4d2-75691df88495,4.916,"Vector(-0.679, -0.734)",84.33432129316657,"Vector(8.994, 1.484)",1.4656561051624628,4.920350360512084,60.556,4.925,0.002
587,"[np.float64(60.91782539560264), np.float64(60.91158812460631)]","[np.float64(4.928), np.float64(4.929)]","[UUID('c566923f-ed7c-4acf-a36d-abc7f625473a'), UUID('c566923f-ed7c-4acf-a36d-abc7f625473a')]","(np.float64(9.99993), np.float64(1.01993))",17,"Vector(0.259, 0.966)","Vector(1.003, -0.472)",echo,wall_obstacle_14,c566923f-ed7c-4acf-a36d-abc7f625473a,4.916,"Vector(-0.700, -0.714)",12.439792298989687,"Vector(8.997, 1.492)",1.1088654635256703,4.924164217833109,60.915,4.928,0.002
588,[np.float64(60.86438418365785)],[np.float64(4.929)],[UUID('b542fabe-642c-488a-ac76-e5e3f84cdf9a')],"(np.float64(9.99995), np.float64(1.52992))",17,"Vector(0.259, 0.966)","Vector(1.003, 0.038)",echo,wall_obstacle_15,b542fabe-642c-488a-ac76-e5e3f84cdf9a,4.916,"Vector(-0.547, -0.837)",39.800909833512435,"Vector(8.997, 1.492)",1.0039343568680175,4.925328625598643,60.864,4.929,0.001
589,[np.float64(60.78321411474326)],[np.float64(5.011)],[UUID('da3318af-fff6-4f8d-a8d6-8798060d3278')],"(np.int64(5), np.int64(10))",31,"Vector(0.478, 0.878)","Vector(-4.089, 8.280)",direct,,da3318af-fff6-4f8d-a8d6-8798060d3278,5.008,"Vector(0.000, -1.000)",153.93570876601757,"Vector(9.089, 1.720)",9.234971233187464,4.984,60.783,5.011,0.001
590,"[np.float64(79.69600089903922), np.float64(79.69201786696976)]","[np.float64(5.0120000000000005), np.float64(5.013)]","[UUID('7af2210a-5dfb-4b8b-bedf-1cab59e709ee'), UUID('7af2210a-5dfb-4b8b-bedf-1cab59e709ee')]","(np.int64(10), np.int64(1))",18,"Vector(0.478, 0.878)","Vector(0.908, -0.725)",direct,,7af2210a-5dfb-4b8b-bedf-1cab59e709ee,5.008,"Vector(-1.000, 0.000)",-0.94374864449469,"Vector(9.092, 1.725)",1.161950637591804,5.008,79.694,5.012,0.002
591,"[np.float64(97.00705981821235), np.float64(97.00074272550165)]","[np.float64(5.0120000000000005), np.float64(5.013)]","[UUID('3cd9d27d-ce03-42e5-97fe-ba4c96ecea43'), UUID('3cd9d27d-ce03-42e5-97fe-ba4c96ecea43')]","(np.float64(10.0), np.float64(1.0199))",18,"Vector(0.478, 0.878)","Vector(0.908, -0.705)",echo,wall_obstacle_14,3cd9d27d-ce03-42e5-97fe-ba4c96ecea43,5.008,"Vector(0.000, -1.000)",-0.1686134567189299,"Vector(9.092, 1.725)",1.1496411058239002,5.008058017492711,97.004,5.012,0.002
592,"[np.float64(70.10186744174447), np.float64(70.10836878646201)]","[np.float64(5.013), np.float64(5.014)]","[UUID('9d128523-22e1-4f70-b234-c4735bfbb691'), UUID('9d128523-22e1-4f70-b234-c4735bfbb691')]","(np.float64(10.0), np.float64(1.5299))",18,"Vector(0.478, 0.878)","Vector(0.907, -0.198)",echo,wall_obstacle_15,9d128523-22e1-4f70-b234-c4735bfbb691,5.008,"Vector(0.000, -1.000)",25.358644025289237,"Vector(9.093, 1.728)",0.9279667487577344,5.0095448979591835,70.105,5.013,0.002
593,"[np.float64(69.25367176033625), np.float64(69.24743385838038)]","[np.float64(5.014), np.float64(5.015)]","[UUID('f9948da7-3757-4fda-b75c-c2ea14515b61'), UUID('f9948da7-3757-4fda-b75c-c2ea14515b61')]","(np.float64(10.0), np.float64(0.5101))",18,"Vector(0.478, 0.878)","Vector(0.905, -1.220)",echo,wall_obstacle_13,f9948da7-3757-4fda-b75c-c2ea14515b61,5.008,"Vector(0.000, 1.000)",-15.770876571663935,"Vector(9.095, 1.730)",1.5192101780201448,5.009428279883382,69.251,5.014,0.002
594,"[np.float64(69.28440627418915), np.float64(69.29388386975737)]","[np.float64(5.014), np.float64(5.015)]","[UUID('d1ecee9b-34de-4af1-8298-665ae8c78a0f'), UUID('d1ecee9b-34de-4af1-8298-665ae8c78a0f')]","(np.float64(9.9999), np.float64(1.53002))",0,"Vector(0.478, 0.878)","Vector(0.905, -0.200)",echo,wall_obstacle_15,d1ecee9b-34de-4af1-8298-665ae8c78a0f,5.008,"Vector(-0.981, 0.195)",25.186928234633797,"Vector(9.095, 1.730)",0.9270105389907928,5.01072019627468,69.289,5.014,0.002
595,"[np.float64(68.2958255264281), np.float64(68.31769316690551)]","[np.float64(5.014), np.float64(5.015)]","[UUID('b00cbb08-5e66-4235-b155-7025b9640fef'), UUID('b00cbb08-5e66-4235-b155-7025b9640fef')]","(np.float64(9.99991), np.float64(2.03997))",0,"Vector(0.478, 0.878)","Vector(0.905, 0.310)",echo,wall_obstacle_16,b00cbb08-5e66-4235-b155-7025b9640fef,5.008,"Vector(-0.941, -0.338)",56.54968278474621,"Vector(9.095, 1.730)",0.9567147213250143,5.0108345496032385,68.307,5.014,0.002
596,"[np.float64(63.48655993862063), np.float64(63.50656257412043)]","[np.float64(5.014), np.float64(5.015)]","[UUID('3489175a-523d-4b16-8987-c76d82963348'), UUID('3489175a-523d-4b16-8987-c76d82963348')]","(np.float64(10.0), np.float64(2.0399))",18,"Vector(0.478, 0.878)","Vector(0.905, 0.310)",echo,wall_obstacle_16,3489175a-523d-4b16-8987-c76d82963348,5.008,"Vector(0.000, -1.000)",56.54397143927264,"Vector(9.095, 1.730)",0.9567772076089606,5.011031778425656,63.497,5.014,0.002
597,"[np.float64(67.20640855622281), np.float64(67.20378701697487)]","[np.float64(5.015), np.float64(5.016)]","[UUID('38b9e7cc-e2fa-4c66-b36b-3a7ac5cfeb64'), UUID('38b9e7cc-e2fa-4c66-b36b-3a7ac5cfeb64')]","(np.float64(9.99992), np.float64(1.02006))",0,"Vector(0.478, 0.878)","Vector(0.904, -0.713)",echo,wall_obstacle_14,38b9e7cc-e2fa-4c66-b36b-3a7ac5cfeb64,5.008,"Vector(-0.798, 0.603)",-0.6059803818036755,"Vector(9.096, 1.733)",1.1509629820285272,5.011344489273904,67.205,5.015,0.002
598,"[np.float64(65.05397144815201), np.float64(65.07576998729621)]","[np.float64(5.016), np.float64(5.017)]","[UUID('890ee4bc-151c-4539-8ccf-9d9b66362c80'), UUID('890ee4bc-151c-4539-8ccf-9d9b66362c80')]","(np.float64(9.99993), np.float64(2.54993))",0,"Vector(0.478, 0.878)","Vector(0.902, 0.815)",echo,wall_obstacle_17,890ee4bc-151c-4539-8ccf-9d9b66362c80,5.008,"Vector(-0.737, -0.675)",79.726946683272,"Vector(9.098, 1.735)",1.215575671359048,5.011618139480907,65.065,5.016,0.002
599,"[np.float64(63.37934702797362), np.float64(63.37282958142166)]","[np.float64(5.017), np.float64(5.018)]","[UUID('4ede76fc-534c-484b-a02b-03ae8169ad90'), UUID('4ede76fc-534c-484b-a02b-03ae8169ad90')]","(np.float64(9.99994), np.float64(0.51008))",0,"Vector(0.478, 0.878)","Vector(0.901, -1.228)",echo,wall_obstacle_13,4ede76fc-534c-484b-a02b-03ae8169ad90,5.008,"Vector(-0.606, 0.796)",-16.079619472539633,"Vector(9.099, 1.738)",1.5229926367517341,5.012403758766848,63.376,5.017,0.002
600,"[np.float64(61.08614447821373), np.float64(61.10372081612933)]","[np.float64(5.018), np.float64(5.019)]","[UUID('f7c7acf5-7273-4f1e-9bf7-70591320048b'), UUID('f7c7acf5-7273-4f1e-9bf7-70591320048b')]","(np.float64(9.99994), np.float64(3.05992))",0,"Vector(0.478, 0.878)","Vector(0.899, 1.319)",echo,wall_obstacle_18,f7c7acf5-7273-4f1e-9bf7-70591320048b,5.008,"Vector(-0.562, -0.827)",93.36820474474621,"Vector(9.100, 1.741)",1.596704995733401,5.012750648441266,61.095,5.018,0.002
601,"[np.float64(71.21601683039745), np.float64(71.21471199414877)]","[np.float64(5.111), np.float64(5.112)]","[UUID('9298b5f7-3bfd-46f6-b1a5-6ff2f577e4b2'), UUID('9298b5f7-3bfd-46f6-b1a5-6ff2f577e4b2')]","(np.int64(0), np.int64(3))",2,"Vector(0.238, 0.971)","Vector(-9.199, 0.999)",direct,,9298b5f7-3bfd-46f6-b1a5-6ff2f577e4b2,5.107,"Vector(1.000, 0.000)",-148.54616078394974,"Vector(9.199, 2.001)",9.25356647920141,5.0840000000000005,71.215,5.111,0.002
602,"[np.float64(67.88645682746368), np.float64(67.88321923086663)]","[np.float64(5.112), np.float64(5.113)]","[UUID('213552b1-3f91-4656-ad2a-7f6f16c09010'), UUID('213552b1-3f91-4656-ad2a-7f6f16c09010')]","(np.float64(0.0), np.float64(3.0599))",2,"Vector(0.238, 0.971)","Vector(-9.200, 1.056)",echo,wall_obstacle_5,213552b1-3f91-4656-ad2a-7f6f16c09010,5.107,"Vector(0.000, -1.000)",-148.89622551617356,"Vector(9.200, 2.003)",9.260600736993254,5.084174635568513,67.885,5.112,0.002
603,"[np.float64(70.28006506220096), np.float64(70.2904779683412)]","[np.float64(5.112), np.float64(5.113)]","[UUID('c5073130-99b7-4cc1-a9ee-d12c413a91cd'), UUID('c5073130-99b7-4cc1-a9ee-d12c413a91cd')]","(np.float64(9.9999), np.float64(2.03999))",0,"Vector(0.238, 0.971)","Vector(0.800, 0.037)",echo,wall_obstacle_16,c5073130-99b7-4cc1-a9ee-d12c413a91cd,5.107,"Vector(-0.998, -0.067)",40.2726247874179,"Vector(9.200, 2.003)",0.8005956673002922,5.109349368391457,70.285,5.112,0.002
604,"[np.float64(69.4376931701275), np.float64(69.4303543292948)]","[np.float64(5.113), np.float64(5.114)]","[UUID('c2e4421c-d708-4acc-ae05-f8b63101ff5b'), UUID('c2e4421c-d708-4acc-ae05-f8b63101ff5b')]","(np.float64(9.99991), np.float64(1.53005))",0,"Vector(0.238, 0.971)","Vector(0.799, -0.476)",echo,wall_obstacle_15,c2e4421c-d708-4acc-ae05-f8b63101ff5b,5.107,"Vector(-0.870, 0.493)",6.857458038675929,"Vector(9.201, 2.006)",0.9302362721373533,5.109694732754904,69.434,5.113,0.002
605,"[np.float64(67.47878209117798), np.float64(67.49999523972593)]","[np.float64(5.113), np.float64(5.114)]","[UUID('c6f93e8e-d833-4987-9497-bac8967834a3'), UUID('c6f93e8e-d833-4987-9497-bac8967834a3')]","(np.float64(9.99992), np.float64(2.54994))",0,"Vector(0.238, 0.971)","Vector(0.799, 0.544)",echo,wall_obstacle_17,c6f93e8e-d833-4987-9497-bac8967834a3,5.107,"Vector(-0.819, -0.574)",71.88211478280431,"Vector(9.201, 2.006)",0.9664495315328162,5.109863314809895,67.489,5.113,0.002
606,"[np.float64(63.15433157947318), np.float64(63.17348905378539)]","[np.float64(5.115), np.float64(5.1160000000000005)]","[UUID('47866e67-a76c-42bc-b59c-561c58b80206'), UUID('47866e67-a76c-42bc-b59c-561c58b80206')]","(np.float64(9.99994), np.float64(3.05992))",0,"Vector(0.238, 0.971)","Vector(0.798, 1.048)",echo,wall_obstacle_18,47866e67-a76c-42bc-b59c-561c58b80206,5.107,"Vector(-0.599, -0.800)",90.37241751636782,"Vector(9.202, 2.012)",1.3168520804555082,5.110911383306713,63.164,5.115,0.002
607,"[np.float64(69.82217428596671), np.float64(69.81035762173626)]","[np.float64(5.1160000000000005), np.float64(5.117)]","[UUID('b65018c4-a643-4e27-af32-8c334ef7ddf5'), UUID('b65018c4-a643-4e27-af32-8c334ef7ddf5')]","(np.float64(10.0), np.float64(1.5299))",18,"Vector(0.238, 0.971)","Vector(0.797, -0.485)",echo,wall_obstacle_15,b65018c4-a643-4e27-af32-8c334ef7ddf5,5.107,"Vector(0.000, -1.000)",6.324924101744557,"Vector(9.203, 2.015)",0.9330707936700194,5.112544897959183,69.816,5.116,0.002
608,"[np.float64(65.00549768948275), np.float64(65.01244694542325)]","[np.float64(5.117), np.float64(5.118)]","[UUID('2bf8a8ea-36bf-4f11-a78f-4bd424241438'), UUID('2bf8a8ea-36bf-4f11-a78f-4bd424241438')]","(np.float64(10.0), np.float64(2.0399))",18,"Vector(0.238, 0.971)","Vector(0.796, 0.022)",echo,wall_obstacle_16,2bf8a8ea-36bf-4f11-a78f-4bd424241438,5.107,"Vector(0.000, -1.000)",39.232029076864876,"Vector(9.204, 2.018)",0.7966119136693851,5.114031778425656,65.009,5.117,0.002
609,"[np.float64(60.94769433938069), np.float64(60.94958936243486)]","[np.float64(5.119), np.float64(5.12)]","[UUID('6a4e1015-abf1-44b2-a271-4d56574c6e70'), UUID('6a4e1015-abf1-44b2-a271-4d56574c6e70')]","(np.int64(5), np.int64(10))",31,"Vector(0.238, 0.971)","Vector(-4.205, 7.976)",direct,,6a4e1015-abf1-44b2-a271-4d56574c6e70,5.107,"Vector(0.000, -1.000)",155.4530201632749,"Vector(9.205, 2.024)",9.016810748607291,5.0920000000000005,60.949,5.119,0.002
610,"[np.float64(63.34491405280985), np.float64(63.348377272480086)]","[np.float64(5.204), np.float64(5.205)]","[UUID('907365b3-1ac6-40e5-a946-16aea9a0b241'), UUID('907365b3-1ac6-40e5-a946-16aea9a0b241')]","(np.int64(9), np.int64(10))",35,"Vector(0.465, 0.885)","Vector(-0.297, 7.739)",direct,,907365b3-1ac6-40e5-a946-16aea9a0b241,5.2010000000000005,"Vector(0.000, -1.000)",129.85117632555983,"Vector(9.297, 2.261)",7.744721122377486,5.181,63.347,5.204,0.002
611,"[np.float64(71.0248495529259), np.float64(71.02207814618454)]","[np.float64(5.205), np.float64(5.206)]","[UUID('daf186f9-31cf-49de-9636-1895ec97a234'), UUID('daf186f9-31cf-49de-9636-1895ec97a234')]","(np.int64(0), np.int64(3))",2,"Vector(0.465, 0.885)","Vector(-9.298, 0.736)",direct,,daf186f9-31cf-49de-9636-1895ec97a234,5.2010000000000005,"Vector(1.000, 0.000)",-146.87353414699476,"Vector(9.298, 2.264)",9.327352672355646,5.1770000000000005,71.023,5.205,0.002
612,"[np.float64(67.53499159038039), np.float64(67.5306948862287)]","[np.float64(5.205), np.float64(5.206)]","[UUID('246c3d25-cb11-437f-a408-dd0e83db9d5f'), UUID('246c3d25-cb11-437f-a408-dd0e83db9d5f')]","(np.float64(0.0), np.float64(3.0599))",2,"Vector(0.465, 0.885)","Vector(-9.298, 0.796)",echo,wall_obstacle_5,246c3d25-cb11-437f-a408-dd0e83db9d5f,5.2010000000000005,"Vector(0.000, -1.000)",-147.24014671822857,"Vector(9.298, 2.264)",9.332272660531302,5.177174635568513,67.533,5.205,0.002
613,[np.float64(70.32334036538934)],[np.float64(5.206)],[UUID('62acdd32-d866-4ce2-825c-e9b999c2068f')],"(np.int64(0), np.int64(5))",4,"Vector(0.465, 0.885)","Vector(-9.298, 2.736)",direct,,62acdd32-d866-4ce2-825c-e9b999c2068f,5.2010000000000005,"Vector(1.000, 0.000)",-158.74404826481378,"Vector(9.298, 2.264)",9.692522265875896,5.1770000000000005,70.323,5.206,0.001
614,[np.float64(62.304348439021595)],[np.float64(5.206)],[UUID('f7219caf-486b-496d-b260-a8a3745979a3')],"(np.float64(0.0), np.float64(5.0999))",4,"Vector(0.465, 0.885)","Vector(-9.298, 2.836)",echo,wall_obstacle_9,f7219caf-486b-496d-b260-a8a3745979a3,5.2010000000000005,"Vector(0.000, -1.000)",-159.30890628807606,"Vector(9.298, 2.264)",9.72119820858005,5.177291253644316,62.304,5.206,0.001
615,"[np.float64(74.45680987951742), np.float64(74.46441481883781)]","[np.float64(5.206), np.float64(5.207)]","[UUID('24da701d-1bd3-4c59-b293-5bc5ba8e0b5f'), UUID('24da701d-1bd3-4c59-b293-5bc5ba8e0b5f')]","(np.float64(9.9999), np.float64(2.04003))",0,"Vector(0.465, 0.885)","Vector(0.700, -0.226)",echo,wall_obstacle_16,24da701d-1bd3-4c59-b293-5bc5ba8e0b5f,5.2010000000000005,"Vector(-0.959, 0.285)",19.748679748620788,"Vector(9.300, 2.266)",0.7359155253831787,5.2031549789472145,74.461,5.206,0.002
616,"[np.float64(72.95987680487337), np.float64(72.98810642616588)]","[np.float64(5.206), np.float64(5.207)]","[UUID('de79fd65-e940-44be-9055-9c39f15a9a72'), UUID('de79fd65-e940-44be-9055-9c39f15a9a72')]","(np.float64(9.99991), np.float64(2.54996))",0,"Vector(0.465, 0.885)","Vector(0.700, 0.284)",echo,wall_obstacle_17,de79fd65-e940-44be-9055-9c39f15a9a72,5.2010000000000005,"Vector(-0.921, -0.389)",59.70645490877186,"Vector(9.300, 2.266)",0.7555532723110926,5.203243042740471,72.974,5.206,0.002
617,"[np.float64(71.28530824092806), np.float64(71.27783932772611)]","[np.float64(5.207), np.float64(5.208)]","[UUID('2eb996a0-1f4a-424e-84b8-4a3fbf6b2159'), UUID('2eb996a0-1f4a-424e-84b8-4a3fbf6b2159')]","(np.float64(9.99993), np.float64(1.53007))",0,"Vector(0.465, 0.885)","Vector(0.699, -0.739)",echo,wall_obstacle_15,2eb996a0-1f4a-424e-84b8-4a3fbf6b2159,5.2010000000000005,"Vector(-0.701, 0.713)",-8.937860961565804,"Vector(9.301, 2.269)",1.0170638340340297,5.203945825913222,71.282,5.207,0.002
618,"[np.float64(68.32495116989786), np.float64(68.35065471932761)]","[np.float64(5.208), np.float64(5.2090000000000005)]","[UUID('34ea2201-aa69-4626-be03-480963a03bfb'), UUID('34ea2201-aa69-4626-be03-480963a03bfb')]","(np.float64(9.99993), np.float64(3.05992))",0,"Vector(0.465, 0.885)","Vector(0.698, 0.788)",echo,wall_obstacle_18,34ea2201-aa69-4626-be03-480963a03bfb,5.2010000000000005,"Vector(-0.659, -0.752)",86.15117700126353,"Vector(9.302, 2.272)",1.0526000220881624,5.20413679675765,68.338,5.208,0.002
619,"[np.float64(63.30015742336703), np.float64(63.319325390422804)]","[np.float64(5.21), np.float64(5.211)]","[UUID('b7be1fc2-3ed5-45ea-bb9f-2eaaffaa618c'), UUID('b7be1fc2-3ed5-45ea-bb9f-2eaaffaa618c')]","(np.float64(9.99995), np.float64(3.56991))",0,"Vector(0.465, 0.885)","Vector(0.695, 1.293)",echo,wall_obstacle_19,b7be1fc2-3ed5-45ea-bb9f-2eaaffaa618c,5.2010000000000005,"Vector(-0.473, -0.881)",99.40395202176582,"Vector(9.305, 2.277)",1.4678176787326143,5.205366847091171,63.31,5.21,0.002
620,[np.float64(61.97946726253877)],[np.float64(5.214)],[UUID('9bba5729-ad49-4ef6-be00-1315ced4396b')],"(np.int64(6), np.int64(10))",32,"Vector(0.465, 0.885)","Vector(-3.309, 7.715)",direct,,9bba5729-ad49-4ef6-be00-1315ced4396b,5.2010000000000005,"Vector(0.000, -1.000)",150.87126724102131,"Vector(9.309, 2.285)",8.394907820679153,5.189,61.979,5.214,0.001
621,[np.float64(61.158924079829454)],[np.float64(5.313)],[UUID('9f743140-a229-4219-8bac-7f95a7421387')],"(np.int64(5), np.int64(10))",31,"Vector(0.697, 0.717)","Vector(-4.484, 7.477)",direct,,9f743140-a229-4219-8bac-7f95a7421387,5.3100000000000005,"Vector(0.000, -1.000)",158.6101032368012,"Vector(9.484, 2.523)",8.71835704275754,5.2860000000000005,61.159,5.313,0.001
622,"[np.float64(81.5235622447264), np.float64(81.56304494711503)]","[np.float64(5.314), np.float64(5.315)]","[UUID('b0525bbf-c3ea-418b-a75b-7bc3c97e14c1'), UUID('b0525bbf-c3ea-418b-a75b-7bc3c97e14c1')]","(np.float64(9.9999), np.float64(2.54999))",0,"Vector(0.697, 0.717)","Vector(0.511, 0.022)",echo,wall_obstacle_17,b0525bbf-c3ea-418b-a75b-7bc3c97e14c1,5.3100000000000005,"Vector(-0.998, -0.063)",40.14772980376924,"Vector(9.489, 2.528)",0.5117143934852721,5.311523974730767,81.543,5.314,0.002
623,"[np.float64(79.54682322016332), np.float64(79.54830396730553)]","[np.float64(5.315), np.float64(5.316)]","[UUID('3e1d8cf9-84c9-4e0c-bdd7-7a9a837de828'), UUID('3e1d8cf9-84c9-4e0c-bdd7-7a9a837de828')]","(np.float64(9.99993), np.float64(2.04007))",0,"Vector(0.697, 0.717)","Vector(0.509, -0.490)",echo,wall_obstacle_16,3e1d8cf9-84c9-4e0c-bdd7-7a9a837de828,5.3100000000000005,"Vector(-0.738, 0.675)",-6.235230912816405,"Vector(9.491, 2.530)",0.7065181703254347,5.312060761495789,79.548,5.315,0.002
624,"[np.float64(76.05150933456004), np.float64(76.08913846652874)]","[np.float64(5.315), np.float64(5.316)]","[UUID('46722b4a-f655-442b-97ac-ab5f74a16e86'), UUID('46722b4a-f655-442b-97ac-ab5f74a16e86')]","(np.float64(9.99993), np.float64(3.05993))",0,"Vector(0.697, 0.717)","Vector(0.509, 0.530)",echo,wall_obstacle_18,46722b4a-f655-442b-97ac-ab5f74a16e86,5.3100000000000005,"Vector(-0.693, -0.721)",83.80556066678844,"Vector(9.491, 2.530)",0.7349878171779449,5.312195271443131,76.07,5.315,0.002
625,"[np.float64(73.3674446550987), np.float64(73.36027803222109)]","[np.float64(5.317), np.float64(5.3180000000000005)]","[UUID('ed908059-9841-467b-b077-c547434a526c'), UUID('ed908059-9841-467b-b077-c547434a526c')]","(np.float64(9.99995), np.float64(1.53009))",0,"Vector(0.697, 0.717)","Vector(0.505, -1.004)",echo,wall_obstacle_15,ed908059-9841-467b-b077-c547434a526c,5.3100000000000005,"Vector(-0.467, 0.884)",-25.645227571098076,"Vector(9.495, 2.534)",1.1239358648072406,5.313254556003863,73.364,5.317,0.002
626,"[np.float64(69.3597841227198), np.float64(69.38302239417854)]","[np.float64(5.317), np.float64(5.3180000000000005)]","[UUID('83bc841a-9d73-4e23-8a5c-5a8d5e053354'), UUID('83bc841a-9d73-4e23-8a5c-5a8d5e053354')]","(np.float64(9.99996), np.float64(3.56991))",0,"Vector(0.697, 0.717)","Vector(0.505, 1.036)",echo,wall_obstacle_19,83bc841a-9d73-4e23-8a5c-5a8d5e053354,5.3100000000000005,"Vector(-0.444, -0.896)",101.66075347190747,"Vector(9.495, 2.534)",1.1522941609241972,5.313425965140197,69.371,5.317,0.002
627,"[np.float64(76.5248126666181), np.float64(76.51630891686986)]","[np.float64(5.3180000000000005), np.float64(5.319)]","[UUID('c2f55b93-b76e-4f20-93dc-2f46a4adb676'), UUID('c2f55b93-b76e-4f20-93dc-2f46a4adb676')]","(np.int64(10), np.int64(1))",18,"Vector(0.697, 0.717)","Vector(0.503, -1.536)",direct,,c2f55b93-b76e-4f20-93dc-2f46a4adb676,5.3100000000000005,"Vector(-1.000, 0.000)",-34.21784739960282,"Vector(9.497, 2.536)",1.616566945659845,5.313,76.521,5.318,0.002
628,"[np.float64(93.05982117155625), np.float64(93.04957140598407)]","[np.float64(5.3180000000000005), np.float64(5.319)]","[UUID('56ce9ab7-6b8e-4547-8c56-1104c9c30fb5'), UUID('56ce9ab7-6b8e-4547-8c56-1104c9c30fb5')]","(np.float64(10.0), np.float64(1.0199))",18,"Vector(0.697, 0.717)","Vector(0.503, -1.516)",echo,wall_obstacle_14,56ce9ab7-6b8e-4547-8c56-1104c9c30fb5,5.3100000000000005,"Vector(0.000, -1.000)",-33.99580341598818,"Vector(9.497, 2.536)",1.5976666629181446,5.313058017492711,93.055,5.318,0.002
629,"[np.float64(67.605446463228), np.float64(67.59549024731037)]","[np.float64(5.3180000000000005), np.float64(5.319)]","[UUID('cee6bfda-83de-466d-b519-1e79c94d50ae'), UUID('cee6bfda-83de-466d-b519-1e79c94d50ae')]","(np.float64(10.0), np.float64(1.5299))",18,"Vector(0.697, 0.717)","Vector(0.503, -1.006)",echo,wall_obstacle_15,cee6bfda-83de-466d-b519-1e79c94d50ae,5.3100000000000005,"Vector(0.000, -1.000)",-25.791578946439586,"Vector(9.497, 2.536)",1.1251134013067305,5.314544897959183,67.6,5.318,0.002
630,"[np.float64(65.74794413864525), np.float64(65.74619646731068)]","[np.float64(5.319), np.float64(5.32)]","[UUID('4d88aebf-ea7b-4bf3-b57a-bfc174a72464'), UUID('4d88aebf-ea7b-4bf3-b57a-bfc174a72464')]","(np.float64(10.0), np.float64(2.0399))",18,"Vector(0.697, 0.717)","Vector(0.501, -0.499)",echo,wall_obstacle_16,4d88aebf-ea7b-4bf3-b57a-bfc174a72464,5.3100000000000005,"Vector(0.000, -1.000)",-7.213619551700389,"Vector(9.499, 2.538)",0.7067268148301719,5.316031778425656,65.747,5.319,0.002
631,"[np.float64(65.00171065933661), np.float64(65.03956439213478)]","[np.float64(5.319), np.float64(5.32)]","[UUID('cad448df-e3c6-46fe-a4ef-45f19949daa1'), UUID('cad448df-e3c6-46fe-a4ef-45f19949daa1')]","(np.float64(10.0), np.float64(2.5499))",18,"Vector(0.697, 0.717)","Vector(0.501, 0.011)",echo,wall_obstacle_17,cad448df-e3c6-46fe-a4ef-45f19949daa1,5.3100000000000005,"Vector(0.000, -1.000)",38.96063935141774,"Vector(9.499, 2.538)",0.5010101703558522,5.317518658892128,65.021,5.319,0.002
632,"[np.float64(67.43489765488796), np.float64(67.42736734074302)]","[np.float64(5.32), np.float64(5.321)]","[UUID('b42b98de-7714-4a81-acc2-5cf998f7a7a8'), UUID('b42b98de-7714-4a81-acc2-5cf998f7a7a8')]","(np.float64(9.99997), np.float64(1.02009))",0,"Vector(0.697, 0.717)","Vector(0.499, -1.521)",echo,wall_obstacle_14,b42b98de-7714-4a81-acc2-5cf998f7a7a8,5.3100000000000005,"Vector(-0.329, 0.944)",-34.18520194598517,"Vector(9.501, 2.541)",1.6002510519290403,5.314621614524743,67.431,5.32,0.002
633,"[np.float64(63.656791933848154), np.float64(63.672736297942315)]","[np.float64(5.32), np.float64(5.321)]","[UUID('dbf6974e-bca3-4f79-9e00-44f2b82fac5a'), UUID('dbf6974e-bca3-4f79-9e00-44f2b82fac5a')]","(np.float64(9.99997), np.float64(4.07991))",0,"Vector(0.697, 0.717)","Vector(0.499, 1.539)",echo,wall_obstacle_20,dbf6974e-bca3-4f79-9e00-44f2b82fac5a,5.3100000000000005,"Vector(-0.317, -0.949)",109.70108380901752,"Vector(9.501, 2.541)",1.6180681246474142,5.314803841362305,63.665,5.32,0.002
634,"[np.float64(62.393427270683105), np.float64(62.39164052545923)]","[np.float64(5.321), np.float64(5.322)]","[UUID('ca0d2015-4921-4f76-a99f-e91e3d0221ae'), UUID('ca0d2015-4921-4f76-a99f-e91e3d0221ae')]","(np.float64(9.99996), np.float64(2.03991))",17,"Vector(0.697, 0.717)","Vector(0.497, -0.503)",echo,wall_obstacle_16,ca0d2015-4921-4f76-a99f-e91e3d0221ae,5.3100000000000005,"Vector(-0.440, -0.898)",-7.70144033010186,"Vector(9.503, 2.543)",0.7067880817472803,5.318623373388442,62.393,5.321,0.002
635,"[np.float64(64.48023198342815), np.float64(64.51829969611732)]","[np.float64(5.322), np.float64(5.323)]","[UUID('50e8b0b5-d820-4eb8-8724-4c99008ace1e'), UUID('50e8b0b5-d820-4eb8-8724-4c99008ace1e')]","(np.float64(9.99996), np.float64(2.54991))",17,"Vector(0.697, 0.717)","Vector(0.495, 0.005)",echo,wall_obstacle_17,50e8b0b5-d820-4eb8-8724-4c99008ace1e,5.3100000000000005,"Vector(-0.365, -0.931)",38.23144113021044,"Vector(9.505, 2.545)",0.4945950720538974,5.319985337591472,64.499,5.322,0.002
636,[np.float64(78.63048235006751)],[np.float64(5.415)],[UUID('5fe527e0-5fe7-4fae-922a-037464678ec3')],"(np.int64(10), np.int64(4))",21,"Vector(0.862, 0.507)","Vector(0.277, 1.286)",direct,,5fe527e0-5fe7-4fae-922a-037464678ec3,5.412,"Vector(-1.000, 0.000)",115.49171659275629,"Vector(9.723, 2.714)",1.315959544970893,5.41,78.63,5.415,0.001
637,"[np.float64(82.68796689772554), np.float64(82.70179813945946)]","[np.float64(5.415), np.float64(5.416)]","[UUID('5512c3f4-6c26-488b-b280-babf53390d42'), UUID('5512c3f4-6c26-488b-b280-babf53390d42')]","(np.float64(10.0), np.float64(4.0799))",21,"Vector(0.862, 0.507)","Vector(0.275, 1.365)",echo,wall_obstacle_20,5512c3f4-6c26-488b-b280-babf53390d42,5.412,"Vector(0.000, -1.000)",116.2755867902368,"Vector(9.725, 2.715)",1.3921647348284614,5.410232944606414,82.695,5.415,0.002
638,[np.float64(76.74187813948805)],[np.float64(5.415)],[UUID('58fbb17c-a7ad-4b73-a2ff-c326f206d0cc')],"(np.float64(10.0), np.float64(3.5701))",21,"Vector(0.862, 0.507)","Vector(0.277, 0.857)",echo,wall_obstacle_19,58fbb17c-a7ad-4b73-a2ff-c326f206d0cc,5.412,"Vector(0.000, 1.000)",109.71749098226957,"Vector(9.723, 2.714)",0.9002775227672853,5.41125335276968,76.742,5.415,0.001
639,"[np.float64(75.93692793002053), np.float64(75.99543828725318)]","[np.float64(5.415), np.float64(5.416)]","[UUID('669a31b9-f00d-4479-b768-9fa0fa7ec2ff'), UUID('669a31b9-f00d-4479-b768-9fa0fa7ec2ff')]","(np.float64(10.0), np.float64(3.0601))",21,"Vector(0.862, 0.507)","Vector(0.275, 0.345)",echo,wall_obstacle_18,669a31b9-f00d-4479-b768-9fa0fa7ec2ff,5.412,"Vector(0.000, 1.000)",89.12965698557332,"Vector(9.725, 2.715)",0.4409859509100035,5.412740233236152,75.966,5.415,0.002
640,[np.float64(93.25871924414488)],[np.float64(5.415)],[UUID('92080e15-d0d9-4429-9dd5-d941ee90ec14')],"(np.float64(9.99991), np.float64(2.55005))",0,"Vector(0.862, 0.507)","Vector(0.277, -0.164)",echo,wall_obstacle_17,92080e15-d0d9-4429-9dd5-d941ee90ec14,5.412,"Vector(-0.873, 0.487)",7.113970340579897,"Vector(9.723, 2.714)",0.32181558352572054,5.412951269844557,93.259,5.415,0.001
641,"[np.float64(86.52501829814571), np.float64(86.58249924605462)]","[np.float64(5.415), np.float64(5.416)]","[UUID('6ce5a048-2754-4560-9c76-b4870b35f896'), UUID('6ce5a048-2754-4560-9c76-b4870b35f896')]","(np.float64(9.99994), np.float64(3.05992))",0,"Vector(0.862, 0.507)","Vector(0.275, 0.345)",echo,wall_obstacle_18,6ce5a048-2754-4560-9c76-b4870b35f896,5.412,"Vector(-0.630, -0.776)",89.12118579453704,"Vector(9.725, 2.715)",0.4408077636566761,5.4133178961964505,86.554,5.415,0.002
642,"[np.float64(74.52567912051465), np.float64(74.56652233984558)]","[np.float64(5.416), np.float64(5.417)]","[UUID('db59e213-db3a-4d8a-9a8f-8441ac68909b'), UUID('db59e213-db3a-4d8a-9a8f-8441ac68909b')]","(np.float64(10.0), np.float64(2.5501))",21,"Vector(0.862, 0.507)","Vector(0.272, -0.167)",echo,wall_obstacle_17,db59e213-db3a-4d8a-9a8f-8441ac68909b,5.412,"Vector(0.000, 1.000)",6.186818388345301,"Vector(9.728, 2.717)",0.318992847568719,5.414227113702624,74.546,5.416,0.002
643,"[np.float64(62.14010323333688), np.float64(62.139800361545994)]","[np.float64(5.417), np.float64(5.418)]","[UUID('ae111843-22d5-4e65-8514-a4d8bd19394b'), UUID('ae111843-22d5-4e65-8514-a4d8bd19394b')]","(np.int64(6), np.int64(10))",32,"Vector(0.862, 0.507)","Vector(-3.731, 7.282)",direct,,ae111843-22d5-4e65-8514-a4d8bd19394b,5.412,"Vector(0.000, -1.000)",154.78067442123904,"Vector(9.731, 2.718)",8.181820697112594,5.393,62.14,5.417,0.002
644,"[np.float64(83.50457452976819), np.float64(83.49944323483771)]","[np.float64(5.417), np.float64(5.418)]","[UUID('bd146c8f-40b6-42e6-9b79-4a1fa16e0572'), UUID('bd146c8f-40b6-42e6-9b79-4a1fa16e0572')]","(np.float64(9.99996), np.float64(2.04009))",0,"Vector(0.862, 0.507)","Vector(0.269, -0.678)",echo,wall_obstacle_16,bd146c8f-40b6-42e6-9b79-4a1fa16e0572,5.412,"Vector(-0.392, 0.920)",-30.673113866215658,"Vector(9.731, 2.718)",0.7296266887936598,5.414119849602076,83.502,5.417,0.002
645,"[np.float64(63.9718747416662), np.float64(63.97395782079754)]","[np.float64(5.418), np.float64(5.4190000000000005)]","[UUID('a1e9b1dc-2825-42a9-9dcd-3d6aec36ec5e'), UUID('a1e9b1dc-2825-42a9-9dcd-3d6aec36ec5e')]","(np.int64(9), np.int64(10))",35,"Vector(0.862, 0.507)","Vector(-0.733, 7.280)",direct,,a1e9b1dc-2825-42a9-9dcd-3d6aec36ec5e,5.412,"Vector(0.000, -1.000)",133.40459393153986,"Vector(9.733, 2.720)",7.317156970135327,5.396,63.973,5.418,0.002
646,"[np.float64(61.78611204268438), np.float64(61.79592934122854)]","[np.float64(5.418), np.float64(5.4190000000000005)]","[UUID('152ae8b1-e0ac-4919-a4c5-3d9ecf2ae0c3'), UUID('152ae8b1-e0ac-4919-a4c5-3d9ecf2ae0c3')]","(np.float64(10.0), np.float64(4.5899))",21,"Vector(0.862, 0.507)","Vector(0.267, 1.870)",echo,wall_obstacle_21,152ae8b1-e0ac-4919-a4c5-3d9ecf2ae0c3,5.412,"Vector(0.000, -1.000)",119.5327476146689,"Vector(9.733, 2.720)",1.889188520926379,5.411719825072886,61.791,5.418,0.002
647,"[np.float64(75.88044773512428), np.float64(75.90379922787537)]","[np.float64(5.418), np.float64(5.4190000000000005)]","[UUID('ce28e1c1-c035-4371-8dc6-35f8b67abbc5'), UUID('ce28e1c1-c035-4371-8dc6-35f8b67abbc5')]","(np.float64(9.99997), np.float64(3.56991))",0,"Vector(0.862, 0.507)","Vector(0.267, 0.850)",echo,wall_obstacle_19,ce28e1c1-c035-4371-8dc6-35f8b67abbc5,5.412,"Vector(-0.314, -0.949)",110.22889613172356,"Vector(9.733, 2.720)",0.8911479447319619,5.414643844870494,75.892,5.418,0.002
648,"[np.float64(63.76636523805779), np.float64(63.76106390795974)]","[np.float64(5.418), np.float64(5.4190000000000005)]","[UUID('a87c771b-031a-4b3e-a346-5a7ef3a7b1c4'), UUID('a87c771b-031a-4b3e-a346-5a7ef3a7b1c4')]","(np.float64(10.0), np.float64(2.0401))",21,"Vector(0.862, 0.507)","Vector(0.267, -0.680)",echo,wall_obstacle_16,a87c771b-031a-4b3e-a346-5a7ef3a7b1c4,5.412,"Vector(0.000, 1.000)",-30.90284748193764,"Vector(9.733, 2.720)",0.7300941059890842,5.415713994169097,63.764,5.418,0.002
649,"[np.float64(74.9808075222541), np.float64(74.97397190182366)]","[np.float64(5.42), np.float64(5.421)]","[UUID('aeaed319-bbf4-4c8a-bbd7-8519c326795a'), UUID('aeaed319-bbf4-4c8a-bbd7-8519c326795a')]","(np.float64(9.99998), np.float64(1.5301))",0,"Vector(0.862, 0.507)","Vector(0.262, -1.193)",echo,wall_obstacle_15,aeaed319-bbf4-4c8a-bbd7-8519c326795a,5.412,"Vector(-0.235, 0.972)",-39.968850205266136,"Vector(9.738, 2.723)",1.220975695908809,5.415536099510655,74.977,5.42,0.002
650,"[np.float64(68.2721678561804), np.float64(68.2860012322937)]","[np.float64(5.421), np.float64(5.422)]","[UUID('0baf3ba3-4b46-4d26-bf9f-cf2966c4565f'), UUID('0baf3ba3-4b46-4d26-bf9f-cf2966c4565f')]","(np.float64(9.99998), np.float64(4.0799))",0,"Vector(0.862, 0.507)","Vector(0.259, 1.356)",echo,wall_obstacle_20,0baf3ba3-4b46-4d26-bf9f-cf2966c4565f,5.412,"Vector(-0.204, -0.979)",116.834132272879,"Vector(9.741, 2.724)",1.3802196399486568,5.416082197664454,68.279,5.421,0.002
651,"[np.float64(75.75362519994943), np.float64(75.74708560499884)]","[np.float64(5.423), np.float64(5.424)]","[UUID('493e8d9f-9c1c-414e-b2b3-789bd07c49d7'), UUID('493e8d9f-9c1c-414e-b2b3-789bd07c49d7')]","(np.int64(10), np.int64(1))",18,"Vector(0.862, 0.507)","Vector(0.254, -1.727)",direct,,493e8d9f-9c1c-414e-b2b3-789bd07c49d7,5.412,"Vector(-1.000, 0.000)",-43.981494655471494,"Vector(9.746, 2.727)",1.7458286600064736,5.417,75.75,5.423,0.002
652,"[np.float64(68.46302108563826), np.float64(68.45693929288997)]","[np.float64(5.423), np.float64(5.424)]","[UUID('cfb6dbea-715d-42fd-a198-af2eb52472d1'), UUID('cfb6dbea-715d-42fd-a198-af2eb52472d1')]","(np.float64(9.99998), np.float64(1.0201))",0,"Vector(0.862, 0.507)","Vector(0.254, -1.707)",echo,wall_obstacle_14,cfb6dbea-715d-42fd-a198-af2eb52472d1,5.412,"Vector(-0.166, 0.986)",-43.88509175070752,"Vector(9.746, 2.727)",1.7259419777327394,5.416993583985797,68.46,5.423,0.002
653,"[np.float64(92.15357971198134), np.float64(92.14616501880244)]","[np.float64(5.423), np.float64(5.424)]","[UUID('9404fd88-9512-4b6c-8e01-5b7f836614bf'), UUID('9404fd88-9512-4b6c-8e01-5b7f836614bf')]","(np.float64(10.0), np.float64(1.0199))",18,"Vector(0.862, 0.507)","Vector(0.254, -1.707)",echo,wall_obstacle_14,9404fd88-9512-4b6c-8e01-5b7f836614bf,5.412,"Vector(0.000, -1.000)",-43.88541182156109,"Vector(9.746, 2.727)",1.7261427438366734,5.417058017492711,92.15,5.423,0.002
654,"[np.float64(66.67014906878974), np.float64(66.66182933081484)]","[np.float64(5.423), np.float64(5.424)]","[UUID('d22c2285-82b6-4377-8071-9ed48f0a403b'), UUID('d22c2285-82b6-4377-8071-9ed48f0a403b')]","(np.float64(10.0), np.float64(1.5299))",18,"Vector(0.862, 0.507)","Vector(0.254, -1.197)",echo,wall_obstacle_15,d22c2285-82b6-4377-8071-9ed48f0a403b,5.412,"Vector(0.000, -1.000)",-40.370961888905704,"Vector(9.746, 2.727)",1.2239941062358102,5.418544897959183,66.666,5.423,0.002
655,"[np.float64(65.311420395808), np.float64(65.30404953935692)]","[np.float64(5.423), np.float64(5.424)]","[UUID('052ad947-586a-44b2-8868-1fa342b9cd1b'), UUID('052ad947-586a-44b2-8868-1fa342b9cd1b')]","(np.float64(10.0), np.float64(2.0399))",18,"Vector(0.862, 0.507)","Vector(0.254, -0.687)",echo,wall_obstacle_16,052ad947-586a-44b2-8868-1fa342b9cd1b,5.412,"Vector(0.000, -1.000)",-32.06836455961644,"Vector(9.746, 2.727)",0.7327717053080038,5.420031778425656,65.308,5.423,0.002
656,"[np.float64(69.26966028320777), np.float64(69.30567060327553)]","[np.float64(5.423), np.float64(5.424)]","[UUID('24c480a9-39eb-4ae8-963c-8381fb12d9ea'), UUID('24c480a9-39eb-4ae8-963c-8381fb12d9ea')]","(np.float64(10.0), np.float64(2.5499))",18,"Vector(0.862, 0.507)","Vector(0.254, -0.177)",echo,wall_obstacle_17,24c480a9-39eb-4ae8-963c-8381fb12d9ea,5.412,"Vector(0.000, -1.000)",2.723880740887097,"Vector(9.746, 2.727)",0.309753405308158,5.421518658892128,69.288,5.423,0.002
657,"[np.float64(62.41660064057848), np.float64(62.426407009233785)]","[np.float64(5.424), np.float64(5.425)]","[UUID('c12a218f-abc8-4078-a2df-63a044f8459c'), UUID('c12a218f-abc8-4078-a2df-63a044f8459c')]","(np.float64(9.99999), np.float64(4.5899))",0,"Vector(0.862, 0.507)","Vector(0.251, 1.861)",echo,wall_obstacle_21,c12a218f-abc8-4078-a2df-63a044f8459c,5.412,"Vector(-0.150, -0.989)",119.96309425912858,"Vector(9.749, 2.729)",1.878016101342052,5.417546217921881,62.422,5.424,0.002
658,[np.float64(63.152590530581456)],[np.float64(5.425)],[UUID('b1a42d5c-6f40-45f2-ab7b-c66f9a9f8229')],"(np.float64(9.99999), np.float64(0.5101))",0,"Vector(0.862, 0.507)","Vector(0.251, -2.219)",echo,wall_obstacle_13,b1a42d5c-6f40-45f2-ab7b-c66f9a9f8229,5.412,"Vector(-0.129, 0.992)",-45.88209860164554,"Vector(9.749, 2.729)",2.232872088790578,5.418464475059282,63.153,5.425,0.001
659,[np.float64(65.93286353837792)],[np.float64(5.425)],[UUID('5b13e6e4-b2dc-4b34-bf97-f87c7f612cae')],"(np.float64(10.0), np.float64(0.5101))",18,"Vector(0.862, 0.507)","Vector(0.251, -2.219)",echo,wall_obstacle_13,5b13e6e4-b2dc-4b34-bf97-f87c7f612cae,5.412,"Vector(0.000, 1.000)",-45.88184363146473,"Vector(9.749, 2.729)",2.232873214492932,5.418428279883382,65.933,5.425,0.001
660,[np.float64(63.75183505214176)],[np.float64(5.425)],[UUID('9d7f9466-dc2f-4c1b-a5a9-7a8d9ed229e0')],"(np.float64(10.0), np.float64(3.0599))",18,"Vector(0.862, 0.507)","Vector(0.251, 0.331)",echo,wall_obstacle_18,9d7f9466-dc2f-4c1b-a5a9-7a8d9ed229e0,5.412,"Vector(0.000, -1.000)",90.45164850417831,"Vector(9.749, 2.729)",0.4157190204934097,5.4230055393586,63.752,5.425,0.001
661,"[np.float64(104.84011643578208), np.float64(104.97052740436538)]","[np.float64(5.5120000000000005), np.float64(5.513)]","[UUID('2eb667f1-9db2-41e8-a2c6-600030375efe'), UUID('2eb667f1-9db2-41e8-a2c6-600030375efe')]","(np.float64(9.99997), np.float64(3.0599))",0,"Vector(0.706, 0.708)","Vector(0.044, 0.169)",echo,wall_obstacle_18,2eb667f1-9db2-41e8-a2c6-600030375efe,5.51,"Vector(-0.278, -0.961)",112.93338751506394,"Vector(9.956, 2.891)",0.17429127631640087,5.510531031968843,104.905,5.512,0.002
662,"[np.float64(82.45500656022145), np.float64(82.48502601135412)]","[np.float64(5.514), np.float64(5.515)]","[UUID('c561eaa0-35d0-414c-844a-662525d48439'), UUID('c561eaa0-35d0-414c-844a-662525d48439')]","(np.float64(9.99999), np.float64(3.5699))",0,"Vector(0.706, 0.708)","Vector(0.040, 0.674)",echo,wall_obstacle_19,c561eaa0-35d0-414c-844a-662525d48439,5.51,"Vector(-0.074, -0.997)",124.25380065872586,"Vector(9.960, 2.896)",0.6754995048110694,5.512002424497736,82.47,5.514,0.002
663,"[np.float64(80.38435429451413), np.float64(80.40424654529495)]","[np.float64(5.515), np.float64(5.516)]","[UUID('7fce4dc2-7d54-453d-808a-9bc176194365'), UUID('7fce4dc2-7d54-453d-808a-9bc176194365')]","(np.int64(10), np.int64(4))",21,"Vector(0.706, 0.708)","Vector(0.038, 1.102)",direct,,7fce4dc2-7d54-453d-808a-9bc176194365,5.51,"Vector(-1.000, 0.000)",125.6821731588639,"Vector(9.962, 2.898)",1.1029334340747858,5.511,80.394,5.515,0.002
664,"[np.float64(84.21607812363791), np.float64(84.23319754758886)]","[np.float64(5.515), np.float64(5.516)]","[UUID('fd60effa-a0a5-4693-b878-5cd0f3f3b9b6'), UUID('fd60effa-a0a5-4693-b878-5cd0f3f3b9b6')]","(np.float64(10.0), np.float64(4.0799))",21,"Vector(0.706, 0.708)","Vector(0.038, 1.182)",echo,wall_obstacle_20,fd60effa-a0a5-4693-b878-5cd0f3f3b9b6,5.51,"Vector(0.000, -1.000)",125.81538392309267,"Vector(9.962, 2.898)",1.1827892939995694,5.511232944606414,84.225,5.515,0.002
665,"[np.float64(79.55199830783945), np.float64(79.58441720233496)]","[np.float64(5.515), np.float64(5.516)]","[UUID('48b69d8b-8e1c-457f-a21e-ace15a5ff7c4'), UUID('48b69d8b-8e1c-457f-a21e-ace15a5ff7c4')]","(np.float64(10.0), np.float64(3.5701))",21,"Vector(0.706, 0.708)","Vector(0.038, 0.672)",echo,wall_obstacle_19,48b69d8b-8e1c-457f-a21e-ace15a5ff7c4,5.51,"Vector(0.000, 1.000)",124.42325897979742,"Vector(9.962, 2.898)",0.6734506856481772,5.5122533527696795,79.568,5.515,0.002
666,"[np.float64(84.67375865977814), np.float64(84.81006938699873)]","[np.float64(5.515), np.float64(5.516)]","[UUID('656abfd9-9906-4bdb-93b3-4310a1db7979'), UUID('656abfd9-9906-4bdb-93b3-4310a1db7979')]","(np.float64(10.0), np.float64(3.0601))",21,"Vector(0.706, 0.708)","Vector(0.038, 0.162)",echo,wall_obstacle_18,656abfd9-9906-4bdb-93b3-4310a1db7979,5.51,"Vector(0.000, 1.000)",114.4966388467505,"Vector(9.962, 2.898)",0.16675798631549854,5.513740233236152,84.742,5.515,0.002
667,[np.float64(62.148986240281694)],[np.float64(5.516)],[UUID('b1d63bae-b744-479e-a57d-7c6e9caf19bb')],"(np.int64(6), np.int64(10))",32,"Vector(0.706, 0.708)","Vector(-3.962, 7.102)",direct,,b1d63bae-b744-479e-a57d-7c6e9caf19bb,5.51,"Vector(0.000, -1.000)",156.8096958899224,"Vector(9.962, 2.898)",8.132658984612597,5.4910000000000005,62.149,5.516,0.001
668,"[np.float64(72.1954000674357), np.float64(72.21253723013903)]","[np.float64(5.517), np.float64(5.518)]","[UUID('93e2e1fe-5f87-46ad-a1c4-baecb87023c2'), UUID('93e2e1fe-5f87-46ad-a1c4-baecb87023c2')]","(np.float64(10.0), np.float64(4.0799))",0,"Vector(0.706, 0.708)","Vector(0.034, 1.178)",echo,wall_obstacle_20,93e2e1fe-5f87-46ad-a1c4-baecb87023c2,5.51,"Vector(-0.042, -0.999)",126.01478609089509,"Vector(9.966, 2.902)",1.1784025478587528,5.513486980243704,72.204,5.517,0.002
669,"[np.float64(61.067712331551625), np.float64(61.067563772357424)]","[np.float64(5.518), np.float64(5.519)]","[UUID('4276d963-bd9e-41b2-88a9-142003a4cbc9'), UUID('4276d963-bd9e-41b2-88a9-142003a4cbc9')]","(np.int64(5), np.int64(10))",31,"Vector(0.706, 0.708)","Vector(-4.968, 7.096)",direct,,4276d963-bd9e-41b2-88a9-142003a4cbc9,5.51,"Vector(0.000, -1.000)",162.65346902959152,"Vector(9.968, 2.904)",8.662369967399222,5.492,61.068,5.518,0.002
670,"[np.float64(60.55684723240226), np.float64(60.56239115320826)]","[np.float64(5.518), np.float64(5.519)]","[UUID('df66c257-0a96-4bc3-a7d1-ddc035a820d4'), UUID('df66c257-0a96-4bc3-a7d1-ddc035a820d4')]","(np.int64(10), np.int64(9))",26,"Vector(0.706, 0.708)","Vector(0.032, 6.096)",direct,,df66c257-0a96-4bc3-a7d1-ddc035a820d4,5.51,"Vector(-1.000, 0.000)",127.35752080809152,"Vector(9.968, 2.904)",6.095971903814846,5.5,60.56,5.518,0.002
671,"[np.float64(62.87951178043806), np.float64(62.89164857332167)]","[np.float64(5.518), np.float64(5.519)]","[UUID('2c833e39-e551-4a84-b219-e9a23ef4f144'), UUID('2c833e39-e551-4a84-b219-e9a23ef4f144')]","(np.float64(10.0), np.float64(4.5899))",21,"Vector(0.706, 0.708)","Vector(0.032, 1.686)",echo,wall_obstacle_21,2c833e39-e551-4a84-b219-e9a23ef4f144,5.51,"Vector(0.000, -1.000)",126.58065010566975,"Vector(9.968, 2.904)",1.6860861437364343,5.512719825072886,62.886,5.518,0.002
672,"[np.float64(65.23042183765834), np.float64(65.24256806715822)]","[np.float64(5.5200000000000005), np.float64(5.521)]","[UUID('debf19f3-8de3-4ca0-aaa6-36afc42423ba'), UUID('debf19f3-8de3-4ca0-aaa6-36afc42423ba')]","(np.float64(10.0), np.float64(4.5899))",0,"Vector(0.706, 0.708)","Vector(0.027, 1.682)",echo,wall_obstacle_21,debf19f3-8de3-4ca0-aaa6-36afc42423ba,5.51,"Vector(-0.030, -1.000)",126.72235776603208,"Vector(9.973, 2.908)",1.6817525711292967,5.514972924391078,65.236,5.52,0.002
673,[np.float64(62.23545725640127)],[np.float64(5.521)],[UUID('fb6f8db3-d230-456f-b18a-954cd30e0276')],"(np.float64(9.99991), np.float64(3.05995))",13,"Vector(0.706, 0.708)","Vector(0.027, 0.152)",echo,wall_obstacle_18,fb6f8db3-d230-456f-b18a-954cd30e0276,5.51,"Vector(-0.853, -0.522)",117.45582779459981,"Vector(9.973, 2.908)",0.1540134711640511,5.519090217372633,62.235,5.521,0.001
674,[np.float64(72.81772475981067)],[np.float64(5.618)],[UUID('a6c58222-50a4-4a68-bec3-e66a1453597a')],"(np.int64(5), np.int64(0))",13,"Vector(-0.729, 0.685)","Vector(-4.817, -3.108)",direct,,a6c58222-50a4-4a68-bec3-e66a1453597a,5.615,"Vector(0.000, 1.000)",-109.51460436348398,"Vector(9.817, 3.108)",5.732209092950117,5.6000000000000005,72.818,5.618,0.001
675,[np.float64(64.64127713315239)],[np.float64(5.618)],[UUID('24e1ce6b-88c0-4a35-9079-50a40376dc5c')],"(np.float64(5.0999), np.float64(0.0))",13,"Vector(-0.729, 0.685)","Vector(-4.717, -3.108)",echo,wall_obstacle_54,24e1ce6b-88c0-4a35-9079-50a40376dc5c,5.615,"Vector(-1.000, 0.000)",-108.96520526946976,"Vector(9.817, 3.108)",5.648525331562212,5.600291253644316,64.641,5.618,0.001
676,"[np.float64(82.31973363674042), np.float64(82.33691014908617)]","[np.float64(5.618), np.float64(5.619)]","[UUID('77f09ee2-3632-4519-bcea-b5ee2f6ec7b5'), UUID('77f09ee2-3632-4519-bcea-b5ee2f6ec7b5')]","(np.int64(10), np.int64(4))",21,"Vector(-0.729, 0.685)","Vector(0.186, 0.890)",direct,,77f09ee2-3632-4519-bcea-b5ee2f6ec7b5,5.615,"Vector(-1.000, 0.000)",115.87958330016413,"Vector(9.814, 3.110)",0.9093047577682634,5.615,82.328,5.618,0.002
677,"[np.float64(76.31926075301644), np.float64(76.33762162366962)]","[np.float64(5.618), np.float64(5.619)]","[UUID('6e0e3a7b-962f-410f-9c8f-6e0e25594405'), UUID('6e0e3a7b-962f-410f-9c8f-6e0e25594405')]","(np.float64(9.99996), np.float64(3.56991))",0,"Vector(-0.729, 0.685)","Vector(0.186, 0.460)",echo,wall_obstacle_19,6e0e3a7b-962f-410f-9c8f-6e0e25594405,5.615,"Vector(-0.353, -0.936)",105.6935505192994,"Vector(9.814, 3.110)",0.4960758780670554,5.6164592710645085,76.328,5.618,0.002
678,"[np.float64(82.59592640518352), np.float64(82.61825837962027)]","[np.float64(5.618), np.float64(5.619)]","[UUID('f5e67241-61fc-48e7-8d0c-137eee7901f6'), UUID('f5e67241-61fc-48e7-8d0c-137eee7901f6')]","(np.float64(10.0), np.float64(3.5701))",21,"Vector(-0.729, 0.685)","Vector(0.186, 0.460)",echo,wall_obstacle_19,f5e67241-61fc-48e7-8d0c-137eee7901f6,5.615,"Vector(0.000, 1.000)",105.69747105637146,"Vector(9.814, 3.110)",0.49626705159621465,5.61625335276968,82.607,5.618,0.002
679,"[np.float64(68.15839120956142), np.float64(68.15972224871308)]","[np.float64(5.619), np.float64(5.62)]","[UUID('76880467-2b81-49ca-b34e-59ff17482789'), UUID('76880467-2b81-49ca-b34e-59ff17482789')]","(np.float64(4.5901), np.float64(0.0))",13,"Vector(-0.729, 0.685)","Vector(-5.222, -3.112)",echo,wall_obstacle_53,76880467-2b81-49ca-b34e-59ff17482789,5.615,"Vector(1.000, 0.000)",-111.55475008235317,"Vector(9.812, 3.112)",6.079033455813515,5.601195043731779,68.159,5.619,0.002
680,"[np.float64(85.78949445348144), np.float64(85.80298491132811)]","[np.float64(5.619), np.float64(5.62)]","[UUID('2ec4934f-7e68-4f77-b982-f42e0f511703'), UUID('2ec4934f-7e68-4f77-b982-f42e0f511703')]","(np.float64(10.0), np.float64(4.0799))",21,"Vector(-0.729, 0.685)","Vector(0.188, 0.968)",echo,wall_obstacle_20,2ec4934f-7e68-4f77-b982-f42e0f511703,5.615,"Vector(0.000, -1.000)",116.67814455711436,"Vector(9.812, 3.112)",0.986059218759198,5.615232944606414,85.796,5.619,0.002
681,"[np.float64(65.09105976742305), np.float64(65.10462439494309)]","[np.float64(5.621), np.float64(5.622)]","[UUID('95566db8-ab10-4ed3-87a2-ba688f8aebfe'), UUID('95566db8-ab10-4ed3-87a2-ba688f8aebfe')]","(np.float64(9.99998), np.float64(4.0799))",0,"Vector(-0.729, 0.685)","Vector(0.192, 0.964)",echo,wall_obstacle_20,95566db8-ab10-4ed3-87a2-ba688f8aebfe,5.615,"Vector(-0.178, -0.984)",116.38312383340059,"Vector(9.808, 3.116)",0.9828774178400885,5.617898292595547,65.098,5.621,0.002
682,"[np.float64(80.35166194443096), np.float64(80.34853398919513)]","[np.float64(5.622), np.float64(5.623)]","[UUID('7ef3df7f-6c10-4444-bd01-48dd181783d4'), UUID('7ef3df7f-6c10-4444-bd01-48dd181783d4')]","(np.int64(9), np.int64(0))",17,"Vector(-0.729, 0.685)","Vector(-0.806, -3.118)",direct,,7ef3df7f-6c10-4444-bd01-48dd181783d4,5.615,"Vector(0.000, 1.000)",-66.83345860947527,"Vector(9.806, 3.118)",3.2204396195705955,5.612,80.35,5.622,0.002
683,"[np.float64(63.97852326282094), np.float64(63.98830863374212)]","[np.float64(5.622), np.float64(5.623)]","[UUID('da7dd048-3feb-4d47-843c-9d6bceb61b1c'), UUID('da7dd048-3feb-4d47-843c-9d6bceb61b1c')]","(np.float64(10.0), np.float64(4.5899))",21,"Vector(-0.729, 0.685)","Vector(0.194, 1.472)",echo,wall_obstacle_21,da7dd048-3feb-4d47-843c-9d6bceb61b1c,5.615,"Vector(0.000, -1.000)",120.13369014706615,"Vector(9.806, 3.118)",1.4846418959803067,5.616719825072886,63.983,5.622,0.002
684,"[np.float64(62.4955566523399), np.float64(62.49938102032267)]","[np.float64(5.623), np.float64(5.6240000000000006)]","[UUID('deeabb95-6edb-4142-9e7b-d8a10114f601'), UUID('deeabb95-6edb-4142-9e7b-d8a10114f601')]","(np.int64(6), np.int64(10))",32,"Vector(-0.729, 0.685)","Vector(-3.803, 6.880)",direct,,deeabb95-6edb-4142-9e7b-d8a10114f601,5.615,"Vector(0.000, -1.000)",156.5900703689689,"Vector(9.803, 3.120)",7.8612871329382195,5.6000000000000005,62.497,5.623,0.002
685,"[np.float64(78.14237440793546), np.float64(78.13741966462513)]","[np.float64(5.623), np.float64(5.6240000000000006)]","[UUID('3e6d1753-604d-4071-b5ac-ba0650deeb2e'), UUID('3e6d1753-604d-4071-b5ac-ba0650deeb2e')]","(np.float64(8.6701), np.float64(0.0))",17,"Vector(-0.729, 0.685)","Vector(-1.133, -3.120)",echo,wall_obstacle_61,3e6d1753-604d-4071-b5ac-ba0650deeb2e,5.615,"Vector(1.000, 0.000)",-72.30936295342919,"Vector(9.803, 3.120)",3.31955902169249,5.612961807580175,78.14,5.623,0.002
686,"[np.float64(61.148387880205235), np.float64(61.15397475510271)]","[np.float64(5.6240000000000006), np.float64(5.625)]","[UUID('f6e4d731-4ed3-4d3e-81d1-aeccd00c60ec'), UUID('f6e4d731-4ed3-4d3e-81d1-aeccd00c60ec')]","(np.int64(10), np.int64(9))",26,"Vector(-0.729, 0.685)","Vector(0.199, 5.878)",direct,,f6e4d731-4ed3-4d3e-81d1-aeccd00c60ec,5.615,"Vector(-1.000, 0.000)",125.71839625181144,"Vector(9.801, 3.122)",5.881227544220679,5.606,61.151,5.624,0.002
687,"[np.float64(68.77513889534063), np.float64(68.7716847314726)]","[np.float64(5.625), np.float64(5.626)]","[UUID('a8bd0d20-2d98-4809-be08-430e5d357acb'), UUID('a8bd0d20-2d98-4809-be08-430e5d357acb')]","(np.float64(8.1601), np.float64(0.0))",17,"Vector(-0.729, 0.685)","Vector(-1.639, -3.124)",echo,wall_obstacle_60,a8bd0d20-2d98-4809-be08-430e5d357acb,5.615,"Vector(1.000, 0.000)",-80.02791159071766,"Vector(9.799, 3.124)",3.52800998475061,5.6144486880466475,68.773,5.625,0.002
688,"[np.float64(62.03015507409816), np.float64(62.04656702582519)]","[np.float64(5.625), np.float64(5.626)]","[UUID('a67c7cc2-0f8e-4d7b-88d4-046d452f7d57'), UUID('a67c7cc2-0f8e-4d7b-88d4-046d452f7d57')]","(np.float64(9.99997), np.float64(3.5699))",17,"Vector(-0.729, 0.685)","Vector(0.201, 0.446)",echo,wall_obstacle_19,a67c7cc2-0f8e-4d7b-88d4-046d452f7d57,5.615,"Vector(-0.270, -0.963)",103.39621797332734,"Vector(9.799, 3.124)",0.4888875719426707,5.622808475540555,62.038,5.625,0.002
689,"[np.float64(63.24749544257831), np.float64(63.24531334851585)]","[np.float64(5.627), np.float64(5.628)]","[UUID('735efd33-3f25-4e0a-a832-9d89eff73a0b'), UUID('735efd33-3f25-4e0a-a832-9d89eff73a0b')]","(np.float64(7.6501), np.float64(0.0))",17,"Vector(-0.729, 0.685)","Vector(-2.145, -3.128)",echo,wall_obstacle_59,735efd33-3f25-4e0a-a832-9d89eff73a0b,5.615,"Vector(1.000, 0.000)",-86.77852625375462,"Vector(9.795, 3.128)",3.792831870159815,5.61593556851312,63.246,5.627,0.002
690,"[np.float64(71.65541004311913), np.float64(71.63082750125218)]","[np.float64(5.714), np.float64(5.715)]","[UUID('d6aa827e-c6ca-4a59-9d4f-d1f58c1af346'), UUID('d6aa827e-c6ca-4a59-9d4f-d1f58c1af346')]","(np.float64(9.99992), np.float64(3.56994))",0,"Vector(-0.875, 0.484)","Vector(0.417, 0.290)",echo,wall_obstacle_19,d6aa827e-c6ca-4a59-9d4f-d1f58c1af346,5.711,"Vector(-0.808, -0.589)",72.48739844944072,"Vector(9.583, 3.280)",0.5075767560674936,5.71246463566601,71.643,5.714,0.002
691,"[np.float64(80.1301790595601), np.float64(80.12855592277178)]","[np.float64(5.715), np.float64(5.716)]","[UUID('f41fe635-fee6-4ffc-a641-e5cd4ea0d3fe'), UUID('f41fe635-fee6-4ffc-a641-e5cd4ea0d3fe')]","(np.int64(9), np.int64(0))",17,"Vector(-0.875, 0.484)","Vector(-0.581, -3.281)",direct,,f41fe635-fee6-4ffc-a641-e5cd4ea0d3fe,5.711,"Vector(0.000, 1.000)",-62.38015286660538,"Vector(9.581, 3.281)",3.332448258638084,5.705,80.129,5.715,0.002
692,"[np.float64(77.76789474082327), np.float64(77.7647856382918)]","[np.float64(5.716), np.float64(5.7170000000000005)]","[UUID('eccb2155-be08-462e-8c96-dfe8a96b2434'), UUID('eccb2155-be08-462e-8c96-dfe8a96b2434')]","(np.float64(8.6701), np.float64(0.0))",17,"Vector(-0.875, 0.484)","Vector(-0.908, -3.283)",echo,wall_obstacle_61,eccb2155-be08-462e-8c96-dfe8a96b2434,5.711,"Vector(1.000, 0.000)",-67.80487758131079,"Vector(9.578, 3.283)",3.4061562811033785,5.705961807580175,77.766,5.716,0.002
693,"[np.float64(66.51353811984475), np.float64(66.51011067452072)]","[np.float64(5.716), np.float64(5.7170000000000005)]","[UUID('e71965a5-a3a2-421d-94e9-e9a907a2b7a4'), UUID('e71965a5-a3a2-421d-94e9-e9a907a2b7a4')]","(np.float64(9.1799), np.float64(0.0))",17,"Vector(-0.875, 0.484)","Vector(-0.398, -3.283)",echo,wall_obstacle_62,e71965a5-a3a2-421d-94e9-e9a907a2b7a4,5.711,"Vector(-1.000, 0.000)",-59.260143113603775,"Vector(9.578, 3.283)",3.3069731210428666,5.705524489795918,66.512,5.716,0.002
694,"[np.float64(70.30226053212147), np.float64(70.30654936884434)]","[np.float64(5.7170000000000005), np.float64(5.718)]","[UUID('8e09cf09-80e7-4001-8ac1-a87e4faee8ac'), UUID('8e09cf09-80e7-4001-8ac1-a87e4faee8ac')]","(np.int64(0), np.int64(3))",2,"Vector(-0.875, 0.484)","Vector(-9.575, -0.284)",direct,,8e09cf09-80e7-4001-8ac1-a87e4faee8ac,5.711,"Vector(1.000, 0.000)",-140.64440210261122,"Vector(9.575, 3.284)",9.579621676084082,5.689,70.304,5.717,0.002
695,"[np.float64(63.157436234107706), np.float64(63.15654350796276)]","[np.float64(5.7170000000000005), np.float64(5.718)]","[UUID('3f49d57b-b26d-4869-b9e1-cfc1580ab6d1'), UUID('3f49d57b-b26d-4869-b9e1-cfc1580ab6d1')]","(np.float64(9.99995), np.float64(4.07991))",0,"Vector(-0.875, 0.484)","Vector(0.425, 0.796)",echo,wall_obstacle_20,3f49d57b-b26d-4869-b9e1-cfc1580ab6d1,5.711,"Vector(-0.450, -0.893)",99.5673534232223,"Vector(9.575, 3.284)",0.9017353237508221,5.7136305165785,63.157,5.717,0.002
696,[np.float64(66.26799503337385)],[np.float64(5.718)],[UUID('c4370ff4-e9ba-4a27-8bdc-291b47c668f4')],"(np.float64(0.0), np.float64(3.0599))",2,"Vector(-0.875, 0.484)","Vector(-9.575, -0.224)",echo,wall_obstacle_5,c4370ff4-e9ba-4a27-8bdc-291b47c668f4,5.711,"Vector(0.000, -1.000)",-141.00256832469645,"Vector(9.575, 3.284)",9.578030692209126,5.689174635568513,66.268,5.718,0.001
697,"[np.float64(68.54359330296707), np.float64(68.54194978428725)]","[np.float64(5.718), np.float64(5.719)]","[UUID('6bec7a69-fb18-4152-aef0-42a2fb6b6201'), UUID('6bec7a69-fb18-4152-aef0-42a2fb6b6201')]","(np.float64(8.1601), np.float64(0.0))",17,"Vector(-0.875, 0.484)","Vector(-1.413, -3.286)",echo,wall_obstacle_60,6bec7a69-fb18-4152-aef0-42a2fb6b6201,5.711,"Vector(1.000, 0.000)",-75.6097525339555,"Vector(9.573, 3.286)",3.576625448841408,5.7074486880466475,68.543,5.718,0.002
698,"[np.float64(83.25110669547948), np.float64(83.25060051501022)]","[np.float64(5.718), np.float64(5.719)]","[UUID('4c5edbb5-4a7c-44e9-8a85-475ef2d5a2c5'), UUID('4c5edbb5-4a7c-44e9-8a85-475ef2d5a2c5')]","(np.int64(10), np.int64(4))",21,"Vector(-0.875, 0.484)","Vector(0.427, 0.714)",direct,,4c5edbb5-4a7c-44e9-8a85-475ef2d5a2c5,5.711,"Vector(-1.000, 0.000)",96.76622098789483,"Vector(9.573, 3.286)",0.8322130408134687,5.715,83.251,5.718,0.002
699,"[np.float64(86.46435125245976), np.float64(86.46286089834138)]","[np.float64(5.718), np.float64(5.719)]","[UUID('1312d50d-b3d2-4161-babd-0c3456c42017'), UUID('1312d50d-b3d2-4161-babd-0c3456c42017')]","(np.float64(10.0), np.float64(4.0799))",21,"Vector(-0.875, 0.484)","Vector(0.427, 0.794)",echo,wall_obstacle_20,1312d50d-b3d2-4161-babd-0c3456c42017,5.711,"Vector(0.000, -1.000)",99.37344058365949,"Vector(9.573, 3.286)",0.9017142115437685,5.715232944606414,86.464,5.718,0.002
700,"[np.float64(82.53670658729634), np.float64(82.51381973630251)]","[np.float64(5.718), np.float64(5.719)]","[UUID('e64a9e8e-8830-45e2-aafc-3cbe6a589e55'), UUID('e64a9e8e-8830-45e2-aafc-3cbe6a589e55')]","(np.float64(10.0), np.float64(3.5701))",21,"Vector(-0.875, 0.484)","Vector(0.427, 0.284)",echo,wall_obstacle_19,e64a9e8e-8830-45e2-aafc-3cbe6a589e55,5.711,"Vector(0.000, 1.000)",71.29443098587672,"Vector(9.573, 3.286)",0.5131672157299216,5.716253352769679,82.525,5.718,0.002
701,"[np.float64(61.7598552640446), np.float64(61.763526848680165)]","[np.float64(5.719), np.float64(5.72)]","[UUID('461dda3d-4882-4e02-bf2c-693f58b4d639'), UUID('461dda3d-4882-4e02-bf2c-693f58b4d639')]","(np.int64(5), np.int64(10))",31,"Vector(-0.875, 0.484)","Vector(-4.570, 6.713)",direct,,461dda3d-4882-4e02-bf2c-693f58b4d639,5.711,"Vector(0.000, -1.000)",161.90222454894246,"Vector(9.570, 3.287)",8.120771125484328,5.695,61.762,5.719,0.002
702,"[np.float64(61.594086869517085), np.float64(61.59787267644068)]","[np.float64(5.719), np.float64(5.72)]","[UUID('31ebdb5c-3e0b-4dc4-84f8-0df2dd974105'), UUID('31ebdb5c-3e0b-4dc4-84f8-0df2dd974105')]","(np.int64(10), np.int64(9))",26,"Vector(-0.875, 0.484)","Vector(0.430, 5.713)",direct,,31ebdb5c-3e0b-4dc4-84f8-0df2dd974105,5.711,"Vector(-1.000, 0.000)",123.35136100836684,"Vector(9.570, 3.287)",5.728879792114685,5.702,61.596,5.719,0.002
703,[np.float64(61.43942187704164)],[np.float64(5.719)],[UUID('47333434-05a1-4903-812c-efa49d5473ce')],"(np.float64(9.99997), np.float64(3.5699))",17,"Vector(-0.875, 0.484)","Vector(0.427, 0.284)",echo,wall_obstacle_19,47333434-05a1-4903-812c-efa49d5473ce,5.711,"Vector(-0.270, -0.963)",71.27769137121791,"Vector(9.573, 3.286)",0.5130314672610249,5.715808475540555,61.439,5.719,0.001
704,"[np.float64(63.13709825456902), np.float64(63.13668658919297)]","[np.float64(5.721), np.float64(5.722)]","[UUID('b290b12a-f741-40eb-92af-e58222c59f25'), UUID('b290b12a-f741-40eb-92af-e58222c59f25')]","(np.float64(7.6501), np.float64(0.0))",17,"Vector(-0.875, 0.484)","Vector(-1.915, -3.290)",echo,wall_obstacle_59,b290b12a-f741-40eb-92af-e58222c59f25,5.711,"Vector(1.000, 0.000)",-82.5435889511234,"Vector(9.565, 3.290)",3.806783560605987,5.70893556851312,63.137,5.721,0.002
705,"[np.float64(64.59401010997394), np.float64(64.5961222393223)]","[np.float64(5.721), np.float64(5.722)]","[UUID('d2bb0be8-4d16-4147-b251-ac823ed0f28a'), UUID('d2bb0be8-4d16-4147-b251-ac823ed0f28a')]","(np.float64(10.0), np.float64(4.5899))",21,"Vector(-0.875, 0.484)","Vector(0.435, 1.300)",echo,wall_obstacle_21,d2bb0be8-4d16-4147-b251-ac823ed0f28a,5.711,"Vector(0.000, -1.000)",109.14515674155575,"Vector(9.565, 3.290)",1.370630324814098,5.716719825072886,64.595,5.721,0.002
706,"[np.float64(64.77402978195992), np.float64(64.77596917048572)]","[np.float64(5.722), np.float64(5.723)]","[UUID('f0174780-2bb4-446f-875f-6f792922bf19'), UUID('f0174780-2bb4-446f-875f-6f792922bf19')]","(np.int64(9), np.int64(10))",35,"Vector(-0.875, 0.484)","Vector(-0.562, 6.708)",direct,,f0174780-2bb4-446f-875f-6f792922bf19,5.711,"Vector(0.000, -1.000)",132.44546777192218,"Vector(9.562, 3.292)",6.731900718734643,5.702,64.775,5.722,0.002
707,[np.float64(64.89167185513303)],[np.float64(5.8180000000000005)],[UUID('032ae134-1fcf-49d8-a4df-bf914f694c36')],"(np.int64(9), np.int64(10))",35,"Vector(-0.973, 0.230)","Vector(-0.297, 6.607)",direct,,032ae134-1fcf-49d8-a4df-bf914f694c36,5.815,"Vector(0.000, -1.000)",130.2267587291734,"Vector(9.297, 3.393)",6.613813819189349,5.797,64.892,5.818,0.001
708,"[np.float64(61.8517406931492), np.float64(61.85306827739213)]","[np.float64(5.8180000000000005), np.float64(5.819)]","[UUID('e0239cb5-1ad3-4d97-b103-9867de2f95ff'), UUID('e0239cb5-1ad3-4d97-b103-9867de2f95ff')]","(np.int64(10), np.int64(9))",26,"Vector(-0.973, 0.230)","Vector(0.706, 5.606)",direct,,e0239cb5-1ad3-4d97-b103-9867de2f95ff,5.815,"Vector(-1.000, 0.000)",120.47626391894352,"Vector(9.294, 3.394)",5.650749591125058,5.801,61.852,5.818,0.002
709,"[np.float64(68.71725254044011), np.float64(68.72164473182245)]","[np.float64(5.8180000000000005), np.float64(5.819)]","[UUID('429c8587-d047-46d5-b0f4-5f25505c14ce'), UUID('429c8587-d047-46d5-b0f4-5f25505c14ce')]","(np.float64(4.5901), np.float64(0.0))",13,"Vector(-0.973, 0.230)","Vector(-4.704, -3.394)",echo,wall_obstacle_53,429c8587-d047-46d5-b0f4-5f25505c14ce,5.815,"Vector(1.000, 0.000)",-106.53703867826438,"Vector(9.294, 3.394)",5.800159322949672,5.800195043731779,68.719,5.818,0.002
710,[np.float64(63.38809206210791)],[np.float64(5.8180000000000005)],[UUID('6c5891e5-9c2a-4d7b-bd98-bcf650d5f7ee')],"(np.float64(10.0), np.float64(0.5101))",18,"Vector(-0.973, 0.230)","Vector(0.703, -2.883)",echo,wall_obstacle_13,6c5891e5-9c2a-4d7b-bd98-bcf650d5f7ee,5.815,"Vector(0.000, 1.000)",-38.63719207996414,"Vector(9.297, 3.393)",2.9672731041985334,5.807428279883382,63.388,5.818,0.001
711,"[np.float64(63.170232501253224), np.float64(63.17300052577935)]","[np.float64(5.82), np.float64(5.821)]","[UUID('0bae99c3-8b56-46d6-81fb-53bd7beb28c2'), UUID('0bae99c3-8b56-46d6-81fb-53bd7beb28c2')]","(np.int64(6), np.int64(10))",32,"Vector(-0.973, 0.230)","Vector(-3.288, 6.605)",direct,,0bae99c3-8b56-46d6-81fb-53bd7beb28c2,5.815,"Vector(0.000, -1.000)",154.11900684475165,"Vector(9.288, 3.395)",7.37823965251875,5.798,63.172,5.82,0.002
712,"[np.float64(60.16578727154777), np.float64(60.17023287511745)]","[np.float64(5.82), np.float64(5.821)]","[UUID('13ed4f52-9009-4a40-ad01-0ad215cfa4a0'), UUID('13ed4f52-9009-4a40-ad01-0ad215cfa4a0')]","(np.float64(4.0801), np.float64(0.0))",13,"Vector(-0.973, 0.230)","Vector(-5.208, -3.395)",echo,wall_obstacle_52,13ed4f52-9009-4a40-ad01-0ad215cfa4a0,5.815,"Vector(1.000, 0.000)",-109.24629238573122,"Vector(9.288, 3.395)",6.216778037536807,5.801681924198251,60.168,5.82,0.002
713,"[np.float64(62.12301985805494), np.float64(62.12616479165794)]","[np.float64(5.825), np.float64(5.8260000000000005)]","[UUID('982d3830-abe6-48b9-b580-e7131d7d4c9c'), UUID('982d3830-abe6-48b9-b580-e7131d7d4c9c')]","(np.int64(5), np.int64(10))",31,"Vector(-0.973, 0.230)","Vector(-4.273, 6.602)",direct,,982d3830-abe6-48b9-b580-e7131d7d4c9c,5.815,"Vector(0.000, -1.000)",160.5708868665772,"Vector(9.273, 3.398)",7.864094291684199,5.8020000000000005,62.125,5.825,0.002
714,"[np.float64(64.25344255674058), np.float64(64.24532221805356)]","[np.float64(5.825), np.float64(5.8260000000000005)]","[UUID('bb12bafa-7457-4e3d-847e-6dd7210efd37'), UUID('bb12bafa-7457-4e3d-847e-6dd7210efd37')]","(np.float64(10.0), np.float64(4.5899))",21,"Vector(-0.973, 0.230)","Vector(0.727, 1.192)",echo,wall_obstacle_21,bb12bafa-7457-4e3d-847e-6dd7210efd37,5.815,"Vector(0.000, -1.000)",96.2816180931701,"Vector(9.273, 3.398)",1.395565875370991,5.820719825072886,64.249,5.825,0.002
715,[np.float64(77.53906183448643)],[np.float64(5.9190000000000005)],[UUID('c34799e0-a86b-4f68-b377-5f26ce4d50c3')],"(np.float64(8.6701), np.float64(0.0))",17,"Vector(-0.999, -0.032)","Vector(-0.327, -3.425)",echo,wall_obstacle_61,c34799e0-a86b-4f68-b377-5f26ce4d50c3,5.916,"Vector(1.000, 0.000)",-57.79116252513012,"Vector(8.997, 3.425)",3.440910206166386,5.9079618075801745,77.539,5.919,0.001
716,[np.float64(66.17162643503053)],[np.float64(5.9190000000000005)],[UUID('f1b153f3-a75e-4978-827c-28458c080b06')],"(np.float64(9.1799), np.float64(0.0))",17,"Vector(-0.999, -0.032)","Vector(0.183, -3.425)",echo,wall_obstacle_62,f1b153f3-a75e-4978-827c-28458c080b06,5.916,"Vector(-1.000, 0.000)",-49.28319676751178,"Vector(8.997, 3.425)",3.4302782258732307,5.907524489795918,66.172,5.919,0.001
717,"[np.float64(68.61718004151197), np.float64(68.61964544331482)]","[np.float64(5.92), np.float64(5.921)]","[UUID('aef68cb6-f5cb-4391-940a-0e76bf0a571f'), UUID('aef68cb6-f5cb-4391-940a-0e76bf0a571f')]","(np.float64(8.1601), np.float64(0.0))",17,"Vector(-0.999, -0.032)","Vector(-0.831, -3.425)",echo,wall_obstacle_60,aef68cb6-f5cb-4391-940a-0e76bf0a571f,5.916,"Vector(1.000, 0.000)",-65.97567815189609,"Vector(8.991, 3.425)",3.5244391518225986,5.9094486880466475,68.618,5.92,0.002
718,"[np.float64(61.859506941187114), np.float64(61.858226619294335)]","[np.float64(5.921), np.float64(5.922)]","[UUID('412c0494-1759-4392-aacb-237d0e91c0d2'), UUID('412c0494-1759-4392-aacb-237d0e91c0d2')]","(np.int64(10), np.int64(9))",26,"Vector(-0.999, -0.032)","Vector(1.012, 5.575)",direct,,412c0494-1759-4392-aacb-237d0e91c0d2,5.916,"Vector(-1.000, 0.000)",117.36233596147748,"Vector(8.988, 3.425)",5.666090850745335,5.904,61.859,5.921,0.002
719,"[np.float64(63.46726034129766), np.float64(63.47091468126385)]","[np.float64(5.922), np.float64(5.923)]","[UUID('5fec19bd-f76c-4845-8a1e-48e13b062e25'), UUID('5fec19bd-f76c-4845-8a1e-48e13b062e25')]","(np.float64(7.6501), np.float64(0.0))",17,"Vector(-0.999, -0.032)","Vector(-1.335, -3.425)",echo,wall_obstacle_59,5fec19bd-f76c-4845-8a1e-48e13b062e25,5.916,"Vector(1.000, 0.000)",-73.63394133505467,"Vector(8.985, 3.425)",3.675800824704734,5.9109355685131195,63.469,5.922,0.002
720,[np.float64(62.40313936585986)],[np.float64(5.929)],[UUID('31de6e7e-f128-41af-b027-918dd16b11ea')],"(np.int64(5), np.int64(10))",31,"Vector(-0.999, -0.032)","Vector(-3.967, 6.576)",direct,,31de6e7e-f128-41af-b027-918dd16b11ea,5.916,"Vector(0.000, -1.000)",158.75441684968703,"Vector(8.967, 3.424)",7.679393895803236,5.906,62.403,5.929,0.001
721,"[np.float64(60.24045639370695), np.float64(60.2462393764609)]","[np.float64(6.011), np.float64(6.0120000000000005)]","[UUID('425dc8c7-34e6-4d7c-b9fd-31074e79808a'), UUID('425dc8c7-34e6-4d7c-b9fd-31074e79808a')]","(np.float64(0.5101), np.float64(0.0))",9,"Vector(-0.964, -0.266)","Vector(-8.211, -3.385)",echo,wall_obstacle_45,425dc8c7-34e6-4d7c-b9fd-31074e79808a,6.008,"Vector(1.000, 0.000)",-119.93954923723085,"Vector(8.721, 3.385)",8.881774995601948,5.9844282798833826,60.243,6.011,0.002
722,[np.float64(71.25790694448939)],[np.float64(6.011)],[UUID('5b27ce55-78ed-4d9b-a0f3-358998ebb748')],"(np.int64(10), np.int64(1))",18,"Vector(-0.964, -0.266)","Vector(1.276, -2.386)",direct,,5b27ce55-78ed-4d9b-a0f3-358998ebb748,6.008,"Vector(-1.000, 0.000)",-24.215176744939953,"Vector(8.724, 3.386)",2.70585137718242,6.002,71.258,6.011,0.001
723,[np.float64(86.50467387337672)],[np.float64(6.011)],[UUID('19f44bc8-e3ac-462f-9699-6c6a51bac429')],"(np.float64(10.0), np.float64(1.0199))",18,"Vector(-0.964, -0.266)","Vector(1.276, -2.366)",echo,wall_obstacle_14,19f44bc8-e3ac-462f-9699-6c6a51bac429,6.008,"Vector(0.000, -1.000)",-24.015210115240848,"Vector(8.724, 3.386)",2.688318383562483,6.002058017492711,86.505,6.011,0.001
724,"[np.float64(75.19309355736256), np.float64(75.2006598522654)]","[np.float64(6.0120000000000005), np.float64(6.013)]","[UUID('51c9ddf1-2754-4520-9cbe-8c724e636415'), UUID('51c9ddf1-2754-4520-9cbe-8c724e636415')]","(np.int64(5), np.int64(0))",13,"Vector(-0.964, -0.266)","Vector(-3.718, -3.385)",direct,,51c9ddf1-2754-4520-9cbe-8c724e636415,6.008,"Vector(0.000, 1.000)",-100.03634632286887,"Vector(8.718, 3.385)",5.0281944451065135,5.997,75.197,6.012,0.002
725,"[np.float64(66.65617086551575), np.float64(66.66358974964679)]","[np.float64(6.0120000000000005), np.float64(6.013)]","[UUID('95c0572a-2a8f-42e9-840a-e48aaee09596'), UUID('95c0572a-2a8f-42e9-840a-e48aaee09596')]","(np.float64(5.0999), np.float64(0.0))",13,"Vector(-0.964, -0.266)","Vector(-3.619, -3.385)",echo,wall_obstacle_54,95c0572a-2a8f-42e9-840a-e48aaee09596,6.008,"Vector(-1.000, 0.000)",-99.25870938040374,"Vector(8.718, 3.385)",4.954772354185407,5.997291253644315,66.66,6.012,0.002
726,"[np.float64(62.868225857986914), np.float64(62.86681274482645)]","[np.float64(6.013), np.float64(6.014)]","[UUID('d89a0fae-fee7-4456-92f1-50bea9083fb0'), UUID('d89a0fae-fee7-4456-92f1-50bea9083fb0')]","(np.float64(10.0), np.float64(0.5101))",18,"Vector(-0.964, -0.266)","Vector(1.284, -2.874)",echo,wall_obstacle_13,d89a0fae-fee7-4456-92f1-50bea9083fb0,6.008,"Vector(0.000, 1.000)",-28.26310928878968,"Vector(8.716, 3.384)",3.1477069192191323,6.003428279883382,62.868,6.013,0.002
727,"[np.float64(69.84681470925439), np.float64(69.85391608458359)]","[np.float64(6.014), np.float64(6.015000000000001)]","[UUID('b1608994-f700-4c48-8036-1b830588b944'), UUID('b1608994-f700-4c48-8036-1b830588b944')]","(np.float64(4.5901), np.float64(0.0))",13,"Vector(-0.964, -0.266)","Vector(-4.123, -3.383)",echo,wall_obstacle_53,b1608994-f700-4c48-8036-1b830588b944,6.008,"Vector(1.000, 0.000)",-102.97289732827555,"Vector(8.713, 3.383)",5.332976681835389,5.998195043731778,69.85,6.014,0.002
728,"[np.float64(61.62835113651413), np.float64(61.6248759209022)]","[np.float64(6.017), np.float64(6.018)]","[UUID('5536233f-e2fd-40e2-ae54-82d79824dd03'), UUID('5536233f-e2fd-40e2-ae54-82d79824dd03')]","(np.int64(10), np.int64(9))",26,"Vector(-0.964, -0.266)","Vector(1.296, 5.619)",direct,,5536233f-e2fd-40e2-ae54-82d79824dd03,6.008,"Vector(-1.000, 0.000)",114.66763476661129,"Vector(8.704, 3.381)",5.766878129222084,6.0,61.627,6.017,0.002
729,"[np.float64(61.29985597652169), np.float64(61.30680917966889)]","[np.float64(6.017), np.float64(6.018)]","[UUID('704a4552-5147-4a03-a87a-2f6a53913e41'), UUID('704a4552-5147-4a03-a87a-2f6a53913e41')]","(np.float64(4.0801), np.float64(0.0))",13,"Vector(-0.964, -0.266)","Vector(-4.624, -3.381)",echo,wall_obstacle_52,704a4552-5147-4a03-a87a-2f6a53913e41,6.008,"Vector(1.000, 0.000)",-106.17427023227184,"Vector(8.704, 3.381)",5.7279398882407975,5.99968192419825,61.303,6.017,0.002
730,"[np.float64(80.24955192738224), np.float64(80.25176591585567)]","[np.float64(6.017), np.float64(6.018)]","[UUID('c83abe8b-9029-45fb-b86c-a9972bc431d2'), UUID('c83abe8b-9029-45fb-b86c-a9972bc431d2')]","(np.int64(9), np.int64(0))",17,"Vector(-0.964, -0.266)","Vector(0.296, -3.381)",direct,,c83abe8b-9029-45fb-b86c-a9972bc431d2,6.008,"Vector(0.000, 1.000)",-47.341884920569356,"Vector(8.704, 3.381)",3.3935620455945696,6.007000000000001,80.251,6.017,0.002
731,"[np.float64(71.19684874428201), np.float64(71.20380477828745)]","[np.float64(6.018), np.float64(6.019)]","[UUID('70e555ec-62c6-4026-90d3-50414117ef8e'), UUID('70e555ec-62c6-4026-90d3-50414117ef8e')]","(np.int64(3), np.int64(0))",11,"Vector(-0.964, -0.266)","Vector(-5.701, -3.380)",direct,,70e555ec-62c6-4026-90d3-50414117ef8e,6.008,"Vector(0.000, 1.000)",-111.68452030013707,"Vector(8.701, 3.380)",6.627679390691737,5.998,71.2,6.018,0.002
732,"[np.float64(67.05966929779237), np.float64(67.066481234642)]","[np.float64(6.018), np.float64(6.019)]","[UUID('6c2643ec-c7b1-4e12-bb2c-77e8755d90ea'), UUID('6c2643ec-c7b1-4e12-bb2c-77e8755d90ea')]","(np.float64(3.0599), np.float64(0.0))",11,"Vector(-0.964, -0.266)","Vector(-5.641, -3.380)",echo,wall_obstacle_50,6c2643ec-c7b1-4e12-bb2c-77e8755d90ea,6.008,"Vector(-1.000, 0.000)",-111.41838176607122,"Vector(8.701, 3.380)",6.576224353061566,5.998174635568513,67.063,6.018,0.002
733,"[np.float64(77.73069397961618), np.float64(77.7335436129318)]","[np.float64(6.018), np.float64(6.019)]","[UUID('caa1b61e-c20d-48a3-879b-64439fc3b490'), UUID('caa1b61e-c20d-48a3-879b-64439fc3b490')]","(np.float64(8.6701), np.float64(0.0))",17,"Vector(-0.964, -0.266)","Vector(-0.031, -3.380)",echo,wall_obstacle_61,caa1b61e-c20d-48a3-879b-64439fc3b490,6.008,"Vector(1.000, 0.000)",-52.871484868067995,"Vector(8.701, 3.380)",3.3799724392071604,6.007961807580175,77.732,6.018,0.002
734,"[np.float64(66.25091867996589), np.float64(66.2523990113521)]","[np.float64(6.018), np.float64(6.019)]","[UUID('d80d8def-ba1d-43b6-9a75-29499e613b11'), UUID('d80d8def-ba1d-43b6-9a75-29499e613b11')]","(np.float64(9.1799), np.float64(0.0))",17,"Vector(-0.964, -0.266)","Vector(0.479, -3.380)",echo,wall_obstacle_62,d80d8def-ba1d-43b6-9a75-29499e613b11,6.008,"Vector(-1.000, 0.000)",-44.28287693245318,"Vector(8.701, 3.380)",3.413571669351619,6.007524489795919,66.252,6.018,0.002
735,"[np.float64(64.68814793242093), np.float64(64.68572842288603)]","[np.float64(6.019), np.float64(6.0200000000000005)]","[UUID('203f7739-bb1b-45de-a755-4603f5ba3612'), UUID('203f7739-bb1b-45de-a755-4603f5ba3612')]","(np.int64(9), np.int64(10))",35,"Vector(-0.964, -0.266)","Vector(0.302, 6.621)",direct,,203f7739-bb1b-45de-a755-4603f5ba3612,6.008,"Vector(0.000, -1.000)",125.04499947091273,"Vector(8.698, 3.379)",6.627843000441396,5.9990000000000006,64.687,6.019,0.002
736,"[np.float64(64.94029156961744), np.float64(64.94671794849708)]","[np.float64(6.0200000000000005), np.float64(6.021)]","[UUID('1197bc33-8d40-4d02-b3cc-0f4a4f0e0254'), UUID('1197bc33-8d40-4d02-b3cc-0f4a4f0e0254')]","(np.float64(2.5501), np.float64(0.0))",11,"Vector(-0.964, -0.266)","Vector(-6.145, -3.378)",echo,wall_obstacle_49,1197bc33-8d40-4d02-b3cc-0f4a4f0e0254,6.008,"Vector(1.000, 0.000)",-113.54654317789958,"Vector(8.695, 3.378)",7.012598341228449,5.999311661807581,64.944,6.02,0.002
737,"[np.float64(68.95853667251988), np.float64(68.96283227724604)]","[np.float64(6.0200000000000005), np.float64(6.021)]","[UUID('0bf57095-f1dd-4ad6-8834-4aef1710a580'), UUID('0bf57095-f1dd-4ad6-8834-4aef1710a580')]","(np.float64(8.1601), np.float64(0.0))",17,"Vector(-0.964, -0.266)","Vector(-0.535, -3.378)",echo,wall_obstacle_60,0bf57095-f1dd-4ad6-8834-4aef1710a580,6.008,"Vector(1.000, 0.000)",-61.34862980396153,"Vector(8.695, 3.378)",3.420369935460198,6.009448688046648,68.961,6.02,0.002
738,[np.float64(72.35365298949839)],[np.float64(6.1080000000000005)],[UUID('d8c1ed19-7b6c-4bee-b429-e972a1ec37a4')],"(np.int64(0), np.int64(4))",3,"Vector(-1.000, -0.014)","Vector(-8.438, 0.657)",direct,,d8c1ed19-7b6c-4bee-b429-e972a1ec37a4,6.106,"Vector(1.000, 0.000)",-146.7998701068256,"Vector(8.438, 3.343)",8.463073031954764,6.082,72.354,6.108,0.001
739,"[np.float64(72.39137566889107), np.float64(72.39707007407287)]","[np.float64(6.1080000000000005), np.float64(6.109)]","[UUID('6ce09604-585b-4e1c-bfcb-2db4c7306058'), UUID('6ce09604-585b-4e1c-bfcb-2db4c7306058')]","(np.int64(0), np.int64(3))",2,"Vector(-1.000, -0.014)","Vector(-8.435, -0.343)",direct,,6ce09604-585b-4e1c-bfcb-2db4c7306058,6.106,"Vector(1.000, 0.000)",-140.01898672328255,"Vector(8.435, 3.343)",8.44146798068914,6.083,72.394,6.108,0.002
740,[np.float64(65.52730891284506)],[np.float64(6.1080000000000005)],[UUID('7034cc21-fd00-4986-982b-7fbc5b9ed13b')],"(np.float64(0.0), np.float64(4.0799))",3,"Vector(-1.000, -0.014)","Vector(-8.438, 0.737)",echo,wall_obstacle_7,7034cc21-fd00-4986-982b-7fbc5b9ed13b,6.106,"Vector(0.000, -1.000)",-147.33875548813091,"Vector(8.438, 3.343)",8.469653127265602,6.082232944606414,65.527,6.108,0.001
741,"[np.float64(68.10526292134145), np.float64(68.11036462246614)]","[np.float64(6.1080000000000005), np.float64(6.109)]","[UUID('ce6127b3-466d-43f2-8c97-6c666831f253'), UUID('ce6127b3-466d-43f2-8c97-6c666831f253')]","(np.float64(0.0), np.float64(3.0599))",2,"Vector(-1.000, -0.014)","Vector(-8.435, -0.283)",echo,wall_obstacle_5,ce6127b3-466d-43f2-8c97-6c666831f253,6.106,"Vector(0.000, -1.000)",-140.42532823533114,"Vector(8.435, 3.343)",8.439248652160925,6.083174635568513,68.108,6.108,0.002
742,[np.float64(64.17455506065104)],[np.float64(6.1080000000000005)],[UUID('2725c18d-8152-42c2-bab7-7191d19b68f8')],"(np.float64(5.1001), np.float64(0.0))",14,"Vector(-1.000, -0.014)","Vector(-3.337, -3.343)",echo,wall_obstacle_54,2725c18d-8152-42c2-bab7-7191d19b68f8,6.106,"Vector(1.000, 0.000)",-97.30001241153401,"Vector(8.438, 3.343)",4.723559637836702,6.09262361516035,64.175,6.108,0.001
743,"[np.float64(67.95984016904397), np.float64(67.96651496212296)]","[np.float64(6.112), np.float64(6.113)]","[UUID('0d66807e-c576-438b-bb28-1e5a775661bc'), UUID('0d66807e-c576-438b-bb28-1e5a775661bc')]","(np.int64(1), np.int64(0))",9,"Vector(-1.000, -0.014)","Vector(-7.423, -3.343)",direct,,0d66807e-c576-438b-bb28-1e5a775661bc,6.106,"Vector(0.000, 1.000)",-118.10244621642624,"Vector(8.423, 3.343)",8.140394818447076,6.088,67.963,6.112,0.002
744,"[np.float64(73.31583664172402), np.float64(73.3219201395762)]","[np.float64(6.112), np.float64(6.113)]","[UUID('b5c73dc8-d9e2-48a2-a9c1-751cde6e475f'), UUID('b5c73dc8-d9e2-48a2-a9c1-751cde6e475f')]","(np.float64(1.0199), np.float64(0.0))",9,"Vector(-1.000, -0.014)","Vector(-7.403, -3.343)",echo,wall_obstacle_46,b5c73dc8-d9e2-48a2-a9c1-751cde6e475f,6.106,"Vector(-1.000, 0.000)",-118.04480588510962,"Vector(8.423, 3.343)",8.122253868982428,6.0880580174927115,73.319,6.112,0.002
745,"[np.float64(71.86719975289942), np.float64(71.87427328551861)]","[np.float64(6.113), np.float64(6.114)]","[UUID('4492556d-5f99-4182-91f2-fe2da8ff4c4c'), UUID('4492556d-5f99-4182-91f2-fe2da8ff4c4c')]","(np.int64(3), np.int64(0))",11,"Vector(-1.000, -0.014)","Vector(-5.420, -3.342)",direct,,4492556d-5f99-4182-91f2-fe2da8ff4c4c,6.106,"Vector(0.000, 1.000)",-110.68135862600676,"Vector(8.420, 3.342)",6.367353794238231,6.094,71.871,6.113,0.002
746,"[np.float64(67.69422595154236), np.float64(67.70071393193518)]","[np.float64(6.113), np.float64(6.114)]","[UUID('75f2bf75-2a08-40fe-8093-09b5d079e7a9'), UUID('75f2bf75-2a08-40fe-8093-09b5d079e7a9')]","(np.float64(3.0599), np.float64(0.0))",11,"Vector(-1.000, -0.014)","Vector(-5.360, -3.342)",echo,wall_obstacle_50,75f2bf75-2a08-40fe-8093-09b5d079e7a9,6.106,"Vector(-1.000, 0.000)",-110.39613413952364,"Vector(8.420, 3.342)",6.316448769126525,6.094174635568513,67.697,6.113,0.002
747,"[np.float64(80.31859532523464), np.float64(80.31790009169892)]","[np.float64(6.113), np.float64(6.114)]","[UUID('b9f6c6e1-3855-4490-ba8b-3a05bac87765'), UUID('b9f6c6e1-3855-4490-ba8b-3a05bac87765')]","(np.int64(9), np.int64(0))",17,"Vector(-1.000, -0.014)","Vector(0.580, -3.342)",direct,,b9f6c6e1-3855-4490-ba8b-3a05bac87765,6.106,"Vector(0.000, 1.000)",-42.4931271387168,"Vector(8.420, 3.342)",3.392502666321723,6.103,80.318,6.113,0.002
748,"[np.float64(62.7117240698777), np.float64(62.713619544064166)]","[np.float64(6.114), np.float64(6.115)]","[UUID('11641599-8e81-4a3d-a06e-796f8d087af4'), UUID('11641599-8e81-4a3d-a06e-796f8d087af4')]","(np.int64(5), np.int64(10))",31,"Vector(-1.000, -0.014)","Vector(-3.417, 6.658)",direct,,11641599-8e81-4a3d-a06e-796f8d087af4,6.106,"Vector(0.000, -1.000)",154.82036845778623,"Vector(8.417, 3.342)",7.4830327331236495,6.0920000000000005,62.713,6.114,0.002
749,"[np.float64(64.49724835686749), np.float64(64.49556778840524)]","[np.float64(6.114), np.float64(6.115)]","[UUID('d4d69cb6-5a9b-4d52-8379-565ddb35cfef'), UUID('d4d69cb6-5a9b-4d52-8379-565ddb35cfef')]","(np.int64(9), np.int64(10))",35,"Vector(-1.000, -0.014)","Vector(0.583, 6.658)",direct,,d4d69cb6-5a9b-4d52-8379-565ddb35cfef,6.106,"Vector(0.000, -1.000)",122.64574858848721,"Vector(8.417, 3.342)",6.6830905189889505,6.094,64.496,6.114,0.002
750,"[np.float64(77.80985206997467), np.float64(77.80879270194662)]","[np.float64(6.114), np.float64(6.115)]","[UUID('aacd97ae-d01d-4c66-ab65-8628160ba665'), UUID('aacd97ae-d01d-4c66-ab65-8628160ba665')]","(np.float64(8.6701), np.float64(0.0))",17,"Vector(-1.000, -0.014)","Vector(0.254, -3.342)",echo,wall_obstacle_61,aacd97ae-d01d-4c66-ab65-8628160ba665,6.106,"Vector(1.000, 0.000)",-48.00675500278897,"Vector(8.417, 3.342)",3.352036126446133,6.103961807580174,77.809,6.114,0.002
751,"[np.float64(66.22617552957888), np.float64(66.22434968046403)]","[np.float64(6.114), np.float64(6.115)]","[UUID('3db27bdd-8e13-451f-b6b7-cd5efa17e1b3'), UUID('3db27bdd-8e13-451f-b6b7-cd5efa17e1b3')]","(np.float64(9.1799), np.float64(0.0))",17,"Vector(-1.000, -0.014)","Vector(0.763, -3.342)",echo,wall_obstacle_62,3db27bdd-8e13-451f-b6b7-cd5efa17e1b3,6.106,"Vector(-1.000, 0.000)",-39.480146384573686,"Vector(8.417, 3.342)",3.428498592241216,6.103524489795918,66.225,6.114,0.002
752,"[np.float64(60.814928477118094), np.float64(60.8201267066473)]","[np.float64(6.115), np.float64(6.1160000000000005)]","[UUID('4dc690a6-a127-4a30-aec6-3210e356bd8b'), UUID('4dc690a6-a127-4a30-aec6-3210e356bd8b')]","(np.float64(0.5101), np.float64(0.0))",9,"Vector(-1.000, -0.014)","Vector(-7.903, -3.342)",echo,wall_obstacle_45,4dc690a6-a127-4a30-aec6-3210e356bd8b,6.106,"Vector(1.000, 0.000)",-119.42173574163695,"Vector(8.414, 3.342)",8.581110682201926,6.089428279883382,60.818,6.115,0.002
753,"[np.float64(65.51217133778093), np.float64(65.51778410652005)]","[np.float64(6.115), np.float64(6.1160000000000005)]","[UUID('4b8fcd80-ea74-441b-9118-efa9719617c0'), UUID('4b8fcd80-ea74-441b-9118-efa9719617c0')]","(np.float64(2.5501), np.float64(0.0))",11,"Vector(-1.000, -0.014)","Vector(-5.863, -3.342)",echo,wall_obstacle_49,4b8fcd80-ea74-441b-9118-efa9719617c0,6.106,"Vector(1.000, 0.000)",-112.66051408888926,"Vector(8.414, 3.342)",6.749159039480401,6.095311661807581,65.515,6.115,0.002
754,"[np.float64(75.95442191535331), np.float64(75.96153055250099)]","[np.float64(6.115), np.float64(6.1160000000000005)]","[UUID('51442708-bae4-44a0-ac94-3207f7fb5a92'), UUID('51442708-bae4-44a0-ac94-3207f7fb5a92')]","(np.int64(5), np.int64(0))",13,"Vector(-1.000, -0.014)","Vector(-3.414, -3.342)",direct,,51442708-bae4-44a0-ac94-3207f7fb5a92,6.106,"Vector(0.000, 1.000)",-97.94860663712927,"Vector(8.414, 3.342)",4.777407396507022,6.101,75.958,6.115,0.002
755,"[np.float64(67.38403974615684), np.float64(67.39052323853245)]","[np.float64(6.1160000000000005), np.float64(6.117)]","[UUID('95f46ec5-e34d-400c-b45b-c6df1c3a1997'), UUID('95f46ec5-e34d-400c-b45b-c6df1c3a1997')]","(np.float64(5.0999), np.float64(0.0))",13,"Vector(-1.000, -0.014)","Vector(-3.311, -3.342)",echo,wall_obstacle_54,95f46ec5-e34d-400c-b45b-c6df1c3a1997,6.106,"Vector(-1.000, 0.000)",-97.07212567733815,"Vector(8.411, 3.342)",4.704406667646835,6.101291253644315,67.387,6.116,0.002
756,"[np.float64(69.18168681389989), np.float64(69.18224673743774)]","[np.float64(6.1160000000000005), np.float64(6.117)]","[UUID('001aac1c-6c44-4b71-97db-b3f22b94507f'), UUID('001aac1c-6c44-4b71-97db-b3f22b94507f')]","(np.float64(8.1601), np.float64(0.0))",17,"Vector(-1.000, -0.014)","Vector(-0.250, -3.342)",echo,wall_obstacle_60,001aac1c-6c44-4b71-97db-b3f22b94507f,6.106,"Vector(1.000, 0.000)",-56.63008548891423,"Vector(8.411, 3.342)",3.3517172748607544,6.105448688046647,69.182,6.116,0.002
757,"[np.float64(63.59423144590877), np.float64(63.59543089048672)]","[np.float64(6.117), np.float64(6.118)]","[UUID('0e6ae5df-843d-4fed-8185-9e4315e5ba21'), UUID('0e6ae5df-843d-4fed-8185-9e4315e5ba21')]","(np.int64(6), np.int64(10))",32,"Vector(-1.000, -0.014)","Vector(-2.408, 6.658)",direct,,0e6ae5df-843d-4fed-8185-9e4315e5ba21,6.106,"Vector(0.000, -1.000)",147.5351992341598,"Vector(8.408, 3.342)",7.079614434148232,6.096,63.595,6.117,0.002
758,"[np.float64(70.51358945737017), np.float64(70.51938872198639)]","[np.float64(6.117), np.float64(6.118)]","[UUID('1d6365e4-3c54-4409-a7f5-d1336709ba97'), UUID('1d6365e4-3c54-4409-a7f5-d1336709ba97')]","(np.float64(4.5901), np.float64(0.0))",13,"Vector(-1.000, -0.014)","Vector(-3.817, -3.342)",echo,wall_obstacle_53,1d6365e4-3c54-4409-a7f5-d1336709ba97,6.106,"Vector(1.000, 0.000)",-101.1419007969907,"Vector(8.408, 3.342)",5.073820576666069,6.102195043731778,70.516,6.117,0.002
759,"[np.float64(64.27986916085845), np.float64(64.28196130169263)]","[np.float64(6.117), np.float64(6.118)]","[UUID('25f066d2-8bcf-4472-9aaa-307f38d3eb9d'), UUID('25f066d2-8bcf-4472-9aaa-307f38d3eb9d')]","(np.float64(7.6501), np.float64(0.0))",17,"Vector(-1.000, -0.014)","Vector(-0.757, -3.342)",echo,wall_obstacle_59,25f066d2-8bcf-4472-9aaa-307f38d3eb9d,6.106,"Vector(1.000, 0.000)",-65.11377411935486,"Vector(8.408, 3.342)",3.4270550103842803,6.106935568513119,64.281,6.117,0.002
760,[np.float64(61.3734601696745)],[np.float64(6.119)],[UUID('986c76bf-24b3-491b-9f82-8de0ddc55874')],"(np.int64(10), np.int64(9))",26,"Vector(-1.000, -0.014)","Vector(1.595, 5.658)",direct,,986c76bf-24b3-491b-9f82-8de0ddc55874,6.106,"Vector(-1.000, 0.000)",111.9059821622991,"Vector(8.405, 3.342)",5.878392390186283,6.101,61.373,6.119,0.001
761,[np.float64(60.47810078916333)],[np.float64(6.119)],[UUID('a12b1a9d-690f-4634-9a27-3dd537628f24')],"(np.float64(7.1401), np.float64(0.0))",17,"Vector(-1.000, -0.014)","Vector(-1.264, -3.342)",echo,wall_obstacle_58,a12b1a9d-690f-4634-9a27-3dd537628f24,6.106,"Vector(1.000, 0.000)",-73.06754002902836,"Vector(8.405, 3.342)",3.573443913229925,6.108422448979591,60.478,6.119,0.001
762,[np.float64(62.552711111719944)],[np.float64(6.119)],[UUID('1582e1d8-5ea8-4bf1-95cf-a182ec650a32')],"(np.float64(10.0), np.float64(0.5101))",18,"Vector(-1.000, -0.014)","Vector(1.595, -2.832)",echo,wall_obstacle_13,1582e1d8-5ea8-4bf1-95cf-a182ec650a32,6.106,"Vector(0.000, 1.000)",-22.950934143368386,"Vector(8.405, 3.342)",3.2506576640735334,6.1094282798833826,62.553,6.119,0.001
763,"[np.float64(62.9117168786056), np.float64(62.9141352923039)]","[np.float64(6.206), np.float64(6.207)]","[UUID('292420f2-4a4e-4097-9305-5c895152942c'), UUID('292420f2-4a4e-4097-9305-5c895152942c')]","(np.int64(5), np.int64(10))",31,"Vector(-0.975, 0.224)","Vector(-3.143, 6.627)",direct,,292420f2-4a4e-4097-9305-5c895152942c,6.199,"Vector(0.000, -1.000)",153.03014562759518,"Vector(8.143, 3.373)",7.334255433709681,6.184,62.913,6.206,0.002
764,"[np.float64(64.49945721024363), np.float64(64.49951055662217)]","[np.float64(6.207), np.float64(6.208)]","[UUID('6caae6ed-a227-48e2-9adb-4d0d7ef3617b'), UUID('6caae6ed-a227-48e2-9adb-4d0d7ef3617b')]","(np.int64(8), np.int64(10))",34,"Vector(-0.975, 0.224)","Vector(-0.140, 6.626)",direct,,6caae6ed-a227-48e2-9adb-4d0d7ef3617b,6.199,"Vector(0.000, -1.000)",128.86650819274337,"Vector(8.140, 3.374)",6.627442670744124,6.187,64.499,6.207,0.002
765,"[np.float64(78.4141975602858), np.float64(78.41900743628183)]","[np.float64(6.207), np.float64(6.208)]","[UUID('9e088a8d-e023-45ab-a4cc-86f31d0cd39f'), UUID('9e088a8d-e023-45ab-a4cc-86f31d0cd39f')]","(np.int64(6), np.int64(0))",14,"Vector(-0.975, 0.224)","Vector(-2.140, -3.374)",direct,,9e088a8d-e023-45ab-a4cc-86f31d0cd39f,6.199,"Vector(0.000, 1.000)",-84.73274706237207,"Vector(8.140, 3.374)",3.9955620823608786,6.195,78.417,6.207,0.002
766,"[np.float64(68.15963668908725), np.float64(68.16328749146308)]","[np.float64(6.207), np.float64(6.208)]","[UUID('4dc76b1a-aa1f-46d5-a4f6-94c70a00fa71'), UUID('4dc76b1a-aa1f-46d5-a4f6-94c70a00fa71')]","(np.float64(6.1199), np.float64(0.0))",14,"Vector(-0.975, 0.224)","Vector(-2.020, -3.374)",echo,wall_obstacle_56,4dc76b1a-aa1f-46d5-a4f6-94c70a00fa71,6.199,"Vector(-1.000, 0.000)",-83.25745611011615,"Vector(8.140, 3.374)",3.932642521257176,6.195349562682216,68.161,6.207,0.002
767,"[np.float64(63.73669865628124), np.float64(63.738505962323664)]","[np.float64(6.2090000000000005), np.float64(6.21)]","[UUID('293bdc31-1485-4ec8-aed3-0ef1dd2b69a9'), UUID('293bdc31-1485-4ec8-aed3-0ef1dd2b69a9')]","(np.int64(6), np.int64(10))",32,"Vector(-0.975, 0.224)","Vector(-2.134, 6.625)",direct,,293bdc31-1485-4ec8-aed3-0ef1dd2b69a9,6.199,"Vector(0.000, -1.000)",145.51258777569413,"Vector(8.134, 3.375)",6.959956708198694,6.188,63.738,6.209,0.002
768,"[np.float64(73.39024115947927), np.float64(73.39327345888857)]","[np.float64(6.2090000000000005), np.float64(6.21)]","[UUID('3c1762e7-433c-4bf1-afbd-c2b15820cf25'), UUID('3c1762e7-433c-4bf1-afbd-c2b15820cf25')]","(np.float64(5.6101), np.float64(0.0))",14,"Vector(-0.975, 0.224)","Vector(-2.524, -3.375)",echo,wall_obstacle_55,3c1762e7-433c-4bf1-afbd-c2b15820cf25,6.199,"Vector(1.000, 0.000)",-89.13603512077576,"Vector(8.134, 3.375)",4.214852040344951,6.196136734693878,73.392,6.209,0.002
769,"[np.float64(71.4194827606952), np.float64(71.42460962848794)]","[np.float64(6.211), np.float64(6.212)]","[UUID('7fc571ab-5aef-416a-aaba-234884c40b27'), UUID('7fc571ab-5aef-416a-aaba-234884c40b27')]","(np.int64(0), np.int64(7))",6,"Vector(-0.975, 0.224)","Vector(-8.129, 3.623)",direct,,7fc571ab-5aef-416a-aaba-234884c40b27,6.199,"Vector(1.000, 0.000)",-166.370400338639,"Vector(8.129, 3.377)",8.899475838969394,6.1850000000000005,71.422,6.211,0.002
770,"[np.float64(64.6551739751655), np.float64(64.65872299258032)]","[np.float64(6.211), np.float64(6.212)]","[UUID('46e337fc-1ab0-4217-b1d6-ee4615e98de9'), UUID('46e337fc-1ab0-4217-b1d6-ee4615e98de9')]","(np.float64(5.1001), np.float64(0.0))",14,"Vector(-0.975, 0.224)","Vector(-3.028, -3.377)",echo,wall_obstacle_54,46e337fc-1ab0-4217-b1d6-ee4615e98de9,6.199,"Vector(1.000, 0.000)",-94.23270676736288,"Vector(8.129, 3.377)",4.535795907930603,6.19762361516035,64.657,6.211,0.002
771,"[np.float64(73.08448206174423), np.float64(73.08952028796165)]","[np.float64(6.2940000000000005), np.float64(6.295)]","[UUID('9be8f8c7-0ab2-4e23-9ecf-0c1bb2442bcd'), UUID('9be8f8c7-0ab2-4e23-9ecf-0c1bb2442bcd')]","(np.int64(0), np.int64(5))",4,"Vector(-0.895, 0.447)","Vector(-7.895, 1.538)",direct,,9be8f8c7-0ab2-4e23-9ecf-0c1bb2442bcd,6.291,"Vector(1.000, 0.000)",-153.36631716515473,"Vector(7.895, 3.462)",8.043684074974601,6.2700000000000005,73.087,6.294,0.002
772,"[np.float64(64.09678513614175), np.float64(64.10059891397674)]","[np.float64(6.2940000000000005), np.float64(6.295)]","[UUID('d3b793e0-192f-4203-b698-d4b07ee62426'), UUID('d3b793e0-192f-4203-b698-d4b07ee62426')]","(np.float64(0.0), np.float64(5.0999))",4,"Vector(-0.895, 0.447)","Vector(-7.895, 1.638)",echo,wall_obstacle_9,d3b793e0-192f-4203-b698-d4b07ee62426,6.291,"Vector(0.000, -1.000)",-154.0631003277751,"Vector(7.895, 3.462)",8.063377826444697,6.270291253644316,64.099,6.294,0.002
773,"[np.float64(63.15204870161792), np.float64(63.15496217216515)]","[np.float64(6.296), np.float64(6.297)]","[UUID('fd9a0339-cfa4-4ec4-b295-ceb3c10d6652'), UUID('fd9a0339-cfa4-4ec4-b295-ceb3c10d6652')]","(np.int64(5), np.int64(10))",31,"Vector(-0.895, 0.447)","Vector(-2.890, 6.535)",direct,,fd9a0339-cfa4-4ec4-b295-ceb3c10d6652,6.291,"Vector(0.000, -1.000)",151.51103216580384,"Vector(7.890, 3.465)",7.145502739513855,6.275,63.154,6.296,0.002
774,"[np.float64(71.79980863706979), np.float64(71.79477039956775)]","[np.float64(6.301), np.float64(6.3020000000000005)]","[UUID('20ff4d50-21c3-456c-8a6a-471f51971ffc'), UUID('20ff4d50-21c3-456c-8a6a-471f51971ffc')]","(np.int64(10), np.int64(5))",22,"Vector(-0.895, 0.447)","Vector(2.123, 1.528)",direct,,20ff4d50-21c3-456c-8a6a-471f51971ffc,6.291,"Vector(-1.000, 0.000)",73.39842103798071,"Vector(7.877, 3.472)",2.6162212036446766,6.293,71.797,6.301,0.002
775,"[np.float64(72.81810353600801), np.float64(72.81032295769454)]","[np.float64(6.3020000000000005), np.float64(6.303)]","[UUID('61cac5fa-2750-4f60-8ee1-c7e51aae9550'), UUID('61cac5fa-2750-4f60-8ee1-c7e51aae9550')]","(np.float64(10.0), np.float64(5.0999))",22,"Vector(-0.895, 0.447)","Vector(2.126, 1.627)",echo,wall_obstacle_22,61cac5fa-2750-4f60-8ee1-c7e51aae9550,6.291,"Vector(0.000, -1.000)",75.07720669578418,"Vector(7.874, 3.473)",2.677120593025275,6.293291253644315,72.814,6.302,0.002
776,[np.float64(61.3114341410441)],[np.float64(6.393)],[UUID('e5ffd018-82b7-4aee-adfa-1972fd1b543b')],"(np.int64(3), np.int64(10))",29,"Vector(-0.751, 0.660)","Vector(-4.651, 6.376)",direct,,e5ffd018-82b7-4aee-adfa-1972fd1b543b,6.390000000000001,"Vector(0.000, -1.000)",163.76588477458398,"Vector(7.651, 3.624)",7.892031618411067,6.368,61.311,6.393,0.001
777,"[np.float64(63.46236057225905), np.float64(63.465795326298846)]","[np.float64(6.394), np.float64(6.3950000000000005)]","[UUID('d41daa07-26c7-479f-a4bf-28cbd3a200b6'), UUID('d41daa07-26c7-479f-a4bf-28cbd3a200b6')]","(np.int64(5), np.int64(10))",31,"Vector(-0.751, 0.660)","Vector(-2.647, 6.372)",direct,,d41daa07-26c7-479f-a4bf-28cbd3a200b6,6.390000000000001,"Vector(0.000, -1.000)",150.21156345411532,"Vector(7.647, 3.628)",6.899634917761954,6.373,63.464,6.394,0.002
778,"[np.float64(60.02562527550592), np.float64(60.028988860016625)]","[np.float64(6.3950000000000005), np.float64(6.396)]","[UUID('4d07a661-c747-4bca-a221-2df86451010c'), UUID('4d07a661-c747-4bca-a221-2df86451010c')]","(np.int64(2), np.int64(10))",28,"Vector(-0.751, 0.660)","Vector(-5.644, 6.370)",direct,,4d07a661-c747-4bca-a221-2df86451010c,6.390000000000001,"Vector(0.000, -1.000)",169.19955108649782,"Vector(7.644, 3.630)",8.51085474046526,6.37,60.027,6.395,0.002
779,"[np.float64(71.43831883464804), np.float64(71.43559321389264)]","[np.float64(6.396), np.float64(6.397)]","[UUID('5b49fb54-b5e1-42bc-ad50-fd87cc344b4f'), UUID('5b49fb54-b5e1-42bc-ad50-fd87cc344b4f')]","(np.int64(10), np.int64(5))",22,"Vector(-0.751, 0.660)","Vector(2.358, 1.368)",direct,,5b49fb54-b5e1-42bc-ad50-fd87cc344b4f,6.390000000000001,"Vector(-1.000, 0.000)",67.7742189688646,"Vector(7.642, 3.632)",2.7258233240619245,6.388,71.437,6.396,0.002
780,"[np.float64(73.5636261136527), np.float64(73.56779999371221)]","[np.float64(6.397), np.float64(6.398000000000001)]","[UUID('90268aa4-2b7f-4cbb-84f7-f9887687053a'), UUID('90268aa4-2b7f-4cbb-84f7-f9887687053a')]","(np.int64(0), np.int64(5))",4,"Vector(-0.751, 0.660)","Vector(-7.640, 1.366)",direct,,90268aa4-2b7f-4cbb-84f7-f9887687053a,6.390000000000001,"Vector(1.000, 0.000)",-152.48162246691402,"Vector(7.640, 3.634)",7.761102701324084,6.3740000000000006,73.566,6.397,0.002
781,"[np.float64(64.44186337409239), np.float64(64.44468376722718)]","[np.float64(6.397), np.float64(6.398000000000001)]","[UUID('0d3ee675-c10c-4533-8b04-c29e3bf55270'), UUID('0d3ee675-c10c-4533-8b04-c29e3bf55270')]","(np.float64(0.0), np.float64(5.0999))",4,"Vector(-0.751, 0.660)","Vector(-7.640, 1.466)",echo,wall_obstacle_9,0d3ee675-c10c-4533-8b04-c29e3bf55270,6.390000000000001,"Vector(0.000, -1.000)",-153.20593680853062,"Vector(7.640, 3.634)",7.779305494611971,6.374291253644316,64.443,6.397,0.002
782,"[np.float64(72.15982843069926), np.float64(72.15361168961545)]","[np.float64(6.397), np.float64(6.398000000000001)]","[UUID('e8bdfd25-337d-4326-96d0-cb3a194d0aae'), UUID('e8bdfd25-337d-4326-96d0-cb3a194d0aae')]","(np.float64(10.0), np.float64(5.0999))",22,"Vector(-0.751, 0.660)","Vector(2.360, 1.466)",echo,wall_obstacle_22,e8bdfd25-337d-4326-96d0-cb3a194d0aae,6.390000000000001,"Vector(0.000, -1.000)",69.49798784331637,"Vector(7.640, 3.634)",2.7781637781995503,6.388291253644315,72.157,6.397,0.002
783,"[np.float64(68.17951838476115), np.float64(68.1762493046231)]","[np.float64(6.397), np.float64(6.398000000000001)]","[UUID('9835a090-8f80-4f50-99c4-614300e771f7'), UUID('9835a090-8f80-4f50-99c4-614300e771f7')]","(np.float64(10.0), np.float64(4.5901))",22,"Vector(-0.751, 0.660)","Vector(2.360, 0.956)",echo,wall_obstacle_21,9835a090-8f80-4f50-99c4-614300e771f7,6.390000000000001,"Vector(0.000, 1.000)",59.70556022796762,"Vector(7.640, 3.634)",2.546291641289348,6.389195043731778,68.178,6.397,0.002
784,"[np.float64(74.05041023404881), np.float64(74.05340634638625)]","[np.float64(6.489), np.float64(6.49)]","[UUID('ede913ce-e119-49c2-80ca-7c5f82abc272'), UUID('ede913ce-e119-49c2-80ca-7c5f82abc272')]","(np.int64(0), np.int64(3))",2,"Vector(-0.751, 0.660)","Vector(-7.433, -0.816)",direct,,ede913ce-e119-49c2-80ca-7c5f82abc272,6.4830000000000005,"Vector(1.000, 0.000)",-136.07827689530572,"Vector(7.433, 3.816)",7.47765930695562,6.4670000000000005,74.052,6.489,0.002
785,"[np.float64(69.33977565099566), np.float64(69.34151084381152)]","[np.float64(6.489), np.float64(6.49)]","[UUID('e09af308-e88b-47a3-8e4c-778e8fcaa846'), UUID('e09af308-e88b-47a3-8e4c-778e8fcaa846')]","(np.float64(0.0), np.float64(3.0599))",2,"Vector(-0.751, 0.660)","Vector(-7.433, -0.756)",echo,wall_obstacle_5,e09af308-e88b-47a3-8e4c-778e8fcaa846,6.4830000000000005,"Vector(0.000, -1.000)",-136.53489301161187,"Vector(7.433, 3.816)",7.4713575728176735,6.467174635568513,69.341,6.489,0.002
786,"[np.float64(75.76982320165399), np.float64(75.7725815938432)]","[np.float64(6.49), np.float64(6.4910000000000005)]","[UUID('6d5df5e3-31ad-409a-a18a-e4ab80949114'), UUID('6d5df5e3-31ad-409a-a18a-e4ab80949114')]","(np.int64(4), np.int64(0))",12,"Vector(-0.751, 0.660)","Vector(-3.431, -3.818)",direct,,6d5df5e3-31ad-409a-a18a-e4ab80949114,6.4830000000000005,"Vector(0.000, 1.000)",-94.28512715964195,"Vector(7.431, 3.818)",5.133137624961949,6.4750000000000005,75.771,6.49,0.002
787,"[np.float64(68.66665530285543), np.float64(68.66801583655555)]","[np.float64(6.4910000000000005), np.float64(6.492)]","[UUID('4263b543-91a1-4e42-b3d4-567f7502fc25'), UUID('4263b543-91a1-4e42-b3d4-567f7502fc25')]","(np.float64(4.0799), np.float64(0.0))",12,"Vector(-0.751, 0.660)","Vector(-3.349, -3.820)",echo,wall_obstacle_52,4263b543-91a1-4e42-b3d4-567f7502fc25,6.4830000000000005,"Vector(-1.000, 0.000)",-93.58098674425176,"Vector(7.428, 3.820)",5.080089321311192,6.4752329446064145,68.667,6.491,0.002
788,"[np.float64(68.78038080425567), np.float64(68.77953276213736)]","[np.float64(6.493), np.float64(6.494)]","[UUID('9391a843-1425-4b50-8b2f-e72ec57c87cf'), UUID('9391a843-1425-4b50-8b2f-e72ec57c87cf')]","(np.float64(3.5701), np.float64(0.0))",12,"Vector(-0.751, 0.660)","Vector(-3.854, -3.824)",echo,wall_obstacle_51,9391a843-1425-4b50-8b2f-e72ec57c87cf,6.4830000000000005,"Vector(1.000, 0.000)",-97.56672524056913,"Vector(7.424, 3.824)",5.429269986407013,6.47625335276968,68.78,6.493,0.002
789,"[np.float64(60.52434380577392), np.float64(60.52392593561599)]","[np.float64(6.495), np.float64(6.496)]","[UUID('1857029a-702d-49e2-ad8b-f5abaea30bdb'), UUID('1857029a-702d-49e2-ad8b-f5abaea30bdb')]","(np.float64(3.0601), np.float64(0.0))",12,"Vector(-0.751, 0.660)","Vector(-4.359, -3.828)",echo,wall_obstacle_50,1857029a-702d-49e2-ad8b-f5abaea30bdb,6.4830000000000005,"Vector(1.000, 0.000)",-101.05749103003492,"Vector(7.419, 3.828)",5.801643638599324,6.477740233236152,60.524,6.495,0.002
790,[np.float64(73.97222433180656)],[np.float64(6.496)],[UUID('90688832-0c07-45c3-b92e-8d27ae58c704')],"(np.int64(0), np.int64(5))",4,"Vector(-0.751, 0.660)","Vector(-7.419, 1.172)",direct,,90688832-0c07-45c3-b92e-8d27ae58c704,6.4830000000000005,"Vector(1.000, 0.000)",-151.32054414422225,"Vector(7.419, 3.828)",7.511437758066028,6.474,73.972,6.496,0.001
791,[np.float64(77.96452084000416)],[np.float64(6.542)],[UUID('5b58466e-d545-48e9-9121-6382cb42fe43')],"(np.float64(0.0), np.float64(1.0199))",0,"Vector(-0.751, 0.660)","Vector(-7.316, -2.899)",echo,wall_obstacle_1,5b58466e-d545-48e9-9121-6382cb42fe43,6.537,"Vector(0.000, -1.000)",-120.72676983568915,"Vector(7.316, 3.919)",7.869542899717874,6.518058017492711,77.965,6.542,0.001
792,"[np.float64(65.58860149772141), np.float64(65.58304964814357)]","[np.float64(6.5840000000000005), np.float64(6.585)]","[UUID('a3dc26ad-3625-4a65-8068-f9afd6658053'), UUID('a3dc26ad-3625-4a65-8068-f9afd6658053')]","(np.float64(6.1201), np.float64(0.0))",15,"Vector(-0.751, 0.660)","Vector(-1.099, -4.004)",echo,wall_obstacle_56,a3dc26ad-3625-4a65-8068-f9afd6658053,6.58,"Vector(1.000, 0.000)",-67.69391670192809,"Vector(7.219, 4.004)",4.152503357542291,6.571565306122449,65.586,6.584,0.002
793,"[np.float64(60.59979194626364), np.float64(60.59528211691627)]","[np.float64(6.586), np.float64(6.587)]","[UUID('1df22a06-ab3f-4224-a77f-bce9bc90a04f'), UUID('1df22a06-ab3f-4224-a77f-bce9bc90a04f')]","(np.float64(5.6101), np.float64(0.0))",15,"Vector(-0.751, 0.660)","Vector(-1.605, -4.008)",echo,wall_obstacle_55,1df22a06-ab3f-4224-a77f-bce9bc90a04f,6.58,"Vector(1.000, 0.000)",-74.16260204910785,"Vector(7.215, 4.008)",4.317609898311796,6.573052186588921,60.598,6.586,0.002
794,"[np.float64(74.33407862582696), np.float64(74.33686658986366)]","[np.float64(6.587), np.float64(6.588)]","[UUID('58827e3a-0fd9-4564-ad61-1539cf61f808'), UUID('58827e3a-0fd9-4564-ad61-1539cf61f808')]","(np.int64(0), np.int64(3))",2,"Vector(-0.751, 0.660)","Vector(-7.212, -1.010)",direct,,58827e3a-0fd9-4564-ad61-1539cf61f808,6.58,"Vector(1.000, 0.000)",-134.3712308914006,"Vector(7.212, 4.010)",7.282891624657063,6.565,74.335,6.587,0.002
795,"[np.float64(69.50502517836544), np.float64(69.50666066595907)]","[np.float64(6.587), np.float64(6.588)]","[UUID('2c570758-11d1-4225-a19a-22b57a5b113b'), UUID('2c570758-11d1-4225-a19a-22b57a5b113b')]","(np.float64(0.0), np.float64(3.0599))",2,"Vector(-0.751, 0.660)","Vector(-7.212, -0.950)",echo,wall_obstacle_5,2c570758-11d1-4225-a19a-22b57a5b113b,6.58,"Vector(0.000, -1.000)",-134.83844071732236,"Vector(7.212, 4.010)",7.2748236882071575,6.565174635568513,69.506,6.587,0.002
796,"[np.float64(60.166457019079104), np.float64(60.17309966633436)]","[np.float64(6.588), np.float64(6.589)]","[UUID('c3ab6328-b806-4eca-8454-1c32dd7c6158'), UUID('c3ab6328-b806-4eca-8454-1c32dd7c6158')]","(np.float64(0.0), np.float64(2.5501))",2,"Vector(-0.751, 0.660)","Vector(-7.210, -1.462)",echo,wall_obstacle_4,c3ab6328-b806-4eca-8454-1c32dd7c6158,6.58,"Vector(0.000, 1.000)",-130.8814601514078,"Vector(7.210, 4.012)",7.356993936167135,6.566311661807581,60.17,6.588,0.002
797,"[np.float64(63.19097739353059), np.float64(63.19468545769476)]","[np.float64(6.59), np.float64(6.591)]","[UUID('3c6192b6-eb6b-4bd0-be14-4026ed96c4dd'), UUID('3c6192b6-eb6b-4bd0-be14-4026ed96c4dd')]","(np.int64(4), np.int64(10))",30,"Vector(-0.751, 0.660)","Vector(-3.206, 5.984)",direct,,3c6192b6-eb6b-4bd0-be14-4026ed96c4dd,6.58,"Vector(0.000, -1.000)",155.8342778089413,"Vector(7.206, 4.016)",6.788338954177229,6.57,63.193,6.59,0.002
798,"[np.float64(76.02800490392337), np.float64(76.03030304078116)]","[np.float64(6.5920000000000005), np.float64(6.593)]","[UUID('0700a053-81b0-4f5c-867b-19c6804b5b3a'), UUID('0700a053-81b0-4f5c-867b-19c6804b5b3a')]","(np.int64(4), np.int64(0))",12,"Vector(-0.751, 0.660)","Vector(-3.201, -4.020)",direct,,0700a053-81b0-4f5c-867b-19c6804b5b3a,6.58,"Vector(0.000, 1.000)",-90.87493371146704,"Vector(7.201, 4.020)",5.1390796010569835,6.577,76.029,6.592,0.002
799,[np.float64(64.53402403611307)],[np.float64(6.593)],[UUID('d7c911d0-c6dc-43a5-bcef-d07343a21fe6')],"(np.int64(10), np.int64(8))",25,"Vector(-0.751, 0.660)","Vector(2.799, 3.980)",direct,,d7c911d0-c6dc-43a5-bcef-d07343a21fe6,6.58,"Vector(-1.000, 0.000)",92.53759295683221,"Vector(7.201, 4.020)",4.865352931288747,6.578,64.534,6.593,0.001
800,[np.float64(68.78730538471584)],[np.float64(6.593)],[UUID('1b61e6a6-f882-4156-b604-e735e0014f28')],"(np.float64(4.0799), np.float64(0.0))",12,"Vector(-0.751, 0.660)","Vector(-3.121, -4.020)",echo,wall_obstacle_52,1b61e6a6-f882-4156-b604-e735e0014f28,6.58,"Vector(-1.000, 0.000)",-90.17128575201521,"Vector(7.201, 4.020)",5.089692348266248,6.577232944606414,68.787,6.593,0.001
801,[np.float64(74.77051499997773)],[np.float64(6.697)],[UUID('adec379b-67a1-4c4b-b6dc-dfcb3b629a4f')],"(np.int64(0), np.int64(5))",4,"Vector(-0.751, 0.660)","Vector(-6.967, 0.774)",direct,,adec379b-67a1-4c4b-b6dc-dfcb3b629a4f,6.694,"Vector(1.000, 0.000)",-148.68326165007318,"Vector(6.967, 4.226)",7.010062972185057,6.675,74.771,6.697,0.001
802,[np.float64(62.41824689105308)],[np.float64(6.697)],[UUID('2d3b627e-844c-4f87-9457-125954752799')],"(np.int64(3), np.int64(10))",29,"Vector(-0.751, 0.660)","Vector(-3.967, 5.774)",direct,,2d3b627e-844c-4f87-9457-125954752799,6.694,"Vector(0.000, -1.000)",162.1475846883775,"Vector(6.967, 4.226)",7.005430955622931,6.675,62.418,6.697,0.001
803,[np.float64(65.29041190509346)],[np.float64(6.697)],[UUID('d8110c3f-9a78-4c10-81b9-7a1b2b7fed88')],"(np.float64(0.0), np.float64(5.0999))",4,"Vector(-0.751, 0.660)","Vector(-6.967, 0.874)",echo,wall_obstacle_9,d8110c3f-9a78-4c10-81b9-7a1b2b7fed88,6.694,"Vector(0.000, -1.000)",-149.4934615407493,"Vector(6.967, 4.226)",7.021792941692314,6.675291253644315,65.29,6.697,0.001
804,"[np.float64(62.15442320393389), np.float64(62.16239992070003)]","[np.float64(6.697), np.float64(6.698)]","[UUID('fe68bf0d-b5e3-4d4a-9025-c72f257b8392'), UUID('fe68bf0d-b5e3-4d4a-9025-c72f257b8392')]","(np.float64(0.0), np.float64(4.5901))",4,"Vector(-0.751, 0.660)","Vector(-6.965, 0.362)",echo,wall_obstacle_8,fe68bf0d-b5e3-4d4a-9025-c72f257b8392,6.694,"Vector(0.000, 1.000)",-145.3203781745127,"Vector(6.965, 4.228)",6.974368942241298,6.676195043731778,62.158,6.697,0.002
805,"[np.float64(64.76402901526123), np.float64(64.76603941522391)]","[np.float64(6.697), np.float64(6.698)]","[UUID('885e9da3-5733-4aa2-8c60-a93c576abd92'), UUID('885e9da3-5733-4aa2-8c60-a93c576abd92')]","(np.int64(10), np.int64(8))",25,"Vector(-0.751, 0.660)","Vector(3.035, 3.772)",direct,,885e9da3-5733-4aa2-8c60-a93c576abd92,6.694,"Vector(-1.000, 0.000)",88.8326082427842,"Vector(6.965, 4.228)",4.841315416340894,6.682,64.765,6.697,0.002
806,"[np.float64(61.08449964765517), np.float64(61.088154484864845)]","[np.float64(6.698), np.float64(6.699)]","[UUID('f5b2e3b0-49a3-44e4-9938-8cd1c1c9b3e3'), UUID('f5b2e3b0-49a3-44e4-9938-8cd1c1c9b3e3')]","(np.int64(2), np.int64(10))",28,"Vector(-0.751, 0.660)","Vector(-4.963, 5.770)",direct,,f5b2e3b0-49a3-44e4-9938-8cd1c1c9b3e3,6.694,"Vector(0.000, -1.000)",168.35361744770796,"Vector(6.963, 4.230)",7.61052593536084,6.675,61.086,6.698,0.002
807,"[np.float64(76.24807354537027), np.float64(76.24988412921446)]","[np.float64(6.699), np.float64(6.7)]","[UUID('efcee666-4164-431c-a138-0dac16df5ac2'), UUID('efcee666-4164-431c-a138-0dac16df5ac2')]","(np.int64(4), np.int64(0))",12,"Vector(-0.751, 0.660)","Vector(-2.960, -4.232)",direct,,efcee666-4164-431c-a138-0dac16df5ac2,6.694,"Vector(0.000, 1.000)",-87.31931465272115,"Vector(6.960, 4.232)",5.164789737336845,6.683,76.249,6.699,0.002
808,"[np.float64(68.87461750598331), np.float64(68.87526126513026)]","[np.float64(6.699), np.float64(6.7)]","[UUID('5875bc1b-a204-4027-b53c-bcd8e1792d99'), UUID('5875bc1b-a204-4027-b53c-bcd8e1792d99')]","(np.float64(4.0799), np.float64(0.0))",12,"Vector(-0.751, 0.660)","Vector(-2.881, -4.232)",echo,wall_obstacle_52,5875bc1b-a204-4027-b53c-bcd8e1792d99,6.694,"Vector(-1.000, 0.000)",-86.58654976034175,"Vector(6.960, 4.232)",5.119409529906744,6.683232944606414,68.875,6.699,0.002
809,"[np.float64(68.48392546231253), np.float64(68.48191459506441)]","[np.float64(6.7010000000000005), np.float64(6.702)]","[UUID('34722846-4cf3-4f66-b483-5fa7c9d25337'), UUID('34722846-4cf3-4f66-b483-5fa7c9d25337')]","(np.float64(3.5701), np.float64(0.0))",12,"Vector(-0.751, 0.660)","Vector(-3.386, -4.236)",echo,wall_obstacle_51,34722846-4cf3-4f66-b483-5fa7c9d25337,6.694,"Vector(1.000, 0.000)",-90.98070990578456,"Vector(6.956, 4.236)",5.4229438481787735,6.684253352769679,68.483,6.701,0.002
810,"[np.float64(60.32745546560011), np.float64(60.325967928198075)]","[np.float64(6.703), np.float64(6.704)]","[UUID('e39e3450-11aa-44f2-90f9-f1eaffa008af'), UUID('e39e3450-11aa-44f2-90f9-f1eaffa008af')]","(np.float64(3.0601), np.float64(0.0))",12,"Vector(-0.751, 0.660)","Vector(-3.891, -4.240)",echo,wall_obstacle_50,e39e3450-11aa-44f2-90f9-f1eaffa008af,6.694,"Vector(1.000, 0.000)",-94.89030074365887,"Vector(6.951, 4.240)",5.755043881440002,6.685740233236151,60.327,6.703,0.002
811,"[np.float64(65.11110065526469), np.float64(65.1122316805999)]","[np.float64(6.706), np.float64(6.707)]","[UUID('b53e09b7-da37-46b7-a357-06350a5b78f3'), UUID('b53e09b7-da37-46b7-a357-06350a5b78f3')]","(np.int64(8), np.int64(10))",34,"Vector(-0.751, 0.660)","Vector(1.055, 5.754)",direct,,b53e09b7-da37-46b7-a357-06350a5b78f3,6.694,"Vector(0.000, -1.000)",117.26208125966576,"Vector(6.945, 4.246)",5.850007880336572,6.688,65.112,6.706,0.002
812,[np.float64(64.56238569238653)],[np.float64(6.707)],[UUID('cd1db6d0-6a05-423f-8606-12f05314a76f')],"(np.int64(5), np.int64(10))",31,"Vector(-0.751, 0.660)","Vector(-1.945, 5.754)",direct,,cd1db6d0-6a05-423f-8606-12f05314a76f,6.694,"Vector(0.000, -1.000)",146.3284819925988,"Vector(6.945, 4.246)",6.0737889492474135,6.689,64.562,6.707,0.001
813,"[np.float64(65.44736829661727), np.float64(65.44952453959843)]","[np.float64(6.751), np.float64(6.752)]","[UUID('0d634dff-84eb-441e-ba0f-bc72a29a8814'), UUID('0d634dff-84eb-441e-ba0f-bc72a29a8814')]","(np.int64(7), np.int64(10))",33,"Vector(-0.751, 0.660)","Vector(0.157, 5.665)",direct,,0d634dff-84eb-441e-ba0f-bc72a29a8814,6.742,"Vector(0.000, -1.000)",126.07177156860502,"Vector(6.843, 4.335)",5.667102155820027,6.734,65.448,6.751,0.002
814,"[np.float64(76.41205468551536), np.float64(76.413394069179)]","[np.float64(6.803), np.float64(6.804)]","[UUID('ab83b06c-4e6d-4f6e-a620-7d53ac8fc8b8'), UUID('ab83b06c-4e6d-4f6e-a620-7d53ac8fc8b8')]","(np.int64(4), np.int64(0))",12,"Vector(-0.751, 0.660)","Vector(-2.726, -4.438)",direct,,ab83b06c-4e6d-4f6e-a620-7d53ac8fc8b8,6.799,"Vector(0.000, 1.000)",-83.90969821020204,"Vector(6.726, 4.438)",5.208614036507217,6.787,76.413,6.803,0.002
815,"[np.float64(68.92421590490886), np.float64(68.92452644919089)]","[np.float64(6.803), np.float64(6.804)]","[UUID('5ffbc352-733e-4658-a0ac-6978142cbe8d'), UUID('5ffbc352-733e-4658-a0ac-6978142cbe8d')]","(np.float64(4.0799), np.float64(0.0))",12,"Vector(-0.751, 0.660)","Vector(-2.647, -4.438)",echo,wall_obstacle_52,5ffbc352-733e-4658-a0ac-6978142cbe8d,6.799,"Vector(-1.000, 0.000)",-83.1547962674265,"Vector(6.726, 4.438)",5.167238555098845,6.787232944606414,68.924,6.803,0.002
816,"[np.float64(64.9571884794139), np.float64(64.9587844416795)]","[np.float64(6.804), np.float64(6.805)]","[UUID('06835ae8-3467-4bad-8797-21549b5cbf26'), UUID('06835ae8-3467-4bad-8797-21549b5cbf26')]","(np.int64(10), np.int64(8))",25,"Vector(-0.751, 0.660)","Vector(3.276, 3.560)",direct,,06835ae8-3467-4bad-8797-21549b5cbf26,6.799,"Vector(-1.000, 0.000)",85.03541800432686,"Vector(6.724, 4.440)",4.837802663234622,6.789,64.958,6.804,0.002
817,"[np.float64(68.24489618161515), np.float64(68.24230621161387)]","[np.float64(6.805), np.float64(6.806)]","[UUID('59fd612f-7e37-471f-9d70-781e38917e29'), UUID('59fd612f-7e37-471f-9d70-781e38917e29')]","(np.float64(3.5701), np.float64(0.0))",12,"Vector(-0.751, 0.660)","Vector(-3.152, -4.442)",echo,wall_obstacle_51,59fd612f-7e37-471f-9d70-781e38917e29,6.799,"Vector(1.000, 0.000)",-87.70361841002398,"Vector(6.722, 4.442)",5.446601767827349,6.788253352769679,68.244,6.805,0.002
818,"[np.float64(61.490725116919805), np.float64(61.49452974182936)]","[np.float64(6.807), np.float64(6.808)]","[UUID('b816321d-f238-4eef-b3eb-5521a5d6fcca'), UUID('b816321d-f238-4eef-b3eb-5521a5d6fcca')]","(np.int64(2), np.int64(10))",28,"Vector(-0.751, 0.660)","Vector(-4.717, 5.554)",direct,,b816321d-f238-4eef-b3eb-5521a5d6fcca,6.799,"Vector(0.000, -1.000)",167.99821167457407,"Vector(6.717, 4.446)",7.287119162227278,6.785,61.493,6.807,0.002
819,"[np.float64(60.1447458012215), np.float64(60.142714467290666)]","[np.float64(6.807), np.float64(6.808)]","[UUID('10e8673a-35ef-4f44-86e8-7ef924b725f7'), UUID('10e8673a-35ef-4f44-86e8-7ef924b725f7')]","(np.float64(3.0601), np.float64(0.0))",12,"Vector(-0.751, 0.660)","Vector(-3.657, -4.446)",echo,wall_obstacle_50,10e8673a-35ef-4f44-86e8-7ef924b725f7,6.799,"Vector(1.000, 0.000)",-91.78725912984652,"Vector(6.717, 4.446)",5.756972972014025,6.789740233236151,60.144,6.807,0.002
820,"[np.float64(77.6375276989586), np.float64(77.63729181978398)]","[np.float64(6.809), np.float64(6.8100000000000005)]","[UUID('a07d6a27-6c5d-4470-a422-74255c0a6e22'), UUID('a07d6a27-6c5d-4470-a422-74255c0a6e22')]","(np.int64(5), np.int64(0))",13,"Vector(-0.751, 0.660)","Vector(-1.713, -4.450)",direct,,a07d6a27-6c5d-4470-a422-74255c0a6e22,6.799,"Vector(0.000, 1.000)",-73.39946826665539,"Vector(6.713, 4.450)",4.768215203920645,6.795,77.637,6.809,0.002
821,"[np.float64(68.17083266798218), np.float64(68.16951420807065)]","[np.float64(6.8100000000000005), np.float64(6.811)]","[UUID('ad07e07d-2143-4d0d-be4d-50ecc1d8f8ba'), UUID('ad07e07d-2143-4d0d-be4d-50ecc1d8f8ba')]","(np.float64(5.0999), np.float64(0.0))",13,"Vector(-0.751, 0.660)","Vector(-1.611, -4.452)",echo,wall_obstacle_54,ad07e07d-2143-4d0d-be4d-50ecc1d8f8ba,6.799,"Vector(-1.000, 0.000)",-72.2370720129333,"Vector(6.711, 4.452)",4.7343401448142695,6.795291253644315,68.17,6.81,0.002
822,"[np.float64(70.04616727246362), np.float64(70.04211234993669)]","[np.float64(6.811), np.float64(6.812)]","[UUID('2aab72db-c004-4d02-90d3-9528138ffdc0'), UUID('2aab72db-c004-4d02-90d3-9528138ffdc0')]","(np.float64(4.5901), np.float64(0.0))",13,"Vector(-0.751, 0.660)","Vector(-2.118, -4.454)",echo,wall_obstacle_53,2aab72db-c004-4d02-90d3-9528138ffdc0,6.799,"Vector(1.000, 0.000)",-77.78242924446818,"Vector(6.708, 4.454)",4.931973272078833,6.796195043731778,70.044,6.811,0.002
823,"[np.float64(65.67012455183779), np.float64(65.67212637562356)]","[np.float64(6.8580000000000005), np.float64(6.859)]","[UUID('7234ceb4-0fad-4c62-b3de-2b0c88648a6e'), UUID('7234ceb4-0fad-4c62-b3de-2b0c88648a6e')]","(np.int64(7), np.int64(10))",33,"Vector(-0.751, 0.660)","Vector(0.397, 5.453)",direct,,7234ceb4-0fad-4c62-b3de-2b0c88648a6e,6.854,"Vector(0.000, -1.000)",123.48765053770592,"Vector(6.603, 4.547)",5.4675326139676566,6.8420000000000005,65.671,6.858,0.002
824,"[np.float64(68.53785173631067), np.float64(68.53537355641245)]","[np.float64(6.86), np.float64(6.861)]","[UUID('e37c3613-e58a-4baf-bf44-ba2823cac6ef'), UUID('e37c3613-e58a-4baf-bf44-ba2823cac6ef')]","(np.int64(10), np.int64(6))",23,"Vector(-0.751, 0.660)","Vector(3.402, 1.449)",direct,,e37c3613-e58a-4baf-bf44-ba2823cac6ef,6.854,"Vector(-1.000, 0.000)",60.727988048549406,"Vector(6.598, 4.551)",3.6975743322886694,6.849,68.537,6.86,0.002
825,"[np.float64(66.005209005211), np.float64(65.99849060325677)]","[np.float64(6.861), np.float64(6.862)]","[UUID('6de0f4cf-f0ed-4789-9d6a-0dc8382b6871'), UUID('6de0f4cf-f0ed-4789-9d6a-0dc8382b6871')]","(np.float64(10.0), np.float64(6.1199))",23,"Vector(-0.751, 0.660)","Vector(3.404, 1.567)",echo,wall_obstacle_24,6de0f4cf-f0ed-4789-9d6a-0dc8382b6871,6.854,"Vector(0.000, -1.000)",62.37343612404126,"Vector(6.596, 4.553)",3.747403714907162,6.849349562682216,66.002,6.861,0.002
826,"[np.float64(73.54797415285881), np.float64(73.55242755484717)]","[np.float64(6.8660000000000005), np.float64(6.867)]","[UUID('c9992688-696f-41e9-a80f-11dabecc41ea'), UUID('c9992688-696f-41e9-a80f-11dabecc41ea')]","(np.int64(0), np.int64(8))",7,"Vector(-0.751, 0.660)","Vector(-6.585, 3.437)",direct,,c9992688-696f-41e9-a80f-11dabecc41ea,6.854,"Vector(1.000, 0.000)",-169.91014024889637,"Vector(6.585, 4.563)",7.427863508169762,6.844,73.55,6.866,0.002
827,"[np.float64(74.34721110551153), np.float64(74.34842476303551)]","[np.float64(6.8660000000000005), np.float64(6.867)]","[UUID('ed01c602-ade2-4174-a70e-178fc444c199'), UUID('ed01c602-ade2-4174-a70e-178fc444c199')]","(np.int64(0), np.int64(2))",1,"Vector(-0.751, 0.660)","Vector(-6.585, -2.563)",direct,,ed01c602-ade2-4174-a70e-178fc444c199,6.854,"Vector(1.000, 0.000)",-121.07958166483778,"Vector(6.585, 4.563)",7.065852835716294,6.845,74.348,6.866,0.002
828,"[np.float64(72.79712639979235), np.float64(72.79754918473482)]","[np.float64(6.8660000000000005), np.float64(6.867)]","[UUID('0f7e7c7c-7f54-4b64-9fa6-b08382acf82e'), UUID('0f7e7c7c-7f54-4b64-9fa6-b08382acf82e')]","(np.float64(0.0), np.float64(2.0399))",1,"Vector(-0.751, 0.660)","Vector(-6.585, -2.523)",echo,wall_obstacle_3,0f7e7c7c-7f54-4b64-9fa6-b08382acf82e,6.854,"Vector(0.000, -1.000)",-121.3817090075296,"Vector(6.585, 4.563)",7.05147928154086,6.845116326530612,72.797,6.866,0.002
829,"[np.float64(61.86332851979494), np.float64(61.86259111777552)]","[np.float64(6.916), np.float64(6.917)]","[UUID('3d2461b9-ed52-4865-9843-b1170c43d2fb'), UUID('3d2461b9-ed52-4865-9843-b1170c43d2fb')]","(np.float64(0.5101), np.float64(0.0))",9,"Vector(-0.751, 0.660)","Vector(-5.962, -4.662)",echo,wall_obstacle_45,3d2461b9-ed52-4865-9843-b1170c43d2fb,6.914,"Vector(1.000, 0.000)",-104.32374786105456,"Vector(6.472, 4.662)",7.568281257458658,6.893428279883382,61.863,6.916,0.002
830,"[np.float64(65.29814185522196), np.float64(65.29875671456199)]","[np.float64(6.918), np.float64(6.9190000000000005)]","[UUID('1458296e-0f4c-4e7c-bc56-bef88381896c'), UUID('1458296e-0f4c-4e7c-bc56-bef88381896c')]","(np.int64(8), np.int64(10))",34,"Vector(-0.751, 0.660)","Vector(1.532, 5.334)",direct,,1458296e-0f4c-4e7c-bc56-bef88381896c,6.914,"Vector(0.000, -1.000)",111.6277370592058,"Vector(6.468, 4.666)",5.549993253761665,6.901,65.298,6.918,0.002
831,"[np.float64(74.68929077917352), np.float64(74.69367158861674)]","[np.float64(6.922), np.float64(6.923)]","[UUID('ca3cd424-4a85-4774-87af-6c348284098a'), UUID('ca3cd424-4a85-4774-87af-6c348284098a')]","(np.int64(0), np.int64(7))",6,"Vector(-0.751, 0.660)","Vector(-6.459, 2.326)",direct,,ca3cd424-4a85-4774-87af-6c348284098a,6.914,"Vector(1.000, 0.000)",-162.15393388184276,"Vector(6.459, 4.674)",6.86491186309045,6.901,74.691,6.922,0.002
832,"[np.float64(64.20286134149006), np.float64(64.21177217694408)]","[np.float64(6.922), np.float64(6.923)]","[UUID('435a19ee-835e-4c6e-bcb2-16327a22b0a7'), UUID('435a19ee-835e-4c6e-bcb2-16327a22b0a7')]","(np.float64(0.0), np.float64(6.6301))",6,"Vector(-0.751, 0.660)","Vector(-6.459, 1.956)",echo,wall_obstacle_12,435a19ee-835e-4c6e-bcb2-16327a22b0a7,6.914,"Vector(0.000, 1.000)",-159.19795539518384,"Vector(6.459, 4.674)",6.748540565929792,6.902078425655977,64.207,6.922,0.002
833,"[np.float64(75.1698958448098), np.float64(75.17194003322928)]","[np.float64(6.922), np.float64(6.923)]","[UUID('ebfb6ac3-d3a8-4897-882a-da82aba8bd86'), UUID('ebfb6ac3-d3a8-4897-882a-da82aba8bd86')]","(np.int64(3), np.int64(0))",11,"Vector(-0.751, 0.660)","Vector(-3.459, -4.674)",direct,,ebfb6ac3-d3a8-4897-882a-da82aba8bd86,6.914,"Vector(0.000, 1.000)",-88.84870532327521,"Vector(6.459, 4.674)",5.814263056312468,6.905,75.171,6.922,0.002
834,"[np.float64(62.700442150433716), np.float64(62.69496466855371)]","[np.float64(6.922), np.float64(6.923)]","[UUID('deff56a9-2b56-4d2b-a584-6c1a1f434986'), UUID('deff56a9-2b56-4d2b-a584-6c1a1f434986')]","(np.float64(5.1001), np.float64(0.0))",14,"Vector(-0.751, 0.660)","Vector(-1.359, -4.674)",echo,wall_obstacle_54,deff56a9-2b56-4d2b-a584-6c1a1f434986,6.914,"Vector(1.000, 0.000)",-68.55453780118212,"Vector(6.459, 4.674)",4.8671099385569665,6.90762361516035,62.698,6.922,0.002
835,"[np.float64(70.0846497956259), np.float64(70.08588721802475)]","[np.float64(6.923), np.float64(6.924)]","[UUID('839968d5-072f-4d7b-811b-f2c1b446bf03'), UUID('839968d5-072f-4d7b-811b-f2c1b446bf03')]","(np.float64(3.0599), np.float64(0.0))",11,"Vector(-0.751, 0.660)","Vector(-3.397, -4.676)",echo,wall_obstacle_50,839968d5-072f-4d7b-811b-f2c1b446bf03,6.914,"Vector(-1.000, 0.000)",-88.34172689021311,"Vector(6.456, 4.676)",5.779109805956278,6.905174635568513,70.085,6.923,0.002
836,"[np.float64(75.55042504204181), np.float64(75.55323826285417)]","[np.float64(6.924), np.float64(6.925)]","[UUID('c732d402-2331-4e75-bb50-eb44f75a8fc8'), UUID('c732d402-2331-4e75-bb50-eb44f75a8fc8')]","(np.int64(0), np.int64(4))",3,"Vector(-0.751, 0.660)","Vector(-6.454, -0.678)",direct,,c732d402-2331-4e75-bb50-eb44f75a8fc8,6.914,"Vector(1.000, 0.000)",-136.35219532402309,"Vector(6.454, 4.678)",6.489691638930158,6.905,75.552,6.924,0.002
837,"[np.float64(67.87192418317011), np.float64(67.8740664398008)]","[np.float64(6.925), np.float64(6.926)]","[UUID('0a9cedfd-7fd8-4976-ad60-b1c4e0f1f60f'), UUID('0a9cedfd-7fd8-4976-ad60-b1c4e0f1f60f')]","(np.float64(0.0), np.float64(4.0799))",3,"Vector(-0.751, 0.660)","Vector(-6.452, -0.600)",echo,wall_obstacle_7,0a9cedfd-7fd8-4976-ad60-b1c4e0f1f60f,6.914,"Vector(0.000, -1.000)",-137.0353559227695,"Vector(6.452, 4.680)",6.479778775799371,6.905232944606414,67.873,6.925,0.002
838,"[np.float64(65.98607613278982), np.float64(65.98394652849522)]","[np.float64(6.925), np.float64(6.926)]","[UUID('4f758130-6c2b-4dac-af20-f895d491f273'), UUID('4f758130-6c2b-4dac-af20-f895d491f273')]","(np.float64(2.5501), np.float64(0.0))",11,"Vector(-0.751, 0.660)","Vector(-3.902, -4.680)",echo,wall_obstacle_49,4f758130-6c2b-4dac-af20-f895d491f273,6.914,"Vector(1.000, 0.000)",-92.16707952950624,"Vector(6.452, 4.680)",6.092869477783026,6.906311661807581,65.985,6.925,0.002
839,"[np.float64(63.31979222115029), np.float64(63.32684280806608)]","[np.float64(6.926), np.float64(6.9270000000000005)]","[UUID('590b76a9-eb68-4ece-a30c-5cbceaaf4a67'), UUID('590b76a9-eb68-4ece-a30c-5cbceaaf4a67')]","(np.float64(0.0), np.float64(3.5701))",3,"Vector(-0.751, 0.660)","Vector(-6.450, -1.111)",echo,wall_obstacle_6,590b76a9-eb68-4ece-a30c-5cbceaaf4a67,6.914,"Vector(0.000, 1.000)",-132.56790092073985,"Vector(6.450, 4.682)",6.544786582463939,6.90625335276968,63.323,6.926,0.002
840,[np.float64(65.82916438357182)],[np.float64(6.9270000000000005)],[UUID('8127702d-1f3b-4be7-a7b9-7a995242dade')],"(np.int64(6), np.int64(10))",32,"Vector(-0.751, 0.660)","Vector(-0.450, 5.318)",direct,,8127702d-1f3b-4be7-a7b9-7a995242dade,6.914,"Vector(0.000, -1.000)",132.48788393391726,"Vector(6.450, 4.682)",5.337419986472865,6.9110000000000005,65.829,6.927,0.001
841,[np.float64(68.26221023521784)],[np.float64(6.963)],[UUID('1462046e-02f4-46a8-a25f-457641161752')],"(np.int64(10), np.int64(6))",23,"Vector(-0.751, 0.660)","Vector(3.631, 1.247)",direct,,1462046e-02f4-46a8-a25f-457641161752,6.96,"Vector(-1.000, 0.000)",56.60951931889011,"Vector(6.369, 4.753)",3.839479457426488,6.95,68.262,6.963,0.001
842,[np.float64(65.2933686611652)],[np.float64(6.963)],[UUID('97a92247-789b-42fd-be1e-f0f46229ed5f')],"(np.float64(10.0), np.float64(6.1199))",23,"Vector(-0.751, 0.660)","Vector(3.631, 1.367)",echo,wall_obstacle_24,97a92247-789b-42fd-be1e-f0f46229ed5f,6.96,"Vector(0.000, -1.000)",58.28426931124653,"Vector(6.369, 4.753)",3.8800834375049202,6.950349562682216,65.293,6.963,0.001
843,"[np.float64(74.45060401365686), np.float64(74.4514943545417)]","[np.float64(6.964), np.float64(6.965)]","[UUID('82a5e2e7-49b2-4ddc-a70f-fcca46664014'), UUID('82a5e2e7-49b2-4ddc-a70f-fcca46664014')]","(np.int64(0), np.int64(2))",1,"Vector(-0.751, 0.660)","Vector(-6.364, -2.757)",direct,,82a5e2e7-49b2-4ddc-a70f-fcca46664014,6.96,"Vector(1.000, 0.000)",-118.92457527206916,"Vector(6.364, 4.757)",6.935650110004109,6.9430000000000005,74.451,6.964,0.002
844,"[np.float64(72.8303917329661), np.float64(72.83064510242042)]","[np.float64(6.964), np.float64(6.965)]","[UUID('ef07796b-eff1-43a7-8e88-c3db82cdfbe5'), UUID('ef07796b-eff1-43a7-8e88-c3db82cdfbe5')]","(np.float64(0.0), np.float64(2.0399))",1,"Vector(-0.751, 0.660)","Vector(-6.364, -2.717)",echo,wall_obstacle_3,ef07796b-eff1-43a7-8e88-c3db82cdfbe5,6.96,"Vector(0.000, -1.000)",-119.22772454722173,"Vector(6.364, 4.757)",6.919887413708405,6.943116326530613,72.831,6.964,0.002
845,"[np.float64(61.27932929312864), np.float64(61.28445097363652)]","[np.float64(6.966), np.float64(6.9670000000000005)]","[UUID('b6785d66-bcf1-4af9-9336-05d2c9808b94'), UUID('b6785d66-bcf1-4af9-9336-05d2c9808b94')]","(np.float64(0.0), np.float64(1.5301))",1,"Vector(-0.751, 0.660)","Vector(-6.360, -3.231)",echo,wall_obstacle_2,b6785d66-bcf1-4af9-9336-05d2c9808b94,6.96,"Vector(0.000, 1.000)",-115.41545813164458,"Vector(6.360, 4.761)",7.133246281602788,6.944369970845481,61.282,6.966,0.002
846,"[np.float64(74.0150736986664), np.float64(74.01951922397608)]","[np.float64(6.971), np.float64(6.972)]","[UUID('199e7b1a-2e2a-47c2-8000-95057fc9ea0b'), UUID('199e7b1a-2e2a-47c2-8000-95057fc9ea0b')]","(np.int64(0), np.int64(8))",7,"Vector(-0.751, 0.660)","Vector(-6.348, 3.229)",direct,,199e7b1a-2e2a-47c2-8000-95057fc9ea0b,6.96,"Vector(1.000, 0.000)",-169.30700296662144,"Vector(6.348, 4.771)",7.122619474357731,6.95,74.017,6.971,0.002
847,"[np.float64(60.63496971543188), np.float64(60.63878027664134)]","[np.float64(6.972), np.float64(6.973)]","[UUID('a651a808-d761-406c-ae78-8bb032124a40'), UUID('a651a808-d761-406c-ae78-8bb032124a40')]","(np.int64(1), np.int64(10))",27,"Vector(-0.751, 0.660)","Vector(-5.346, 5.227)",direct,,a651a808-d761-406c-ae78-8bb032124a40,6.96,"Vector(0.000, -1.000)",173.29857685417994,"Vector(6.346, 4.773)",7.477122498528428,6.95,60.637,6.972,0.002
848,[np.float64(65.20690583492437)],[np.float64(7.0120000000000005)],[UUID('cf4bd39e-01d8-4090-acfc-baf3df689767')],"(np.int64(10), np.int64(8))",25,"Vector(-0.751, 0.660)","Vector(3.742, 3.150)",direct,,cf4bd39e-01d8-4090-acfc-baf3df689767,7.009,"Vector(-1.000, 0.000)",77.74986237611444,"Vector(6.258, 4.850)",4.891055996459252,6.996,65.207,7.012,0.001
849,"[np.float64(62.330442023672305), np.float64(62.334617234870144)]","[np.float64(7.018), np.float64(7.019)]","[UUID('f7150f56-35ce-40d2-a3b4-5886e2d11513'), UUID('f7150f56-35ce-40d2-a3b4-5886e2d11513')]","(np.int64(2), np.int64(10))",28,"Vector(-0.751, 0.660)","Vector(-4.243, 5.136)",direct,,f7150f56-35ce-40d2-a3b4-5886e2d11513,7.009,"Vector(0.000, -1.000)",167.21224834210756,"Vector(6.243, 4.864)",6.66198508230092,6.998,62.333,7.018,0.002
850,[np.float64(66.10103948955468)],[np.float64(7.018)],[UUID('f1d5a8bb-dc65-40d6-899e-9574595090be')],"(np.int64(6), np.int64(10))",32,"Vector(-0.751, 0.660)","Vector(-0.245, 5.138)",direct,,f1d5a8bb-dc65-40d6-899e-9574595090be,7.009,"Vector(0.000, -1.000)",130.3840771891529,"Vector(6.245, 4.862)",5.144096240205854,7.002,66.101,7.018,0.001
851,"[np.float64(72.29551272238483), np.float64(72.29882056216154)]","[np.float64(7.0200000000000005), np.float64(7.021)]","[UUID('8fb779eb-8abf-4b4a-920f-99640ed90def'), UUID('8fb779eb-8abf-4b4a-920f-99640ed90def')]","(np.int64(1), np.int64(0))",9,"Vector(-0.751, 0.660)","Vector(-5.238, -4.868)",direct,,8fb779eb-8abf-4b4a-920f-99640ed90def,7.009,"Vector(0.000, 1.000)",-99.44532059733551,"Vector(6.238, 4.868)",7.1507522227245435,6.9990000000000006,72.297,7.02,0.002
852,"[np.float64(76.69932089908622), np.float64(76.7020358709008)]","[np.float64(7.0200000000000005), np.float64(7.021)]","[UUID('8bb87a20-f48c-4d61-ab6d-d5e02ecb1fbe'), UUID('8bb87a20-f48c-4d61-ab6d-d5e02ecb1fbe')]","(np.float64(1.0199), np.float64(0.0))",9,"Vector(-0.751, 0.660)","Vector(-5.218, -4.868)",echo,wall_obstacle_46,8bb87a20-f48c-4d61-ab6d-d5e02ecb1fbe,7.009,"Vector(-1.000, 0.000)",-99.33655789068345,"Vector(6.238, 4.868)",7.1361875118861615,6.999058017492712,76.701,7.02,0.002
853,"[np.float64(64.32445623582663), np.float64(64.32350057908641)]","[np.float64(7.021), np.float64(7.022)]","[UUID('1b7da39d-83a4-4028-9c4c-6625e54b0267'), UUID('1b7da39d-83a4-4028-9c4c-6625e54b0267')]","(np.int64(9), np.int64(10))",35,"Vector(-0.751, 0.660)","Vector(2.764, 5.130)",direct,,1b7da39d-83a4-4028-9c4c-6625e54b0267,7.009,"Vector(0.000, -1.000)",99.34044876541088,"Vector(6.236, 4.870)",5.827542394225889,7.0040000000000004,64.324,7.021,0.002
854,[np.float64(75.81537563504395)],[np.float64(7.022)],[UUID('7c9491c9-72ed-49b5-b4b8-9f419887a9b7')],"(np.int64(0), np.int64(4))",3,"Vector(-0.751, 0.660)","Vector(-6.236, -0.870)",direct,,7c9491c9-72ed-49b5-b4b8-9f419887a9b7,7.009,"Vector(1.000, 0.000)",-134.40628311622248,"Vector(6.236, 4.870)",6.296318794065306,7.003,75.815,7.022,0.001
855,[np.float64(68.07695031686532)],[np.float64(7.022)],[UUID('c58a267b-251b-4096-b386-5858490593a8')],"(np.float64(0.0), np.float64(4.0799))",3,"Vector(-0.751, 0.660)","Vector(-6.236, -0.790)",echo,wall_obstacle_7,c58a267b-251b-4096-b386-5858490593a8,7.009,"Vector(0.000, -1.000)",-135.12762134187625,"Vector(6.236, 4.870)",6.285780993520216,7.003232944606414,68.077,7.022,0.001
856,"[np.float64(74.5209739827482), np.float64(74.52152862180611)]","[np.float64(7.061), np.float64(7.062)]","[UUID('cdfa8926-c54e-4fc2-b921-b371a65e1620'), UUID('cdfa8926-c54e-4fc2-b921-b371a65e1620')]","(np.int64(0), np.int64(2))",1,"Vector(-0.751, 0.660)","Vector(-6.146, -2.949)",direct,,cdfa8926-c54e-4fc2-b921-b371a65e1620,7.051,"Vector(1.000, 0.000)",-116.71360027747869,"Vector(6.146, 4.949)",6.816797088112569,7.041,74.521,7.061,0.002
857,"[np.float64(72.84668154679872), np.float64(72.84676126357985)]","[np.float64(7.061), np.float64(7.062)]","[UUID('890e8597-5cc1-4494-97a2-85b24096d581'), UUID('890e8597-5cc1-4494-97a2-85b24096d581')]","(np.float64(0.0), np.float64(2.0399))",1,"Vector(-0.751, 0.660)","Vector(-6.146, -2.909)",echo,wall_obstacle_3,890e8597-5cc1-4494-97a2-85b24096d581,7.051,"Vector(0.000, -1.000)",-117.01672559673621,"Vector(6.146, 4.949)",6.799632013756333,7.041116326530613,72.847,7.061,0.002
858,"[np.float64(61.76393809718618), np.float64(61.76880097870405)]","[np.float64(7.063), np.float64(7.064)]","[UUID('6fd1af20-d7fa-40dd-835a-b36f75a111a6'), UUID('6fd1af20-d7fa-40dd-835a-b36f75a111a6')]","(np.float64(0.0), np.float64(1.5301))",1,"Vector(-0.751, 0.660)","Vector(-6.141, -3.423)",echo,wall_obstacle_2,6fd1af20-d7fa-40dd-835a-b36f75a111a6,7.051,"Vector(0.000, 1.000)",-113.21398621200363,"Vector(6.141, 4.953)",7.030836789408498,7.042369970845481,61.766,7.063,0.002
859,"[np.float64(72.58648151713523), np.float64(72.58949335591878)]","[np.float64(7.112), np.float64(7.113)]","[UUID('dd74c97b-a7c6-4b86-921d-68c6c19651fb'), UUID('dd74c97b-a7c6-4b86-921d-68c6c19651fb')]","(np.int64(1), np.int64(0))",9,"Vector(-0.751, 0.660)","Vector(-5.031, -5.050)",direct,,dd74c97b-a7c6-4b86-921d-68c6c19651fb,7.1080000000000005,"Vector(0.000, 1.000)",-97.23964402344807,"Vector(6.031, 5.050)",7.12839804682651,7.091,72.588,7.112,0.002
860,"[np.float64(76.94280409624004), np.float64(76.94537946182562)]","[np.float64(7.112), np.float64(7.113)]","[UUID('87a12ab7-218a-4b1b-8f8d-631f2fd70a04'), UUID('87a12ab7-218a-4b1b-8f8d-631f2fd70a04')]","(np.float64(1.0199), np.float64(0.0))",9,"Vector(-0.751, 0.660)","Vector(-5.011, -5.050)",echo,wall_obstacle_46,87a12ab7-218a-4b1b-8f8d-631f2fd70a04,7.1080000000000005,"Vector(-1.000, 0.000)",-97.12611015706813,"Vector(6.031, 5.050)",7.114366603429992,7.091058017492712,76.944,7.112,0.002
861,"[np.float64(62.74091035957993), np.float64(62.7452930104429)]","[np.float64(7.114), np.float64(7.115)]","[UUID('4a13c190-aa25-414e-af5a-9aac5d559631'), UUID('4a13c190-aa25-414e-af5a-9aac5d559631')]","(np.int64(2), np.int64(10))",28,"Vector(-0.751, 0.660)","Vector(-4.027, 4.946)",direct,,4a13c190-aa25-414e-af5a-9aac5d559631,7.1080000000000005,"Vector(0.000, -1.000)",166.80369394066082,"Vector(6.027, 5.054)",6.378037974048132,7.095,62.743,7.114,0.002
862,"[np.float64(61.64272486255585), np.float64(61.64123941256188)]","[np.float64(7.115), np.float64(7.1160000000000005)]","[UUID('ae53798d-cc8d-4550-930d-854096ee555c'), UUID('ae53798d-cc8d-4550-930d-854096ee555c')]","(np.float64(0.5101), np.float64(0.0))",9,"Vector(-0.751, 0.660)","Vector(-5.514, -5.056)",echo,wall_obstacle_45,ae53798d-cc8d-4550-930d-854096ee555c,7.1080000000000005,"Vector(1.000, 0.000)",-99.82971220979502,"Vector(6.024, 5.056)",7.481255770610974,7.092428279883382,61.642,7.115,0.002
863,"[np.float64(75.53496113035085), np.float64(75.53930309394117)]","[np.float64(7.1160000000000005), np.float64(7.117)]","[UUID('42ca87ed-9da0-4d1e-9dc9-8c5dd093fa8f'), UUID('42ca87ed-9da0-4d1e-9dc9-8c5dd093fa8f')]","(np.int64(0), np.int64(7))",6,"Vector(-0.751, 0.660)","Vector(-6.022, 1.942)",direct,,42ca87ed-9da0-4d1e-9dc9-8c5dd093fa8f,7.1080000000000005,"Vector(1.000, 0.000)",-160.22062032185397,"Vector(6.022, 5.058)",6.327671763452968,7.097,75.537,7.116,0.002
864,"[np.float64(65.95091034738654), np.float64(65.95992067621162)]","[np.float64(7.117), np.float64(7.118)]","[UUID('19e93cf9-1067-4eef-b985-9cebe925a4af'), UUID('19e93cf9-1067-4eef-b985-9cebe925a4af')]","(np.float64(0.0), np.float64(6.6301))",6,"Vector(-0.751, 0.660)","Vector(-6.020, 1.570)",echo,wall_obstacle_12,19e93cf9-1067-4eef-b985-9cebe925a4af,7.1080000000000005,"Vector(0.000, 1.000)",-156.9657481366006,"Vector(6.020, 5.060)",6.221420202051939,7.098078425655977,65.955,7.117,0.002
865,"[np.float64(66.39102397564768), np.float64(66.39391434896885)]","[np.float64(7.117), np.float64(7.118)]","[UUID('c4d07aef-0ee7-4dbe-a90b-802e5d1894af'), UUID('c4d07aef-0ee7-4dbe-a90b-802e5d1894af')]","(np.int64(6), np.int64(10))",32,"Vector(-0.751, 0.660)","Vector(-0.020, 4.940)",direct,,c4d07aef-0ee7-4dbe-a90b-802e5d1894af,7.1080000000000005,"Vector(0.000, -1.000)",127.88613450565623,"Vector(6.020, 5.060)",4.940300362174349,7.102,66.392,7.117,0.002
866,"[np.float64(76.05740718370654), np.float64(76.0597522518758)]","[np.float64(7.12), np.float64(7.121)]","[UUID('63039b1b-0dcd-442d-a280-46e1396e610d'), UUID('63039b1b-0dcd-442d-a280-46e1396e610d')]","(np.int64(0), np.int64(4))",3,"Vector(-0.751, 0.660)","Vector(-6.013, -1.066)",direct,,63039b1b-0dcd-442d-a280-46e1396e610d,7.1080000000000005,"Vector(1.000, 0.000)",-132.29569656636266,"Vector(6.013, 5.066)",6.106921370936422,7.102,76.059,7.12,0.002
867,[np.float64(68.27985632215756)],[np.float64(7.121)],[UUID('3c210f44-708d-406c-af45-e8a42b020883')],"(np.float64(0.0), np.float64(4.0799))",3,"Vector(-0.751, 0.660)","Vector(-6.013, -0.986)",echo,wall_obstacle_7,3c210f44-708d-406c-af45-e8a42b020883,7.1080000000000005,"Vector(0.000, -1.000)",-133.03547283345455,"Vector(6.013, 5.066)",6.093486438550594,7.102232944606414,68.28,7.121,0.001
868,"[np.float64(73.7949186939486), np.float64(73.79929872986911)]","[np.float64(7.173), np.float64(7.174)]","[UUID('6e29f20e-7037-42ad-9d6c-87cf325200d2'), UUID('6e29f20e-7037-42ad-9d6c-87cf325200d2')]","(np.int64(0), np.int64(9))",8,"Vector(-0.751, 0.660)","Vector(-5.894, 3.829)",direct,,6e29f20e-7037-42ad-9d6c-87cf325200d2,7.165,"Vector(1.000, 0.000)",-175.35771595385654,"Vector(5.894, 5.171)",7.028729155779159,7.152,73.797,7.173,0.002
869,"[np.float64(75.9383556630284), np.float64(75.9426900976413)]","[np.float64(7.2090000000000005), np.float64(7.21)]","[UUID('ef4de68a-0d9f-4314-aeba-2c32d32899ef'), UUID('ef4de68a-0d9f-4314-aeba-2c32d32899ef')]","(np.int64(0), np.int64(7))",6,"Vector(-0.751, 0.660)","Vector(-5.813, 1.758)",direct,,ef4de68a-0d9f-4314-aeba-2c32d32899ef,7.207,"Vector(1.000, 0.000)",-159.17311615095957,"Vector(5.813, 5.242)",6.073017028701632,7.191,75.941,7.209,0.002
870,"[np.float64(66.79032230351447), np.float64(66.79936208428062)]","[np.float64(7.21), np.float64(7.211)]","[UUID('e6604ab6-4c51-4ea6-9960-1a44688c7924'), UUID('e6604ab6-4c51-4ea6-9960-1a44688c7924')]","(np.float64(0.0), np.float64(6.6301))",6,"Vector(-0.751, 0.660)","Vector(-5.811, 1.386)",echo,wall_obstacle_12,e6604ab6-4c51-4ea6-9960-1a44688c7924,7.207,"Vector(0.000, 1.000)",-155.76330278451326,"Vector(5.811, 5.244)",5.973782119126877,7.192078425655977,66.795,7.21,0.002
871,"[np.float64(66.66126140176429), np.float64(66.66405395932172)]","[np.float64(7.212), np.float64(7.213)]","[UUID('62d1d7f7-5be3-4736-a0fa-7445bfcf78a9'), UUID('62d1d7f7-5be3-4736-a0fa-7445bfcf78a9')]","(np.int64(6), np.int64(10))",32,"Vector(-0.751, 0.660)","Vector(0.194, 4.752)",direct,,62d1d7f7-5be3-4736-a0fa-7445bfcf78a9,7.207,"Vector(0.000, -1.000)",125.31945872622407,"Vector(5.806, 5.248)",4.7561092664067335,7.198,66.663,7.212,0.002
872,"[np.float64(66.00137082865838), np.float64(66.00611346653626)]","[np.float64(7.265000000000001), np.float64(7.266)]","[UUID('8aa535c3-7392-459d-bef6-f4db93005f8a'), UUID('8aa535c3-7392-459d-bef6-f4db93005f8a')]","(np.int64(4), np.int64(10))",30,"Vector(-0.751, 0.660)","Vector(-1.687, 4.647)",direct,,8aa535c3-7392-459d-bef6-f4db93005f8a,7.259,"Vector(0.000, -1.000)",147.60574383233586,"Vector(5.687, 5.353)",4.943937854514354,7.25,66.004,7.265,0.002
873,"[np.float64(61.85759138969129), np.float64(61.862027755568604)]","[np.float64(7.2700000000000005), np.float64(7.271)]","[UUID('79ad096f-1e42-4def-98ca-a50085a07d5d'), UUID('79ad096f-1e42-4def-98ca-a50085a07d5d')]","(np.int64(1), np.int64(10))",27,"Vector(-0.751, 0.660)","Vector(-4.676, 4.637)",direct,,79ad096f-1e42-4def-98ca-a50085a07d5d,7.259,"Vector(0.000, -1.000)",172.89077272054817,"Vector(5.676, 5.363)",6.585369716333321,7.25,61.86,7.27,0.002
874,[np.float64(74.23026153382908)],[np.float64(7.272)],[UUID('0f6a91f8-6cc0-4fc6-a25d-9b8b999199f2')],"(np.int64(0), np.int64(9))",8,"Vector(-0.751, 0.660)","Vector(-5.673, 3.635)",direct,,0f6a91f8-6cc0-4fc6-a25d-9b8b999199f2,7.259,"Vector(1.000, 0.000)",-174.99564753246068,"Vector(5.673, 5.365)",6.7382459703174975,7.252,74.23,7.272,0.001
875,[np.float64(75.35832260619371)],[np.float64(7.272)],[UUID('8280dec0-a601-40f9-8e91-16d7acadde9c')],"(np.int64(0), np.int64(8))",7,"Vector(-0.751, 0.660)","Vector(-5.673, 2.635)",direct,,8280dec0-a601-40f9-8e91-16d7acadde9c,7.259,"Vector(1.000, 0.000)",-167.2604487263368,"Vector(5.673, 5.365)",6.255659737909344,7.253,75.358,7.272,0.001
876,"[np.float64(63.903237780221424), np.float64(63.901342402142774)]","[np.float64(7.317), np.float64(7.3180000000000005)]","[UUID('a4d0cc34-7ac7-42d8-bfd0-a2be1280be96'), UUID('a4d0cc34-7ac7-42d8-bfd0-a2be1280be96')]","(np.int64(9), np.int64(10))",35,"Vector(-0.751, 0.660)","Vector(3.430, 4.544)",direct,,a4d0cc34-7ac7-42d8-bfd0-a2be1280be96,7.314,"Vector(0.000, -1.000)",90.60884291609841,"Vector(5.570, 5.456)",5.693452796721862,7.3,63.902,7.317,0.002
877,[np.float64(66.94712308096402)],[np.float64(7.317)],[UUID('9be67ec9-9c25-4e60-b1f4-e0ccb2b46cdc')],"(np.int64(6), np.int64(10))",32,"Vector(-0.751, 0.660)","Vector(0.428, 4.546)",direct,,9be67ec9-9c25-4e60-b1f4-e0ccb2b46cdc,7.314,"Vector(0.000, -1.000)",122.27909062262972,"Vector(5.572, 5.454)",4.566321699792953,7.3020000000000005,66.947,7.317,0.001
878,"[np.float64(76.47383167142947), np.float64(76.4756119667899)]","[np.float64(7.321), np.float64(7.322)]","[UUID('ac12abbc-db0a-415d-9768-7a4e5bda9bdd'), UUID('ac12abbc-db0a-415d-9768-7a4e5bda9bdd')]","(np.int64(0), np.int64(4))",3,"Vector(-0.751, 0.660)","Vector(-5.561, -1.464)",direct,,ac12abbc-db0a-415d-9768-7a4e5bda9bdd,7.314,"Vector(1.000, 0.000)",-127.59952945699118,"Vector(5.561, 5.464)",5.750364156859981,7.304,76.475,7.321,0.002
879,"[np.float64(68.66532143863402), np.float64(68.66715041765964)]","[np.float64(7.321), np.float64(7.322)]","[UUID('70dbe5b5-d746-4594-99ee-64d255399fa7'), UUID('70dbe5b5-d746-4594-99ee-64d255399fa7')]","(np.float64(0.0), np.float64(4.0799))",3,"Vector(-0.751, 0.660)","Vector(-5.561, -1.384)",echo,wall_obstacle_7,70dbe5b5-d746-4594-99ee-64d255399fa7,7.314,"Vector(0.000, -1.000)",-128.37210619942158,"Vector(5.561, 5.464)",5.730547886415399,7.304232944606414,68.666,7.321,0.002
880,"[np.float64(65.9624898967481), np.float64(65.96864415994797)]","[np.float64(7.323), np.float64(7.324)]","[UUID('a7ae6c2d-1a82-4e74-bb7d-369fab28e8b7'), UUID('a7ae6c2d-1a82-4e74-bb7d-369fab28e8b7')]","(np.float64(0.0), np.float64(3.5701))",3,"Vector(-0.751, 0.660)","Vector(-5.556, -1.898)",echo,wall_obstacle_6,a7ae6c2d-1a82-4e74-bb7d-369fab28e8b7,7.314,"Vector(0.000, 1.000)",-123.49056871686861,"Vector(5.556, 5.468)",5.871536511961754,7.30525335276968,65.966,7.323,0.002
881,"[np.float64(66.5055609987848), np.float64(66.51051742366285)]","[np.float64(7.369), np.float64(7.37)]","[UUID('ec0fd6b0-3bc5-496e-9e7b-57da41fc4c3b'), UUID('ec0fd6b0-3bc5-496e-9e7b-57da41fc4c3b')]","(np.int64(4), np.int64(10))",30,"Vector(-0.751, 0.660)","Vector(-1.453, 4.441)",direct,,ec0fd6b0-3bc5-496e-9e7b-57da41fc4c3b,7.3660000000000005,"Vector(0.000, -1.000)",145.770022649088,"Vector(5.453, 5.559)",4.672929221687399,7.355,66.508,7.369,0.002
882,"[np.float64(75.8111099909538), np.float64(75.81566674909281)]","[np.float64(7.372), np.float64(7.373)]","[UUID('80c8e88e-96ee-419c-b8fa-27d86f204dd6'), UUID('80c8e88e-96ee-419c-b8fa-27d86f204dd6')]","(np.int64(0), np.int64(8))",7,"Vector(-0.751, 0.660)","Vector(-5.446, 2.435)",direct,,80c8e88e-96ee-419c-b8fa-27d86f204dd6,7.3660000000000005,"Vector(1.000, 0.000)",-166.43800212019414,"Vector(5.446, 5.565)",5.965927473410987,7.354,75.813,7.372,0.002
883,"[np.float64(76.48895400199171), np.float64(76.4879781035643)]","[np.float64(7.3740000000000006), np.float64(7.375)]","[UUID('3b1cb036-87c1-411b-82f7-12abb87db308'), UUID('3b1cb036-87c1-411b-82f7-12abb87db308')]","(np.int64(4), np.int64(0))",12,"Vector(-0.751, 0.660)","Vector(-1.442, -5.569)",direct,,3b1cb036-87c1-411b-82f7-12abb87db308,7.3660000000000005,"Vector(0.000, 1.000)",-66.86072781444486,"Vector(5.442, 5.569)",5.752205013592614,7.357,76.488,7.374,0.002
884,"[np.float64(68.68008893065706), np.float64(68.6790710419322)]","[np.float64(7.3740000000000006), np.float64(7.375)]","[UUID('a649a888-18e1-4258-8c1d-111dde19e339'), UUID('a649a888-18e1-4258-8c1d-111dde19e339')]","(np.float64(4.0799), np.float64(0.0))",12,"Vector(-0.751, 0.660)","Vector(-1.362, -5.569)",echo,wall_obstacle_52,a649a888-18e1-4258-8c1d-111dde19e339,7.3660000000000005,"Vector(-1.000, 0.000)",-66.08762906088067,"Vector(5.442, 5.569)",5.73270090554182,7.357232944606414,68.68,7.374,0.002
885,"[np.float64(60.114011754706134), np.float64(60.12797155216455)]","[np.float64(7.375), np.float64(7.376)]","[UUID('df2cb8c7-af00-4160-a667-b8fad4986ff6'), UUID('df2cb8c7-af00-4160-a667-b8fad4986ff6')]","(np.float64(5.10002), np.float64(6.9999))",0,"Vector(-0.751, 0.660)","Vector(-0.339, 1.429)",echo,wall_obstacle_35,df2cb8c7-af00-4160-a667-b8fad4986ff6,7.3660000000000005,"Vector(0.242, -0.970)",141.0142353655242,"Vector(5.439, 5.571)",1.4690752073668658,7.3703546317889295,60.121,7.375,0.002
886,"[np.float64(65.93315723981496), np.float64(65.9278018454156)]","[np.float64(7.376), np.float64(7.377)]","[UUID('d262223a-8ee2-413f-854c-06a4985089d8'), UUID('d262223a-8ee2-413f-854c-06a4985089d8')]","(np.float64(3.5701), np.float64(0.0))",12,"Vector(-0.751, 0.660)","Vector(-1.867, -5.573)",echo,wall_obstacle_51,d262223a-8ee2-413f-854c-06a4985089d8,7.3660000000000005,"Vector(1.000, 0.000)",-70.86920816761372,"Vector(5.437, 5.573)",5.87703684249129,7.35825335276968,65.93,7.376,0.002
887,"[np.float64(60.372770575070454), np.float64(60.38718279504713)]","[np.float64(7.376), np.float64(7.377)]","[UUID('5921c079-13b5-4a49-8e1e-8faec9567858'), UUID('5921c079-13b5-4a49-8e1e-8faec9567858')]","(np.float64(4.59005), np.float64(6.99991))",0,"Vector(-0.751, 0.660)","Vector(-0.847, 1.427)",echo,wall_obstacle_34,5921c079-13b5-4a49-8e1e-8faec9567858,7.3660000000000005,"Vector(0.516, -0.857)",158.34478150506507,"Vector(5.437, 5.573)",1.659826807651931,7.3709306681016376,60.38,7.376,0.002
888,[np.float64(76.63197196760011)],[np.float64(7.418)],[UUID('0ce14e4c-478c-4d9b-bf47-e6197616d8fe')],"(np.int64(0), np.int64(4))",3,"Vector(-0.751, 0.660)","Vector(-5.345, -1.654)",direct,,0ce14e4c-478c-4d9b-bf47-e6197616d8fe,7.415,"Vector(1.000, 0.000)",-125.15334192431709,"Vector(5.345, 5.654)",5.594958470668035,7.4,76.632,7.418,0.001
889,[np.float64(68.83724663791054)],[np.float64(7.418)],[UUID('2e62550b-84a9-4999-81a1-7aa91905a026')],"(np.float64(0.0), np.float64(4.0799))",3,"Vector(-0.751, 0.660)","Vector(-5.345, -1.574)",echo,wall_obstacle_7,2e62550b-84a9-4999-81a1-7aa91905a026,7.415,"Vector(0.000, -1.000)",-125.93827175832114,"Vector(5.345, 5.654)",5.571864736917076,7.400232944606414,68.837,7.418,0.001
890,"[np.float64(66.53273325102656), np.float64(66.53857411211577)]","[np.float64(7.418), np.float64(7.4190000000000005)]","[UUID('6cf10680-f9dc-44e1-a5b7-06120e54b9cf'), UUID('6cf10680-f9dc-44e1-a5b7-06120e54b9cf')]","(np.float64(0.0), np.float64(3.5701))",3,"Vector(-0.751, 0.660)","Vector(-5.343, -2.086)",echo,wall_obstacle_6,6cf10680-f9dc-44e1-a5b7-06120e54b9cf,7.415,"Vector(0.000, 1.000)",-121.02145265046757,"Vector(5.343, 5.656)",5.73536989066965,7.40125335276968,66.536,7.418,0.002
891,"[np.float64(61.179498129029085), np.float64(61.19401276172038)]","[np.float64(7.423), np.float64(7.424)]","[UUID('3cbca65b-15cd-4f18-b465-d3fca1a545c8'), UUID('3cbca65b-15cd-4f18-b465-d3fca1a545c8')]","(np.float64(5.10002), np.float64(6.9999))",0,"Vector(-0.751, 0.660)","Vector(-0.231, 1.334)",echo,wall_obstacle_35,3cbca65b-15cd-4f18-b465-d3fca1a545c8,7.415,"Vector(0.183, -0.983)",137.49538019911972,"Vector(5.331, 5.666)",1.354205383573703,7.419009702827851,61.187,7.423,0.002
892,"[np.float64(73.35878648144312), np.float64(73.360701628804)]","[np.float64(7.424), np.float64(7.425)]","[UUID('26eadc4f-84f0-466a-8ac2-c634262605a2'), UUID('26eadc4f-84f0-466a-8ac2-c634262605a2')]","(np.int64(1), np.int64(0))",9,"Vector(-0.751, 0.660)","Vector(-4.329, -5.668)",direct,,26eadc4f-84f0-466a-8ac2-c634262605a2,7.415,"Vector(0.000, 1.000)",-89.72002275084807,"Vector(5.329, 5.668)",7.1318886396521926,7.4030000000000005,73.36,7.424,0.002
893,"[np.float64(77.66655474253969), np.float64(77.66860450898417)]","[np.float64(7.424), np.float64(7.425)]","[UUID('0de7f210-d430-4291-84a8-0748428b8bec'), UUID('0de7f210-d430-4291-84a8-0748428b8bec')]","(np.float64(1.0199), np.float64(0.0))",9,"Vector(-0.751, 0.660)","Vector(-4.309, -5.668)",echo,wall_obstacle_46,0de7f210-d430-4291-84a8-0748428b8bec,7.415,"Vector(-1.000, 0.000)",-89.5927600028099,"Vector(5.329, 5.668)",7.1198264460870115,7.403058017492712,77.668,7.424,0.002
894,"[np.float64(61.730101506162256), np.float64(61.74569734660583)]","[np.float64(7.424), np.float64(7.425)]","[UUID('ada6c43a-29cf-47fe-b33d-888f18810a57'), UUID('ada6c43a-29cf-47fe-b33d-888f18810a57')]","(np.float64(4.59005), np.float64(6.99991))",0,"Vector(-0.751, 0.660)","Vector(-0.739, 1.332)",echo,wall_obstacle_34,ada6c43a-29cf-47fe-b33d-888f18810a57,7.415,"Vector(0.491, -0.871)",156.6761875530915,"Vector(5.329, 5.668)",1.5236214178725633,7.41952444191962,61.738,7.424,0.002
895,"[np.float64(60.52102613168166), np.float64(60.5347737053406)]","[np.float64(7.426), np.float64(7.4270000000000005)]","[UUID('1e24a979-641f-4fd1-863c-cffa2100972f'), UUID('1e24a979-641f-4fd1-863c-cffa2100972f')]","(np.float64(4.08007), np.float64(6.99993))",0,"Vector(-0.751, 0.660)","Vector(-1.245, 1.328)",echo,wall_obstacle_33,1e24a979-641f-4fd1-863c-cffa2100972f,7.415,"Vector(0.685, -0.728)",170.79091718893574,"Vector(5.325, 5.672)",1.8203627329189092,7.420411560357479,60.528,7.426,0.002
896,"[np.float64(60.99759896207004), np.float64(60.994954971347525)]","[np.float64(7.4270000000000005), np.float64(7.428)]","[UUID('d76bf11a-34d4-4f7c-8638-7333e7ff936c'), UUID('d76bf11a-34d4-4f7c-8638-7333e7ff936c')]","(np.float64(0.5101), np.float64(0.0))",9,"Vector(-0.751, 0.660)","Vector(-4.812, -5.674)",echo,wall_obstacle_45,d76bf11a-34d4-4f7c-8638-7333e7ff936c,7.415,"Vector(1.000, 0.000)",-92.65051143459634,"Vector(5.322, 5.674)",7.439621035274579,7.4044282798833825,60.996,7.427,0.002
897,"[np.float64(77.33452247030692), np.float64(77.33707064634177)]","[np.float64(7.479), np.float64(7.48)]","[UUID('4ba60305-4080-422a-8a78-9515d8819c09'), UUID('4ba60305-4080-422a-8a78-9515d8819c09')]","(np.int64(0), np.int64(5))",4,"Vector(-0.751, 0.660)","Vector(-5.205, -0.776)",direct,,4ba60305-4080-422a-8a78-9515d8819c09,7.4750000000000005,"Vector(1.000, 0.000)",-133.8612194668697,"Vector(5.205, 5.777)",5.263066612812344,7.463,77.336,7.479,0.002
898,"[np.float64(67.5688149853433), np.float64(67.57173880590116)]","[np.float64(7.479), np.float64(7.48)]","[UUID('8c967dce-163b-48ba-8d5a-cb6aaa4b7a02'), UUID('8c967dce-163b-48ba-8d5a-cb6aaa4b7a02')]","(np.float64(0.0), np.float64(5.0999))",4,"Vector(-0.751, 0.660)","Vector(-5.205, -0.677)",echo,wall_obstacle_9,8c967dce-163b-48ba-8d5a-cb6aaa4b7a02,7.4750000000000005,"Vector(0.000, -1.000)",-134.93976122355744,"Vector(5.205, 5.777)",5.249257612358152,7.463291253644315,67.57,7.479,0.002
899,"[np.float64(68.1342920013316), np.float64(68.14121953680494)]","[np.float64(7.48), np.float64(7.481)]","[UUID('873e3ead-aa98-4c07-8c93-c83a5833952d'), UUID('873e3ead-aa98-4c07-8c93-c83a5833952d')]","(np.float64(0.0), np.float64(4.5901))",4,"Vector(-0.751, 0.660)","Vector(-5.203, -1.188)",echo,wall_obstacle_8,873e3ead-aa98-4c07-8c93-c83a5833952d,7.4750000000000005,"Vector(0.000, 1.000)",-129.48017504217623,"Vector(5.203, 5.778)",5.337203892751335,7.464195043731778,68.138,7.48,0.002
900,"[np.float64(65.99442056167484), np.float64(65.99999812387819)]","[np.float64(7.481), np.float64(7.482)]","[UUID('f40382c1-ba8a-4693-8fda-70b111a745be'), UUID('f40382c1-ba8a-4693-8fda-70b111a745be')]","(np.int64(3), np.int64(10))",29,"Vector(-0.751, 0.660)","Vector(-2.201, 4.220)",direct,,f40382c1-ba8a-4693-8fda-70b111a745be,7.4750000000000005,"Vector(0.000, -1.000)",155.20169291437776,"Vector(5.201, 5.780)",4.759074148665894,7.4670000000000005,65.997,7.481,0.002
901,"[np.float64(60.261191906433325), np.float64(60.267451743406916)]","[np.float64(7.482), np.float64(7.4830000000000005)]","[UUID('549afbf2-c1be-4fd4-88ff-e65cf815d505'), UUID('549afbf2-c1be-4fd4-88ff-e65cf815d505')]","(np.float64(0.0), np.float64(4.0801))",4,"Vector(-0.751, 0.660)","Vector(-5.199, -1.702)",echo,wall_obstacle_7,549afbf2-c1be-4fd4-88ff-e65cf815d505,7.4750000000000005,"Vector(0.000, 1.000)",-124.21424622883755,"Vector(5.199, 5.782)",5.470342869875708,7.46568192419825,60.264,7.482,0.002
902,"[np.float64(75.70880452141675), np.float64(75.70881826246773)]","[np.float64(7.4830000000000005), np.float64(7.484)]","[UUID('38398f16-f096-41c3-86db-34967fbf2baa'), UUID('38398f16-f096-41c3-86db-34967fbf2baa')]","(np.int64(0), np.int64(3))",2,"Vector(-0.751, 0.660)","Vector(-5.196, -2.784)",direct,,38398f16-f096-41c3-86db-34967fbf2baa,7.4750000000000005,"Vector(1.000, 0.000)",-114.16176816118112,"Vector(5.196, 5.784)",5.895446988761751,7.465,75.709,7.483,0.002
903,"[np.float64(70.45980341788757), np.float64(70.46014844582902)]","[np.float64(7.4830000000000005), np.float64(7.484)]","[UUID('c33827c5-c5fc-418b-bdf6-cda82383bc8f'), UUID('c33827c5-c5fc-418b-bdf6-cda82383bc8f')]","(np.float64(0.0), np.float64(3.0599))",2,"Vector(-0.751, 0.660)","Vector(-5.196, -2.725)",echo,wall_obstacle_5,c33827c5-c5fc-418b-bdf6-cda82383bc8f,7.4750000000000005,"Vector(0.000, -1.000)",-114.67735493290843,"Vector(5.196, 5.784)",5.867393773329007,7.465174635568513,70.46,7.483,0.002
904,"[np.float64(62.486161541350135), np.float64(62.50109150120478)]","[np.float64(7.4830000000000005), np.float64(7.484)]","[UUID('fde7d960-184d-4020-9041-c4174d8be112'), UUID('fde7d960-184d-4020-9041-c4174d8be112')]","(np.float64(5.10001), np.float64(6.9999))",0,"Vector(-0.751, 0.660)","Vector(-0.096, 1.215)",echo,wall_obstacle_35,fde7d960-184d-4020-9041-c4174d8be112,7.4750000000000005,"Vector(0.094, -0.996)",132.1919894072002,"Vector(5.196, 5.784)",1.219301505781076,7.478611690842075,62.494,7.483,0.002
905,[np.float64(63.51753548283974)],[np.float64(7.484)],[UUID('d78a82eb-828f-4ddb-9284-4cfd383c8dbf')],"(np.float64(4.59005), np.float64(6.99991))",0,"Vector(-0.751, 0.660)","Vector(-0.606, 1.215)",echo,wall_obstacle_34,d78a82eb-828f-4ddb-9284-4cfd383c8dbf,7.4750000000000005,"Vector(0.453, -0.892)",154.16959229103924,"Vector(5.196, 5.784)",1.3583670919526871,7.479033208001189,63.518,7.484,0.001
906,"[np.float64(76.35976282392942), np.float64(76.35841189289351)]","[np.float64(7.485), np.float64(7.486)]","[UUID('7a7210ca-0c56-4dee-8883-aa5892855572'), UUID('7a7210ca-0c56-4dee-8883-aa5892855572')]","(np.int64(4), np.int64(0))",12,"Vector(-0.751, 0.660)","Vector(-1.192, -5.788)",direct,,7a7210ca-0c56-4dee-8883-aa5892855572,7.4750000000000005,"Vector(0.000, 1.000)",-63.981428495115665,"Vector(5.192, 5.788)",5.90983379675774,7.4670000000000005,76.359,7.485,0.002
907,"[np.float64(65.33035221824774), np.float64(65.3347542917845)]","[np.float64(7.485), np.float64(7.486)]","[UUID('e3f4b5d2-d1e3-456f-adc8-a87b3bf6e105'), UUID('e3f4b5d2-d1e3-456f-adc8-a87b3bf6e105')]","(np.float64(0.0), np.float64(2.5501))",2,"Vector(-0.751, 0.660)","Vector(-5.192, -3.238)",echo,wall_obstacle_4,e3f4b5d2-d1e3-456f-adc8-a87b3bf6e105,7.4750000000000005,"Vector(0.000, 1.000)",-110.39329697426757,"Vector(5.192, 5.788)",6.1190693605563915,7.46631166180758,65.333,7.485,0.002
908,"[np.float64(63.96631867244312), np.float64(63.96697254860144)]","[np.float64(7.485), np.float64(7.486)]","[UUID('f31a216e-10fd-4ce9-9a64-ed6513299685'), UUID('f31a216e-10fd-4ce9-9a64-ed6513299685')]","(np.int64(10), np.int64(9))",26,"Vector(-0.751, 0.660)","Vector(4.808, 3.212)",direct,,f31a216e-10fd-4ce9-9a64-ed6513299685,7.4750000000000005,"Vector(-1.000, 0.000)",71.39626569846854,"Vector(5.192, 5.788)",5.782011371944887,7.468,63.967,7.485,0.002
909,"[np.float64(64.55010552746718), np.float64(64.5555520431354)]","[np.float64(7.485), np.float64(7.486)]","[UUID('ce2ef967-8404-4ea6-84c9-6506c19ec9bb'), UUID('ce2ef967-8404-4ea6-84c9-6506c19ec9bb')]","(np.int64(2), np.int64(10))",28,"Vector(-0.751, 0.660)","Vector(-3.192, 4.212)",direct,,ce2ef967-8404-4ea6-84c9-6506c19ec9bb,7.4750000000000005,"Vector(0.000, -1.000)",164.8128723610247,"Vector(5.192, 5.788)",5.284544966721354,7.469,64.553,7.485,0.002
910,"[np.float64(62.34305774465415), np.float64(62.35831155102436)]","[np.float64(7.485), np.float64(7.486)]","[UUID('ad7d16c3-bf11-4c6d-931e-77f735ba3c35'), UUID('ad7d16c3-bf11-4c6d-931e-77f735ba3c35')]","(np.float64(4.08007), np.float64(6.99993))",0,"Vector(-0.751, 0.660)","Vector(-1.112, 1.212)",echo,wall_obstacle_33,ad7d16c3-bf11-4c6d-931e-77f735ba3c35,7.4750000000000005,"Vector(0.678, -0.735)",170.1986865868099,"Vector(5.192, 5.788)",1.6444375976302659,7.4798898622086405,62.351,7.485,0.002
911,"[np.float64(65.32150451172257), np.float64(65.31574325896302)]","[np.float64(7.486), np.float64(7.487)]","[UUID('8cca9a4d-7a1a-4fb8-af4b-5e392f18e889'), UUID('8cca9a4d-7a1a-4fb8-af4b-5e392f18e889')]","(np.float64(3.5701), np.float64(0.0))",12,"Vector(-0.751, 0.660)","Vector(-1.620, -5.790)",echo,wall_obstacle_51,8cca9a4d-7a1a-4fb8-af4b-5e392f18e889,7.4750000000000005,"Vector(1.000, 0.000)",-67.97229366188061,"Vector(5.190, 5.790)",6.012606579013797,7.46825335276968,65.319,7.486,0.002
912,"[np.float64(60.06102455120383), np.float64(60.0734027455816)]","[np.float64(7.487), np.float64(7.488)]","[UUID('e9f0b0e9-72f7-4b64-8d9b-1a5fd26afd19'), UUID('e9f0b0e9-72f7-4b64-8d9b-1a5fd26afd19')]","(np.float64(3.57008), np.float64(6.99994))",0,"Vector(-0.751, 0.660)","Vector(-1.617, 1.208)",echo,wall_obstacle_32,e9f0b0e9-72f7-4b64-8d9b-1a5fd26afd19,7.4750000000000005,"Vector(0.800, -0.599)",-179.09177722754106,"Vector(5.187, 5.792)",2.0184766959516773,7.480998007050575,60.067,7.487,0.002
913,"[np.float64(60.69726223337345), np.float64(60.69359312208704)]","[np.float64(7.5280000000000005), np.float64(7.529)]","[UUID('aba67205-3ced-4475-920a-bbff81e15039'), UUID('aba67205-3ced-4475-920a-bbff81e15039')]","(np.float64(0.5101), np.float64(0.0))",9,"Vector(-0.675, 0.737)","Vector(-4.590, -5.879)",echo,wall_obstacle_45,aba67205-3ced-4475-920a-bbff81e15039,7.524,"Vector(1.000, 0.000)",-90.32732769194892,"Vector(5.100, 5.879)",7.458776612213293,7.5054282798833825,60.695,7.528,0.002
914,"[np.float64(64.35827588995349), np.float64(64.37534006660123)]","[np.float64(7.531000000000001), np.float64(7.532)]","[UUID('c4c26928-e3a7-44cb-986d-ae555e913797'), UUID('c4c26928-e3a7-44cb-986d-ae555e913797')]","(np.float64(5.1), np.float64(6.9999))",0,"Vector(-0.675, 0.737)","Vector(0.006, 1.114)",echo,wall_obstacle_35,c4c26928-e3a7-44cb-986d-ae555e913797,7.524,"Vector(0.009, -1.000)",127.35782504318638,"Vector(5.094, 5.886)",1.1142349399027118,7.527300141173082,64.367,7.531,0.002
915,"[np.float64(65.87522745621825), np.float64(65.89520420281832)]","[np.float64(7.532), np.float64(7.533)]","[UUID('071659da-35d4-4a34-80a8-75271817bb84'), UUID('071659da-35d4-4a34-80a8-75271817bb84')]","(np.float64(4.59004), np.float64(6.99991))",0,"Vector(-0.675, 0.737)","Vector(-0.502, 1.112)",echo,wall_obstacle_34,071659da-35d4-4a34-80a8-75271817bb84,7.524,"Vector(0.418, -0.909)",151.9572561599092,"Vector(5.092, 5.888)",1.2201447233832552,7.5276321284678005,65.885,7.532,0.002
916,"[np.float64(60.37096713099815), np.float64(60.37924364189969)]","[np.float64(7.532), np.float64(7.533)]","[UUID('d52d54ea-9e29-478f-8eac-b29cd52bc256'), UUID('d52d54ea-9e29-478f-8eac-b29cd52bc256')]","(np.float64(5.60996), np.float64(6.99991))",0,"Vector(-0.675, 0.737)","Vector(0.518, 1.112)",echo,wall_obstacle_36,d52d54ea-9e29-478f-8eac-b29cd52bc256,7.524,"Vector(-0.404, -0.915)",102.68769460670717,"Vector(5.092, 5.888)",1.2266474220410688,7.527607052070749,60.375,7.532,0.002
917,"[np.float64(64.73284492915923), np.float64(64.74977511585813)]","[np.float64(7.533), np.float64(7.534)]","[UUID('50a413ae-3c8a-4d52-8aa6-1b59de728f17'), UUID('50a413ae-3c8a-4d52-8aa6-1b59de728f17')]","(np.float64(4.08007), np.float64(6.99993))",0,"Vector(-0.675, 0.737)","Vector(-1.010, 1.110)",echo,wall_obstacle_33,50a413ae-3c8a-4d52-8aa6-1b59de728f17,7.524,"Vector(0.673, -0.739)",169.96109199532987,"Vector(5.090, 5.890)",1.5006747278807624,7.528462631927772,64.741,7.533,0.002
918,"[np.float64(66.5327577798256), np.float64(66.53385310803723)]","[np.float64(7.534), np.float64(7.535)]","[UUID('9b15c0d7-0649-49f1-926d-d50ce74d400a'), UUID('9b15c0d7-0649-49f1-926d-d50ce74d400a')]","(np.int64(7), np.int64(10))",33,"Vector(-0.675, 0.737)","Vector(1.912, 4.108)",direct,,9b15c0d7-0649-49f1-926d-d50ce74d400a,7.524,"Vector(0.000, -1.000)",102.69564319831852,"Vector(5.088, 5.892)",4.5308195501145265,7.5200000000000005,66.533,7.534,0.002
919,[np.float64(60.50377607836878)],[np.float64(7.534)],[UUID('1998e2a7-c73f-4b57-b795-0cdcc816c10c')],"(np.float64(5.61004), np.float64(7.00009))",33,"Vector(-0.675, 0.737)","Vector(0.520, 1.110)",echo,wall_obstacle_36,1998e2a7-c73f-4b57-b795-0cdcc816c10c,7.524,"Vector(0.420, 0.907)",102.55822514035219,"Vector(5.090, 5.890)",1.2257008676671481,7.529639283260288,60.504,7.534,0.001
920,[np.float64(60.6692567829241)],[np.float64(7.534)],[UUID('e7a47807-0c09-4539-9640-0dc97afcde54')],"(np.float64(5.10005), np.float64(7.00008))",33,"Vector(-0.675, 0.737)","Vector(0.010, 1.110)",echo,wall_obstacle_35,e7a47807-0c09-4539-9640-0dc97afcde54,7.524,"Vector(0.535, 0.845)",127.14454941190183,"Vector(5.090, 5.890)",1.1100239703718113,7.530352658433769,60.669,7.534,0.001
921,"[np.float64(62.27181525095057), np.float64(62.28495386870809)]","[np.float64(7.5360000000000005), np.float64(7.537)]","[UUID('868df28f-de4d-45f3-8155-e2b60826866c'), UUID('868df28f-de4d-45f3-8155-e2b60826866c')]","(np.float64(3.57008), np.float64(6.99994))",0,"Vector(-0.675, 0.737)","Vector(-1.514, 1.103)",echo,wall_obstacle_32,868df28f-de4d-45f3-8155-e2b60826866c,7.524,"Vector(0.806, -0.592)",-178.42526103430976,"Vector(5.084, 5.897)",1.8733041141523177,7.529573082486905,62.278,7.536,0.002
922,[np.float64(60.3798396074358)],[np.float64(7.634)],[UUID('39469999-3287-47d1-8669-7515e91a7c56')],"(np.float64(0.5101), np.float64(0.0))",9,"Vector(-0.854, 0.520)","Vector(-4.349, -6.080)",echo,wall_obstacle_45,39469999-3287-47d1-8669-7515e91a7c56,7.631,"Vector(1.000, 0.000)",-87.92304058872544,"Vector(4.859, 6.080)",7.474949340945395,7.610428279883382,60.38,7.634,0.001
923,"[np.float64(67.44710447352782), np.float64(67.46657646633182)]","[np.float64(7.6370000000000005), np.float64(7.638)]","[UUID('b1b8f4a7-f588-4741-a932-bb3cbefac9d9'), UUID('b1b8f4a7-f588-4741-a932-bb3cbefac9d9')]","(np.float64(4.59003), np.float64(6.9999))",0,"Vector(-0.854, 0.520)","Vector(-0.259, 0.914)",echo,wall_obstacle_34,b1b8f4a7-f588-4741-a932-bb3cbefac9d9,7.631,"Vector(0.287, -0.958)",143.46232077527873,"Vector(4.849, 6.086)",0.9499980152610847,7.633814845665454,67.457,7.637,0.002
924,"[np.float64(64.19206345695727), np.float64(64.19907752615454)]","[np.float64(7.6370000000000005), np.float64(7.638)]","[UUID('3771725f-93e5-408c-a3f2-e06ab5981842'), UUID('3771725f-93e5-408c-a3f2-e06ab5981842')]","(np.float64(5.09998), np.float64(6.9999))",0,"Vector(-0.854, 0.520)","Vector(0.251, 0.914)",echo,wall_obstacle_35,3771725f-93e5-408c-a3f2-e06ab5981842,7.631,"Vector(-0.244, -0.970)",112.29047269702403,"Vector(4.849, 6.086)",0.9479479471468886,7.633781175157019,64.196,7.637,0.002
925,"[np.float64(66.78979268734739), np.float64(66.80998776431683)]","[np.float64(7.639), np.float64(7.640000000000001)]","[UUID('bac20f63-719d-436c-b291-752cd2904d61'), UUID('bac20f63-719d-436c-b291-752cd2904d61')]","(np.float64(4.08006), np.float64(6.99992))",0,"Vector(-0.854, 0.520)","Vector(-0.764, 0.911)",echo,wall_obstacle_33,bac20f63-719d-436c-b291-752cd2904d61,7.631,"Vector(0.648, -0.762)",167.62666699769375,"Vector(4.844, 6.089)",1.1887019771582783,7.634540214547847,66.8,7.639,0.002
926,"[np.float64(63.91842665253163), np.float64(63.93461096415881)]","[np.float64(7.641), np.float64(7.642)]","[UUID('77b47524-d76d-4745-8293-6613d43ff5dd'), UUID('77b47524-d76d-4745-8293-6613d43ff5dd')]","(np.float64(3.57008), np.float64(6.99994))",0,"Vector(-0.854, 0.520)","Vector(-1.268, 0.908)",echo,wall_obstacle_32,77b47524-d76d-4745-8293-6613d43ff5dd,7.631,"Vector(0.814, -0.581)",-177.93690534524106,"Vector(4.839, 6.092)",1.5599103137360173,7.635643727949697,63.927,7.641,0.002
927,"[np.float64(60.54399404427786), np.float64(60.55664078200254)]","[np.float64(7.643), np.float64(7.644)]","[UUID('62121aed-ce63-4f30-8d7b-ed4bd5c6f383'), UUID('62121aed-ce63-4f30-8d7b-ed4bd5c6f383')]","(np.float64(3.06009), np.float64(6.99995))",0,"Vector(-0.854, 0.520)","Vector(-1.773, 0.905)",echo,wall_obstacle_31,62121aed-ce63-4f30-8d7b-ed4bd5c6f383,7.631,"Vector(0.890, -0.456)",-169.37580265804866,"Vector(4.833, 6.095)",1.9908369633146759,7.636917493525878,60.55,7.643,0.002
928,[np.float64(75.92860844586063)],[np.float64(7.644)],[UUID('bc16695b-3d7d-4d99-829e-ff023017bb92')],"(np.int64(0), np.int64(9))",8,"Vector(-0.854, 0.520)","Vector(-4.833, 2.905)",direct,,bc16695b-3d7d-4d99-829e-ff023017bb92,7.631,"Vector(1.000, 0.000)",-173.35047185447218,"Vector(4.833, 6.095)",5.639171633112437,7.627,75.929,7.644,0.001
929,"[np.float64(73.95291391428324), np.float64(73.95639595261797)]","[np.float64(7.73), np.float64(7.731)]","[UUID('1dd75da1-851b-4bf0-9473-67a49ce9c222'), UUID('1dd75da1-851b-4bf0-9473-67a49ce9c222')]","(np.int64(1), np.int64(0))",9,"Vector(-0.957, 0.291)","Vector(-3.595, -6.200)",direct,,1dd75da1-851b-4bf0-9473-67a49ce9c222,7.728,"Vector(0.000, 1.000)",-82.45352105122375,"Vector(4.595, 6.200)",7.167202113384274,7.7090000000000005,73.955,7.73,0.002
930,"[np.float64(78.38776524431782), np.float64(78.39191678546841)]","[np.float64(7.73), np.float64(7.731)]","[UUID('0413099b-20d5-4d97-a969-668566a4f613'), UUID('0413099b-20d5-4d97-a969-668566a4f613')]","(np.float64(1.0199), np.float64(0.0))",9,"Vector(-0.957, 0.291)","Vector(-3.575, -6.200)",echo,wall_obstacle_46,0413099b-20d5-4d97-a969-668566a4f613,7.728,"Vector(-1.000, 0.000)",-82.31570897539444,"Vector(4.595, 6.200)",7.157240334381681,7.709058017492712,78.39,7.73,0.002
931,"[np.float64(60.22627002975814), np.float64(60.22546500913851)]","[np.float64(7.7330000000000005), np.float64(7.734)]","[UUID('fed707d2-0064-4e59-92d8-16c1e5330c6e'), UUID('fed707d2-0064-4e59-92d8-16c1e5330c6e')]","(np.float64(0.5101), np.float64(0.0))",9,"Vector(-0.957, 0.291)","Vector(-4.077, -6.203)",echo,wall_obstacle_45,fed707d2-0064-4e59-92d8-16c1e5330c6e,7.728,"Vector(1.000, 0.000)",-85.65901194814599,"Vector(4.587, 6.203)",7.422503754158701,7.7104282798833825,60.226,7.733,0.002
932,"[np.float64(67.16218817729047), np.float64(67.17044789624074)]","[np.float64(7.7330000000000005), np.float64(7.734)]","[UUID('90b9423d-1b0e-43fd-8bb0-2c3c8f381e04'), UUID('90b9423d-1b0e-43fd-8bb0-2c3c8f381e04')]","(np.float64(4.59), np.float64(6.9999))",0,"Vector(-0.957, 0.291)","Vector(0.003, 0.797)",echo,wall_obstacle_34,90b9423d-1b0e-43fd-8bb0-2c3c8f381e04,7.728,"Vector(0.017, -1.000)",127.41660082475823,"Vector(4.587, 6.203)",0.7970868726180353,7.7303394185840375,67.166,7.733,0.002
933,"[np.float64(68.21755533924754), np.float64(68.23765445335638)]","[np.float64(7.734), np.float64(7.735)]","[UUID('5e2f0458-0b5c-4b7e-87f7-44d1553fdc5b'), UUID('5e2f0458-0b5c-4b7e-87f7-44d1553fdc5b')]","(np.float64(4.08005), np.float64(6.99992))",0,"Vector(-0.957, 0.291)","Vector(-0.504, 0.796)",echo,wall_obstacle_33,5e2f0458-0b5c-4b7e-87f7-44d1553fdc5b,7.728,"Vector(0.547, -0.837)",159.9758237059924,"Vector(4.584, 6.204)",0.9422135775926814,7.730793585156936,68.228,7.734,0.002
934,"[np.float64(61.81276767415553), np.float64(61.80409758980795)]","[np.float64(7.734), np.float64(7.735)]","[UUID('3ba935d8-18e1-4068-9d92-d81f211893da'), UUID('3ba935d8-18e1-4068-9d92-d81f211893da')]","(np.float64(5.09995), np.float64(6.99991))",0,"Vector(-0.957, 0.291)","Vector(0.516, 0.796)",echo,wall_obstacle_35,3ba935d8-18e1-4068-9d92-d81f211893da,7.728,"Vector(-0.526, -0.851)",94.70219876472595,"Vector(4.584, 6.204)",0.9488711531604278,7.730750056338348,61.808,7.734,0.002
935,"[np.float64(65.43750671689287), np.float64(65.45588410374708)]","[np.float64(7.736), np.float64(7.737)]","[UUID('e84d8b74-4e11-4d0d-9050-f6654eb60f30'), UUID('e84d8b74-4e11-4d0d-9050-f6654eb60f30')]","(np.float64(3.57008), np.float64(6.99994))",0,"Vector(-0.957, 0.291)","Vector(-1.008, 0.795)",echo,wall_obstacle_32,e84d8b74-4e11-4d0d-9050-f6654eb60f30,7.728,"Vector(0.790, -0.613)",179.4091962441497,"Vector(4.578, 6.205)",1.2834758042518761,7.731815294005253,65.447,7.736,0.002
936,"[np.float64(75.7150770994004), np.float64(75.71670569911883)]","[np.float64(7.739), np.float64(7.74)]","[UUID('fd2473f5-1180-45e3-9825-ca152981da9b'), UUID('fd2473f5-1180-45e3-9825-ca152981da9b')]","(np.int64(3), np.int64(0))",11,"Vector(-0.957, 0.291)","Vector(-1.569, -6.208)",direct,,fd2473f5-1180-45e3-9825-ca152981da9b,7.728,"Vector(0.000, 1.000)",-66.53327794845748,"Vector(4.569, 6.208)",6.403358237870188,7.72,75.716,7.739,0.002
937,"[np.float64(75.79527921448965), np.float64(75.79371038564089)]","[np.float64(7.739), np.float64(7.74)]","[UUID('41302dcb-4aa0-46d5-b6ff-63b0ac51413c'), UUID('41302dcb-4aa0-46d5-b6ff-63b0ac51413c')]","(np.int64(6), np.int64(0))",14,"Vector(-0.957, 0.291)","Vector(1.431, -6.208)",direct,,41302dcb-4aa0-46d5-b6ff-63b0ac51413c,7.728,"Vector(0.000, 1.000)",-39.369209730621094,"Vector(4.569, 6.208)",6.370728115568895,7.72,75.794,7.739,0.002
938,"[np.float64(70.55667975805017), np.float64(70.55894440582892)]","[np.float64(7.739), np.float64(7.74)]","[UUID('184ed729-c171-4612-9d30-1ac962bc342a'), UUID('184ed729-c171-4612-9d30-1ac962bc342a')]","(np.float64(3.0599), np.float64(0.0))",11,"Vector(-0.957, 0.291)","Vector(-1.510, -6.208)",echo,wall_obstacle_50,184ed729-c171-4612-9d30-1ac962bc342a,7.728,"Vector(-1.000, 0.000)",-66.01247517189711,"Vector(4.569, 6.208)",6.388940618482848,7.720174635568513,70.558,7.739,0.002
939,"[np.float64(76.40018716773518), np.float64(76.40513925509902)]","[np.float64(7.739), np.float64(7.74)]","[UUID('52a542cc-18a1-4cb0-8716-2e91233d4ec5'), UUID('52a542cc-18a1-4cb0-8716-2e91233d4ec5')]","(np.int64(0), np.int64(9))",8,"Vector(-0.957, 0.291)","Vector(-4.569, 2.792)",direct,,52a542cc-18a1-4cb0-8716-2e91233d4ec5,7.728,"Vector(1.000, 0.000)",-173.7705273049254,"Vector(4.569, 6.208)",5.35491332539566,7.723,76.403,7.739,0.002
940,"[np.float64(61.67349957587214), np.float64(61.68818276606461)]","[np.float64(7.739), np.float64(7.74)]","[UUID('63fa5329-cc5c-4d78-a242-50c9d6ea0f00'), UUID('63fa5329-cc5c-4d78-a242-50c9d6ea0f00')]","(np.float64(3.06009), np.float64(6.99995))",0,"Vector(-0.957, 0.291)","Vector(-1.509, 0.792)",echo,wall_obstacle_31,63fa5329-cc5c-4d78-a242-50c9d6ea0f00,7.728,"Vector(0.887, -0.461)",-170.02963107677465,"Vector(4.569, 6.208)",1.7045085604067818,7.733072505695065,61.681,7.739,0.002
941,"[np.float64(64.85204506436531), np.float64(64.84621368446803)]","[np.float64(7.74), np.float64(7.7410000000000005)]","[UUID('9ccabda8-950c-4999-be58-a4e32580833c'), UUID('9ccabda8-950c-4999-be58-a4e32580833c')]","(np.float64(5.6101), np.float64(0.0))",14,"Vector(-0.957, 0.291)","Vector(1.044, -6.209)",echo,wall_obstacle_55,9ccabda8-950c-4999-be58-a4e32580833c,7.728,"Vector(1.000, 0.000)",-42.80521721390562,"Vector(4.567, 6.209)",6.295987264766345,7.721136734693878,64.849,7.74,0.002
942,[np.float64(62.99625347199804)],[np.float64(7.7410000000000005)],[UUID('54d5c540-4264-4791-9424-cb8f2bb0f8be')],"(np.float64(2.5501), np.float64(0.0))",11,"Vector(-0.957, 0.291)","Vector(-2.017, -6.209)",echo,wall_obstacle_49,54d5c540-4264-4791-9424-cb8f2bb0f8be,7.728,"Vector(1.000, 0.000)",-70.33798215408147,"Vector(4.567, 6.209)",6.5281571395072895,7.72131166180758,62.996,7.741,0.001
943,"[np.float64(67.67419373899567), np.float64(67.68177154484782)]","[np.float64(7.839), np.float64(7.84)]","[UUID('d4f668a4-a124-45a7-be7d-6699d727862f'), UUID('d4f668a4-a124-45a7-be7d-6699d727862f')]","(np.float64(4.08003), np.float64(6.9999))",0,"Vector(-1.000, 0.016)","Vector(-0.194, 0.748)",echo,wall_obstacle_33,d4f668a4-a124-45a7-be7d-6699d727862f,7.8340000000000005,"Vector(0.272, -0.962)",142.1771003604764,"Vector(4.274, 6.252)",0.7726468948361859,7.836267185359365,67.678,7.839,0.002
944,"[np.float64(63.55792761297931), np.float64(63.544200621146686)]","[np.float64(7.839), np.float64(7.84)]","[UUID('799af31a-c5ac-4a32-b9a6-2c4b3bee0aeb'), UUID('799af31a-c5ac-4a32-b9a6-2c4b3bee0aeb')]","(np.float64(4.58996), np.float64(6.99991))",0,"Vector(-1.000, 0.016)","Vector(0.316, 0.748)",echo,wall_obstacle_34,799af31a-c5ac-4a32-b9a6-2c4b3bee0aeb,7.8340000000000005,"Vector(-0.370, -0.929)",104.73989849962453,"Vector(4.274, 6.252)",0.8120522848314633,7.83634837669458,63.551,7.839,0.002
945,"[np.float64(74.4000056139853), np.float64(74.40469021851855)]","[np.float64(7.84), np.float64(7.841)]","[UUID('0912907c-29aa-47df-a8c7-084195a3f5f7'), UUID('0912907c-29aa-47df-a8c7-084195a3f5f7')]","(np.int64(1), np.int64(0))",9,"Vector(-1.000, 0.016)","Vector(-3.271, -6.252)",direct,,0912907c-29aa-47df-a8c7-084195a3f5f7,7.8340000000000005,"Vector(0.000, 1.000)",-79.96215610039567,"Vector(4.271, 6.252)",7.055875620254371,7.819,74.402,7.84,0.002
946,"[np.float64(78.91466360727213), np.float64(78.92011381421811)]","[np.float64(7.84), np.float64(7.841)]","[UUID('a23d1c23-e9f6-4931-9d63-20a1dfc3a49e'), UUID('a23d1c23-e9f6-4931-9d63-20a1dfc3a49e')]","(np.float64(1.0199), np.float64(0.0))",9,"Vector(-1.000, 0.016)","Vector(-3.251, -6.252)",echo,wall_obstacle_46,a23d1c23-e9f6-4931-9d63-20a1dfc3a49e,7.8340000000000005,"Vector(-1.000, 0.000)",-79.81878573093569,"Vector(4.271, 6.252)",7.046672954983792,7.819058017492711,78.917,7.84,0.002
947,"[np.float64(66.4806895456351), np.float64(66.4975486838215)]","[np.float64(7.841), np.float64(7.8420000000000005)]","[UUID('c566b104-8f64-4eb2-b381-023832c72add'), UUID('c566b104-8f64-4eb2-b381-023832c72add')]","(np.float64(3.57007), np.float64(6.99993))",0,"Vector(-1.000, 0.016)","Vector(-0.698, 0.748)",echo,wall_obstacle_32,c566b104-8f64-4eb2-b381-023832c72add,7.8340000000000005,"Vector(0.694, -0.720)",170.66646314248817,"Vector(4.268, 6.252)",1.0228092178896317,7.8370309529903235,66.489,7.841,0.002
948,"[np.float64(60.22788542210277), np.float64(60.22871484071039)]","[np.float64(7.8420000000000005), np.float64(7.843)]","[UUID('32ea8a2f-47cd-41c9-994d-36aea7688f45'), UUID('32ea8a2f-47cd-41c9-994d-36aea7688f45')]","(np.float64(0.5101), np.float64(0.0))",9,"Vector(-1.000, 0.016)","Vector(-3.755, -6.252)",echo,wall_obstacle_45,32ea8a2f-47cd-41c9-994d-36aea7688f45,7.8340000000000005,"Vector(1.000, 0.000)",-83.33230761228064,"Vector(4.265, 6.252)",7.292890460612994,7.820428279883382,60.228,7.842,0.002
949,"[np.float64(62.70760541898214), np.float64(62.72298643273693)]","[np.float64(7.843), np.float64(7.844)]","[UUID('9cc13fae-a2f3-402b-aaed-091e0f770564'), UUID('9cc13fae-a2f3-402b-aaed-091e0f770564')]","(np.float64(3.06009), np.float64(6.99995))",0,"Vector(-1.000, 0.016)","Vector(-1.202, 0.748)",echo,wall_obstacle_31,9cc13fae-a2f3-402b-aaed-091e0f770564,7.8340000000000005,"Vector(0.855, -0.519)",-174.23941708153467,"Vector(4.262, 6.252)",1.415372266296044,7.838201719606937,62.715,7.843,0.002
950,"[np.float64(75.96447766510634), np.float64(75.96744156682176)]","[np.float64(7.844), np.float64(7.845)]","[UUID('16e90045-e0da-49d3-932d-de6b9a47ae78'), UUID('16e90045-e0da-49d3-932d-de6b9a47ae78')]","(np.int64(3), np.int64(0))",11,"Vector(-1.000, 0.016)","Vector(-1.259, -6.252)",direct,,16e90045-e0da-49d3-932d-de6b9a47ae78,7.8340000000000005,"Vector(0.000, 1.000)",-63.72889115450013,"Vector(4.259, 6.252)",6.3776490091961,7.825,75.966,7.844,0.002
951,"[np.float64(70.87759512936907), np.float64(70.88128124414813)]","[np.float64(7.844), np.float64(7.845)]","[UUID('e1a5d91f-b207-44d7-820f-3f5299eadf87'), UUID('e1a5d91f-b207-44d7-820f-3f5299eadf87')]","(np.float64(3.0599), np.float64(0.0))",11,"Vector(-1.000, 0.016)","Vector(-1.199, -6.252)",echo,wall_obstacle_50,e1a5d91f-b207-44d7-820f-3f5299eadf87,7.8340000000000005,"Vector(-1.000, 0.000)",-63.200380308646075,"Vector(4.259, 6.252)",6.366097159995282,7.825174635568513,70.879,7.844,0.002
952,"[np.float64(62.838827196323614), np.float64(62.838092580649516)]","[np.float64(7.846), np.float64(7.847)]","[UUID('7520e2e6-1a84-4db3-a32a-bc7ba47e660a'), UUID('7520e2e6-1a84-4db3-a32a-bc7ba47e660a')]","(np.float64(2.5501), np.float64(0.0))",11,"Vector(-1.000, 0.016)","Vector(-1.703, -6.252)",echo,wall_obstacle_49,7520e2e6-1a84-4db3-a32a-bc7ba47e660a,7.8340000000000005,"Vector(1.000, 0.000)",-67.57934881732804,"Vector(4.253, 6.252)",6.479988381663968,7.826311661807581,62.838,7.846,0.002
953,[np.float64(68.30708056264874)],[np.float64(7.847)],[UUID('9e479af9-a0e1-4f28-a4a1-f8a33cd8d639')],"(np.int64(4), np.int64(10))",30,"Vector(-1.000, 0.016)","Vector(-0.253, 3.748)",direct,,9e479af9-a0e1-4f28-a4a1-f8a33cd8d639,7.8340000000000005,"Vector(0.000, -1.000)",131.51323853490862,"Vector(4.253, 6.252)",3.7562252292028497,7.836,68.307,7.847,0.001
954,[np.float64(64.24095217722501)],[np.float64(7.847)],[UUID('4c9e0612-0fc2-49d2-8e39-d7dd388563de')],"(np.float64(4.08), np.float64(7.0001))",30,"Vector(-1.000, 0.016)","Vector(-0.173, 0.748)",echo,wall_obstacle_33,4c9e0612-0fc2-49d2-8e39-d7dd388563de,7.8340000000000005,"Vector(-0.027, 1.000)",140.66430941095263,"Vector(4.253, 6.252)",0.7675107324982497,7.844749173506246,64.241,7.847,0.001
955,"[np.float64(68.05205959716689), np.float64(68.04796549269057)]","[np.float64(7.947), np.float64(7.948)]","[UUID('a1700bf3-18e7-4e24-a403-149336381bc8'), UUID('a1700bf3-18e7-4e24-a403-149336381bc8')]","(np.int64(4), np.int64(10))",30,"Vector(-0.962, -0.271)","Vector(0.046, 3.789)",direct,,a1700bf3-18e7-4e24-a403-149336381bc8,7.944,"Vector(0.000, -1.000)",126.95454405361079,"Vector(3.954, 6.211)",3.7890627670309187,7.9350000000000005,68.05,7.947,0.002
956,"[np.float64(63.55778399351886), np.float64(63.564684261325844)]","[np.float64(7.947), np.float64(7.948)]","[UUID('34b706d8-7451-4854-bdb9-41b82d08e030'), UUID('34b706d8-7451-4854-bdb9-41b82d08e030')]","(np.float64(3.57001), np.float64(7.0001))",30,"Vector(-0.962, -0.271)","Vector(-0.384, 0.789)",echo,wall_obstacle_32,34b706d8-7451-4854-bdb9-41b82d08e030,7.944,"Vector(0.142, 0.990)",153.59215785887648,"Vector(3.954, 6.211)",0.8772441760422237,7.943835450690838,63.561,7.947,0.002
957,"[np.float64(64.03133839306508), np.float64(64.01783327103088)]","[np.float64(7.947), np.float64(7.948)]","[UUID('9c66c450-7e64-480d-a2cc-101b3bcd4c63'), UUID('9c66c450-7e64-480d-a2cc-101b3bcd4c63')]","(np.float64(4.08), np.float64(7.0001))",30,"Vector(-0.962, -0.271)","Vector(0.126, 0.789)",echo,wall_obstacle_33,9c66c450-7e64-480d-a2cc-101b3bcd4c63,7.944,"Vector(-0.027, 1.000)",118.55935184166115,"Vector(3.954, 6.211)",0.7989247890133339,7.943749173506246,64.025,7.947,0.002
958,[np.float64(60.46552682506842)],[np.float64(7.948)],[UUID('c409a703-c96c-4d2e-89ad-123f410b9c1e')],"(np.float64(3.06003), np.float64(7.0001))",30,"Vector(-0.962, -0.271)","Vector(-0.894, 0.789)",echo,wall_obstacle_31,c409a703-c96c-4d2e-89ad-123f410b9c1e,7.944,"Vector(0.299, 0.954)",176.2186521145419,"Vector(3.954, 6.211)",1.1920551987219383,7.944165349673236,60.466,7.948,0.001
959,"[np.float64(63.10470888691561), np.float64(63.0886508716801)]","[np.float64(7.949), np.float64(7.95)]","[UUID('0363c25c-83c8-4b54-88ec-e6947989b3c3'), UUID('0363c25c-83c8-4b54-88ec-e6947989b3c3')]","(np.float64(4.07999), np.float64(6.9999))",0,"Vector(-0.962, -0.271)","Vector(0.132, 0.790)",echo,wall_obstacle_33,0363c25c-83c8-4b54-88ec-e6947989b3c3,7.944,"Vector(-0.145, -0.990)",118.16799017912179,"Vector(3.948, 6.210)",0.8012577198380056,7.9463142090106995,63.097,7.949,0.002
960,"[np.float64(65.14473376922646), np.float64(65.14820698605492)]","[np.float64(7.95), np.float64(7.9510000000000005)]","[UUID('bca43d9c-286e-4e15-ab4a-f06a2c24e7e2'), UUID('bca43d9c-286e-4e15-ab4a-f06a2c24e7e2')]","(np.float64(3.57004), np.float64(6.99991))",0,"Vector(-0.962, -0.271)","Vector(-0.375, 0.791)",echo,wall_obstacle_32,bca43d9c-286e-4e15-ab4a-f06a2c24e7e2,7.944,"Vector(0.449, -0.893)",153.01602029602896,"Vector(3.945, 6.209)",0.8754974896594507,7.946563507058703,65.146,7.95,0.002
961,"[np.float64(62.78043693414984), np.float64(62.79142592134279)]","[np.float64(7.9510000000000005), np.float64(7.952)]","[UUID('ea23026d-e6dc-4030-8e00-306d601dc947'), UUID('ea23026d-e6dc-4030-8e00-306d601dc947')]","(np.float64(3.06008), np.float64(6.99993))",0,"Vector(-0.962, -0.271)","Vector(-0.882, 0.792)",echo,wall_obstacle_31,ea23026d-e6dc-4030-8e00-306d601dc947,7.944,"Vector(0.755, -0.655)",175.7360432134119,"Vector(3.942, 6.208)",1.1854249395891754,7.947494083719984,62.786,7.951,0.002
962,[np.float64(77.63143317487456)],[np.float64(7.957)],[UUID('8005cb08-23e5-4e53-8d6a-9b45a76ea4ca')],"(np.float64(0.0), np.float64(1.0199))",0,"Vector(-0.962, -0.271)","Vector(-3.928, -5.184)",echo,wall_obstacle_1,8005cb08-23e5-4e53-8d6a-9b45a76ea4ca,7.944,"Vector(0.000, -1.000)",-89.49499819546705,"Vector(3.928, 6.204)",6.503921457928286,7.937058017492712,77.631,7.957,0.001
963,"[np.float64(63.216124626634304), np.float64(63.203002982778884)]","[np.float64(8.053), np.float64(8.054)]","[UUID('367031ec-d03f-406e-b90c-a67dd2095452'), UUID('367031ec-d03f-406e-b90c-a67dd2095452')]","(np.float64(3.57001), np.float64(7.0001))",30,"Vector(-0.849, -0.528)","Vector(-0.093, 0.915)",echo,wall_obstacle_32,367031ec-d03f-406e-b90c-a67dd2095452,8.051,"Vector(0.142, 0.990)",133.46456554247936,"Vector(3.663, 6.085)",0.9195839100919503,8.04983545069084,63.21,8.053,0.002
964,[np.float64(61.349360497729045)],[np.float64(8.054)],[UUID('e6e6db99-7a9e-4301-8d0b-e9b4bf74b601')],"(np.float64(3.06003), np.float64(7.0001))",30,"Vector(-0.849, -0.528)","Vector(-0.603, 0.915)",echo,wall_obstacle_31,e6e6db99-7a9e-4301-8d0b-e9b4bf74b601,8.051,"Vector(0.299, 0.954)",161.04715070934685,"Vector(3.663, 6.085)",1.0957473451941375,8.050165349673236,61.349,8.054,0.001
965,"[np.float64(73.76981906450888), np.float64(73.77030499377534)]","[np.float64(8.056000000000001), np.float64(8.057)]","[UUID('85948e67-cacb-49a3-adae-b933e8ffdb7e'), UUID('85948e67-cacb-49a3-adae-b933e8ffdb7e')]","(np.int64(8), np.int64(0))",16,"Vector(-0.849, -0.528)","Vector(4.345, -6.080)",direct,,85948e67-cacb-49a3-adae-b933e8ffdb7e,8.051,"Vector(0.000, 1.000)",-16.799326019652085,"Vector(3.655, 6.080)",7.473100435789687,8.034,73.77,8.056,0.002
966,"[np.float64(62.89614653446925), np.float64(62.89450280405803)]","[np.float64(8.057), np.float64(8.058)]","[UUID('7d84a864-012f-4136-9500-4e344777b178'), UUID('7d84a864-012f-4136-9500-4e344777b178')]","(np.float64(7.6501), np.float64(0.0))",16,"Vector(-0.849, -0.528)","Vector(3.997, -6.079)",echo,wall_obstacle_59,7d84a864-012f-4136-9500-4e344777b178,8.051,"Vector(1.000, 0.000)",-19.018337404601425,"Vector(3.653, 6.079)",7.275327476780684,8.035020116618076,62.895,8.057,0.002
967,"[np.float64(60.469048150567424), np.float64(60.45394558316074)]","[np.float64(8.057), np.float64(8.058)]","[UUID('e5d1379a-b343-4192-b5b4-618fa68c1062'), UUID('e5d1379a-b343-4192-b5b4-618fa68c1062')]","(np.float64(3.57001), np.float64(6.9999))",0,"Vector(-0.849, -0.528)","Vector(-0.083, 0.921)",echo,wall_obstacle_32,e5d1379a-b343-4192-b5b4-618fa68c1062,8.051,"Vector(0.110, -0.994)",132.79718266965665,"Vector(3.653, 6.079)",0.9247424465763426,8.053668949891456,60.461,8.057,0.002
968,"[np.float64(78.1451549174453), np.float64(78.15091612420106)]","[np.float64(8.058), np.float64(8.059000000000001)]","[UUID('0ae70669-6887-4ec2-9aa0-fb58161bcf53'), UUID('0ae70669-6887-4ec2-9aa0-fb58161bcf53')]","(np.float64(0.0), np.float64(1.0199))",0,"Vector(-0.849, -0.528)","Vector(-3.650, -5.057)",echo,wall_obstacle_1,0ae70669-6887-4ec2-9aa0-fb58161bcf53,8.051,"Vector(0.000, -1.000)",-88.16666992035731,"Vector(3.650, 6.077)",6.23716672332879,8.03905801749271,78.148,8.058,0.002
969,"[np.float64(75.39172213241176), np.float64(75.3976990520713)]","[np.float64(8.058), np.float64(8.059000000000001)]","[UUID('1df394b6-1aa9-40fe-8c73-e795e70e3772'), UUID('1df394b6-1aa9-40fe-8c73-e795e70e3772')]","(np.int64(0), np.int64(2))",1,"Vector(-0.849, -0.528)","Vector(-3.650, -4.077)",direct,,1df394b6-1aa9-40fe-8c73-e795e70e3772,8.051,"Vector(1.000, 0.000)",-94.1831836776007,"Vector(3.650, 6.077)",5.472599827010924,8.042,75.395,8.058,0.002
970,"[np.float64(74.05922181632877), np.float64(74.0658280020707)]","[np.float64(8.058), np.float64(8.059000000000001)]","[UUID('cef30835-d0d5-463d-b051-78a0141e2d94'), UUID('cef30835-d0d5-463d-b051-78a0141e2d94')]","(np.float64(0.0), np.float64(2.0399))",1,"Vector(-0.849, -0.528)","Vector(-3.650, -4.037)",echo,wall_obstacle_3,cef30835-d0d5-463d-b051-78a0141e2d94,8.051,"Vector(0.000, -1.000)",-94.46334275140862,"Vector(3.650, 6.077)",5.442937913902749,8.042116326530612,74.063,8.058,0.002
971,"[np.float64(60.630898492241016), np.float64(60.629676398209476)]","[np.float64(8.058), np.float64(8.059000000000001)]","[UUID('5d0c7d33-43a6-445d-aa0d-ff5a62808bb6'), UUID('5d0c7d33-43a6-445d-aa0d-ff5a62808bb6')]","(np.float64(3.06006), np.float64(6.99992))",0,"Vector(-0.849, -0.528)","Vector(-0.590, 0.923)",echo,wall_obstacle_31,5d0c7d33-43a6-445d-aa0d-ff5a62808bb6,8.051,"Vector(0.557, -0.830)",160.26525994662939,"Vector(3.650, 6.077)",1.0953028809420706,8.054194886335267,60.63,8.058,0.002
972,"[np.float64(64.3072489599221), np.float64(64.31443173502657)]","[np.float64(8.06), np.float64(8.061)]","[UUID('050be970-02ae-4c33-85a0-2413c9f1e644'), UUID('050be970-02ae-4c33-85a0-2413c9f1e644')]","(np.float64(0.0), np.float64(0.5101))",0,"Vector(-0.849, -0.528)","Vector(-3.645, -5.564)",echo,wall_obstacle_0,050be970-02ae-4c33-85a0-2413c9f1e644,8.051,"Vector(0.000, 1.000)",-85.5762029998686,"Vector(3.645, 6.074)",6.651770805026282,8.04042827988338,64.311,8.06,0.002
973,"[np.float64(66.67494693973092), np.float64(66.68290677293226)]","[np.float64(8.061), np.float64(8.062)]","[UUID('f119976c-89b6-47e5-b43d-e640b487312c'), UUID('f119976c-89b6-47e5-b43d-e640b487312c')]","(np.float64(0.0), np.float64(1.5301))",1,"Vector(-0.849, -0.528)","Vector(-3.643, -4.542)",echo,wall_obstacle_2,f119976c-89b6-47e5-b43d-e640b487312c,8.051,"Vector(0.000, 1.000)",-91.0726209276044,"Vector(3.643, 6.073)",5.822614768847412,8.04336997084548,66.679,8.061,0.002
974,"[np.float64(60.12861085919919), np.float64(60.13595255563584)]","[np.float64(8.063), np.float64(8.064)]","[UUID('8ebadc32-831c-4d4e-b7c6-5490f6ef925e'), UUID('8ebadc32-831c-4d4e-b7c6-5490f6ef925e')]","(np.float64(0.50995), np.float64(9e-05))",0,"Vector(-0.849, -0.528)","Vector(-3.128, -6.069)",echo,wall_obstacle_45,8ebadc32-831c-4d4e-b7c6-5490f6ef925e,8.051,"Vector(-0.454, 0.891)",-79.60875645330958,"Vector(3.638, 6.069)",6.827736820133008,8.042272416522447,60.132,8.063,0.002
975,[np.float64(60.82428622376118)],[np.float64(8.157)],[UUID('192b5fff-0ccf-468a-b39f-1e03df7a0f9d')],"(np.float64(0.50995), np.float64(9e-05))",0,"Vector(-0.675, -0.738)","Vector(-2.915, -5.891)",echo,wall_obstacle_45,192b5fff-0ccf-468a-b39f-1e03df7a0f9d,8.155,"Vector(-0.454, 0.891)",-78.67066827887334,"Vector(3.424, 5.891)",6.572169950427332,8.136272416522448,60.824,8.157,0.001
976,[np.float64(67.44896076413616)],[np.float64(8.157)],[UUID('7defb1b8-0bf7-4c90-9ce6-122e4b46ad5e')],"(np.float64(0.0), np.float64(1.5301))",1,"Vector(-0.675, -0.738)","Vector(-3.424, -4.361)",echo,wall_obstacle_2,7defb1b8-0bf7-4c90-9ce6-122e4b46ad5e,8.155,"Vector(0.000, 1.000)",-90.48902891203778,"Vector(3.424, 5.891)",5.544513864650353,8.13936997084548,67.449,8.157,0.001
977,"[np.float64(73.86983919166474), np.float64(73.87134601661434)]","[np.float64(8.158), np.float64(8.159)]","[UUID('f2e65cfb-4076-45ef-9793-0ff925df9540'), UUID('f2e65cfb-4076-45ef-9793-0ff925df9540')]","(np.int64(8), np.int64(0))",16,"Vector(-0.675, -0.738)","Vector(4.580, -5.886)",direct,,f2e65cfb-4076-45ef-9793-0ff925df9540,8.155,"Vector(0.000, 1.000)",-14.462084825438183,"Vector(3.420, 5.886)",7.457914724566111,8.136000000000001,73.871,8.158,0.002
978,"[np.float64(60.1170191641285), np.float64(60.118718773562776)]","[np.float64(8.159), np.float64(8.16)]","[UUID('ea427bd3-8eb9-46ad-8742-52dfbaa3c640'), UUID('ea427bd3-8eb9-46ad-8742-52dfbaa3c640')]","(np.float64(8.1599), np.float64(0.0))",16,"Vector(-0.675, -0.738)","Vector(4.742, -5.884)",echo,wall_obstacle_60,ea427bd3-8eb9-46ad-8742-52dfbaa3c640,8.155,"Vector(-1.000, 0.000)",-13.482714723988835,"Vector(3.418, 5.884)",7.5567085296245216,8.136466180758019,60.118,8.159,0.002
979,"[np.float64(62.83994302767588), np.float64(62.84054559696567)]","[np.float64(8.159), np.float64(8.16)]","[UUID('8b8d3c1c-4885-4df7-b67f-74e32025f8e3'), UUID('8b8d3c1c-4885-4df7-b67f-74e32025f8e3')]","(np.float64(7.6501), np.float64(0.0))",16,"Vector(-0.675, -0.738)","Vector(4.232, -5.884)",echo,wall_obstacle_59,8b8d3c1c-4885-4df7-b67f-74e32025f8e3,8.155,"Vector(1.000, 0.000)",-16.622370134916622,"Vector(3.418, 5.884)",7.247709724161143,8.137020116618077,62.84,8.159,0.002
980,"[np.float64(81.04856317994796), np.float64(81.05654286677458)]","[np.float64(8.162), np.float64(8.163)]","[UUID('089f4f71-a02b-4c73-833d-c90ece850b1b'), UUID('089f4f71-a02b-4c73-833d-c90ece850b1b')]","(np.int64(0), np.int64(5))",4,"Vector(-0.675, -0.738)","Vector(-3.412, -0.877)",direct,,089f4f71-a02b-4c73-833d-c90ece850b1b,8.155,"Vector(1.000, 0.000)",-127.92530516868959,"Vector(3.412, 5.877)",3.5232995328385015,8.151,81.053,8.162,0.002
981,"[np.float64(71.73677287431026), np.float64(71.74494384237728)]","[np.float64(8.162), np.float64(8.163)]","[UUID('b8dce101-cd8a-4cbc-8378-ed9921bbd806'), UUID('b8dce101-cd8a-4cbc-8378-ed9921bbd806')]","(np.float64(0.0), np.float64(5.0999))",4,"Vector(-0.675, -0.738)","Vector(-3.412, -0.778)",echo,wall_obstacle_9,b8dce101-cd8a-4cbc-8378-ed9921bbd806,8.155,"Vector(0.000, -1.000)",-129.50947944346206,"Vector(3.412, 5.877)",3.499759004574458,8.151291253644315,71.741,8.162,0.002
982,[np.float64(60.69457092748471)],[np.float64(8.162)],[UUID('e21d0ae1-e477-44eb-bb5f-abd3c671083e')],"(np.float64(3.06003), np.float64(7.0001))",30,"Vector(-0.675, -0.738)","Vector(-0.354, 1.120)",echo,wall_obstacle_31,e21d0ae1-e477-44eb-bb5f-abd3c671083e,8.155,"Vector(0.299, 0.954)",145.20167990152515,"Vector(3.414, 5.880)",1.175161231661426,8.158165349673236,60.695,8.162,0.001
983,"[np.float64(74.23398901051324), np.float64(74.2434808956895)]","[np.float64(8.163), np.float64(8.164)]","[UUID('834f9dd3-c25e-45e9-939e-fab06894d1ca'), UUID('834f9dd3-c25e-45e9-939e-fab06894d1ca')]","(np.float64(0.0), np.float64(4.5901))",4,"Vector(-0.675, -0.738)","Vector(-3.410, -1.285)",echo,wall_obstacle_8,834f9dd3-c25e-45e9-939e-fab06894d1ca,8.155,"Vector(0.000, 1.000)",-121.69743949052213,"Vector(3.410, 5.875)",3.6443687358581047,8.152195043731778,74.239,8.163,0.002
984,"[np.float64(72.49533880597279), np.float64(72.49618371406652)]","[np.float64(8.165000000000001), np.float64(8.166)]","[UUID('6503a54f-5966-4c4d-99d7-e501ee7187b1'), UUID('6503a54f-5966-4c4d-99d7-e501ee7187b1')]","(np.int64(9), np.int64(0))",17,"Vector(-0.675, -0.738)","Vector(5.594, -5.871)",direct,,6503a54f-5966-4c4d-99d7-e501ee7187b1,8.155,"Vector(0.000, 1.000)",-8.72949751674875,"Vector(3.406, 5.871)",8.109040903368289,8.141,72.496,8.165,0.002
985,"[np.float64(61.997978703289796), np.float64(61.99784841150627)]","[np.float64(8.165000000000001), np.float64(8.166)]","[UUID('79b5d30a-acb0-400c-b599-e3a4aca0620b'), UUID('79b5d30a-acb0-400c-b599-e3a4aca0620b')]","(np.float64(8.6701), np.float64(0.0))",17,"Vector(-0.675, -0.738)","Vector(5.264, -5.871)",echo,wall_obstacle_61,79b5d30a-acb0-400c-b599-e3a4aca0620b,8.155,"Vector(1.000, 0.000)",-10.465263650988307,"Vector(3.406, 5.871)",7.885086920288197,8.141961807580175,61.998,8.165,0.002
986,"[np.float64(66.02685204628435), np.float64(66.03648241218406)]","[np.float64(8.165000000000001), np.float64(8.166)]","[UUID('6b6ead8f-9089-41ce-8b52-d5e21b911f0c'), UUID('6b6ead8f-9089-41ce-8b52-d5e21b911f0c')]","(np.float64(0.0), np.float64(4.0801))",4,"Vector(-0.675, -0.738)","Vector(-3.406, -1.791)",echo,wall_obstacle_7,6b6ead8f-9089-41ce-8b52-d5e21b911f0c,8.155,"Vector(0.000, 1.000)",-114.61409939882101,"Vector(3.406, 5.871)",3.8482205532557514,8.153681924198251,66.032,8.165,0.002
987,"[np.float64(60.01181317817603), np.float64(60.01189574348185)]","[np.float64(8.166), np.float64(8.167)]","[UUID('fc45c56b-c586-404e-ba18-3e1ef9927771'), UUID('fc45c56b-c586-404e-ba18-3e1ef9927771')]","(np.int64(10), np.int64(1))",18,"Vector(-0.675, -0.738)","Vector(6.596, -4.869)",direct,,fc45c56b-c586-404e-ba18-3e1ef9927771,8.155,"Vector(-1.000, 0.000)",1.2223964901400564,"Vector(3.404, 5.869)",8.198037284454127,8.142,60.012,8.166,0.002
988,"[np.float64(66.8073024120821), np.float64(66.80619975900272)]","[np.float64(8.166), np.float64(8.167)]","[UUID('d4f065c2-c09e-4629-aa89-25f3ce65b8e3'), UUID('d4f065c2-c09e-4629-aa89-25f3ce65b8e3')]","(np.float64(10.0), np.float64(1.0199))",18,"Vector(-0.675, -0.738)","Vector(6.596, -4.849)",echo,wall_obstacle_14,d4f065c2-c09e-4629-aa89-25f3ce65b8e3,8.155,"Vector(0.000, -1.000)",1.334456508199878,"Vector(3.404, 5.869)",8.186234924634157,8.14205801749271,66.807,8.166,0.002
989,[np.float64(60.879562063372404)],[np.float64(8.168000000000001)],[UUID('8becb926-56fa-4c0f-b2fd-895c6dadffa2')],"(np.float64(0.0), np.float64(3.5701))",4,"Vector(-0.675, -0.738)","Vector(-3.402, -2.296)",echo,wall_obstacle_6,8becb926-56fa-4c0f-b2fd-895c6dadffa2,8.155,"Vector(0.000, 1.000)",-108.32833357224075,"Vector(3.402, 5.866)",4.104562657592158,8.155168804664722,60.88,8.168,0.001
990,[np.float64(79.40219996128884)],[np.float64(8.262)],[UUID('7835f39c-5053-479e-aea3-45b2804408a0')],"(np.int64(0), np.int64(8))",7,"Vector(-0.448, -0.894)","Vector(-3.244, 2.366)",direct,,7835f39c-5053-479e-aea3-45b2804408a0,8.26,"Vector(1.000, 0.000)",-178.450884753345,"Vector(3.244, 5.634)",4.014881377724627,8.249,79.402,8.262,0.001
991,"[np.float64(64.53164196490681), np.float64(64.53147975009237)]","[np.float64(8.262), np.float64(8.263)]","[UUID('20bd991e-d02a-48be-8303-c887f6a4484a'), UUID('20bd991e-d02a-48be-8303-c887f6a4484a')]","(np.float64(0.50995), np.float64(7.00009))",7,"Vector(-0.448, -0.894)","Vector(-2.732, 1.369)",echo,wall_obstacle_26,20bd991e-d02a-48be-8303-c887f6a4484a,8.26,"Vector(-0.454, 0.891)",-168.95076749748245,"Vector(3.242, 5.631)",3.056057219441416,8.252272416522448,64.532,8.262,0.002
992,[np.float64(61.79610957909489)],[np.float64(8.262)],[UUID('4efbc9ac-ea84-42b4-877a-4ada36edd75c')],"(np.float64(1.01993), np.float64(7.00007))",7,"Vector(-0.448, -0.894)","Vector(-2.224, 1.366)",echo,wall_obstacle_27,4efbc9ac-ea84-42b4-877a-4ada36edd75c,8.26,"Vector(-0.714, 0.700)",-173.90471987993737,"Vector(3.244, 5.634)",2.6098246365991717,8.25316421783311,61.796,8.262,0.001
993,"[np.float64(63.69223530324014), np.float64(63.693899973078445)]","[np.float64(8.263), np.float64(8.264)]","[UUID('817010e5-f815-444c-b64a-08c2f700ffcf'), UUID('817010e5-f815-444c-b64a-08c2f700ffcf')]","(np.float64(0.0), np.float64(6.6301))",7,"Vector(-0.448, -0.894)","Vector(-3.241, 1.001)",echo,wall_obstacle_12,817010e5-f815-444c-b64a-08c2f700ffcf,8.26,"Vector(0.000, 1.000)",-159.5139161460047,"Vector(3.241, 5.629)",3.3922133874507363,8.25299387755102,63.693,8.263,0.002
994,"[np.float64(60.84964187022439), np.float64(60.85291884129047)]","[np.float64(8.265), np.float64(8.266)]","[UUID('f9cbee9c-dc92-4b29-9e0a-526e3cb7dd81'), UUID('f9cbee9c-dc92-4b29-9e0a-526e3cb7dd81')]","(np.float64(0.0), np.float64(6.1201))",7,"Vector(-0.448, -0.894)","Vector(-3.238, 0.497)",echo,wall_obstacle_11,f9cbee9c-dc92-4b29-9e0a-526e3cb7dd81,8.26,"Vector(0.000, 1.000)",-151.06520034982185,"Vector(3.238, 5.623)",3.2762274817234536,8.254480758017493,60.851,8.265,0.002
995,"[np.float64(72.63465914456849), np.float64(72.63642089673478)]","[np.float64(8.268), np.float64(8.269)]","[UUID('887fba91-9093-47b9-9a50-ac3af9c4ea24'), UUID('887fba91-9093-47b9-9a50-ac3af9c4ea24')]","(np.int64(9), np.int64(0))",17,"Vector(-0.448, -0.894)","Vector(5.766, -5.615)",direct,,887fba91-9093-47b9-9a50-ac3af9c4ea24,8.26,"Vector(0.000, 1.000)",-6.588808393557542,"Vector(3.234, 5.615)",8.048333598981841,8.244,72.636,8.268,0.002
996,"[np.float64(61.139882240422594), np.float64(61.13983609260763)]","[np.float64(8.268), np.float64(8.269)]","[UUID('d9ffb2f2-addd-466e-97f8-c01a5b7fead1'), UUID('d9ffb2f2-addd-466e-97f8-c01a5b7fead1')]","(np.int64(10), np.int64(2))",19,"Vector(-0.448, -0.894)","Vector(6.766, -3.615)",direct,,d9ffb2f2-addd-466e-97f8-c01a5b7fead1,8.26,"Vector(-1.000, 0.000)",9.535830741252568,"Vector(3.234, 5.615)",7.671084259770583,8.245000000000001,61.14,8.268,0.002
997,"[np.float64(62.11771126740656), np.float64(62.11999725560351)]","[np.float64(8.268), np.float64(8.269)]","[UUID('f5d6eea4-568d-442a-8309-c7c531861d2c'), UUID('f5d6eea4-568d-442a-8309-c7c531861d2c')]","(np.float64(8.6701), np.float64(0.0))",17,"Vector(-0.448, -0.894)","Vector(5.436, -5.615)",echo,wall_obstacle_61,f5d6eea4-568d-442a-8309-c7c531861d2c,8.26,"Vector(1.000, 0.000)",-8.276489281931305,"Vector(3.234, 5.615)",7.815389015813608,8.244961807580175,62.119,8.268,0.002
998,"[np.float64(61.95450549402894), np.float64(61.954748151504205)]","[np.float64(8.268), np.float64(8.269)]","[UUID('1d1d48a9-97f9-434d-8e14-1ee332ce9389'), UUID('1d1d48a9-97f9-434d-8e14-1ee332ce9389')]","(np.float64(10.0), np.float64(2.0399))",19,"Vector(-0.448, -0.894)","Vector(6.766, -3.575)",echo,wall_obstacle_16,1d1d48a9-97f9-434d-8e14-1ee332ce9389,8.26,"Vector(0.000, -1.000)",9.799316404659919,"Vector(3.234, 5.615)",7.6523603160397515,8.245116326530614,61.955,8.268,0.002
999,"[np.float64(78.9517952015359), np.float64(78.96044443018745)]","[np.float64(8.269), np.float64(8.27)]","[UUID('10adaf98-89b1-4f9d-a15e-ed5d9b76174f'), UUID('10adaf98-89b1-4f9d-a15e-ed5d9b76174f')]","(np.int64(0), np.int64(3))",2,"Vector(-0.448, -0.894)","Vector(-3.233, -2.613)",direct,,10adaf98-89b1-4f9d-a15e-ed5d9b76174f,8.26,"Vector(1.000, 0.000)",-103.40223852047548,"Vector(3.233, 5.613)",4.156709233468225,8.256,78.956,8.269,0.002
1000,"[np.float64(74.16839604276565), np.float64(74.17696751084317)]","[np.float64(8.269), np.float64(8.27)]","[UUID('53f4b9c9-dfee-4268-890d-e4a928f0d7ae'), UUID('53f4b9c9-dfee-4268-890d-e4a928f0d7ae')]","(np.float64(0.0), np.float64(3.0599))",2,"Vector(-0.448, -0.894)","Vector(-3.233, -2.553)",echo,wall_obstacle_5,53f4b9c9-dfee-4268-890d-e4a928f0d7ae,8.26,"Vector(0.000, -1.000)",-104.05025134424987,"Vector(3.233, 5.613)",4.119322541583749,8.256174635568513,74.173,8.269,0.002
1001,"[np.float64(81.84953806568737), np.float64(81.85638578693953)]","[np.float64(8.269), np.float64(8.27)]","[UUID('9d9a00f9-c834-4598-ab4e-0bdc68f35bd5'), UUID('9d9a00f9-c834-4598-ab4e-0bdc68f35bd5')]","(np.int64(0), np.int64(5))",4,"Vector(-0.448, -0.894)","Vector(-3.233, -0.613)",direct,,9d9a00f9-c834-4598-ab4e-0bdc68f35bd5,8.26,"Vector(1.000, 0.000)",-131.6142307910955,"Vector(3.233, 5.613)",3.2905062910743688,8.259,81.853,8.269,0.002
1002,"[np.float64(72.5302130979677), np.float64(72.53673672513838)]","[np.float64(8.269), np.float64(8.27)]","[UUID('3d24fefa-1f3c-47e6-9fe1-b62a36add76a'), UUID('3d24fefa-1f3c-47e6-9fe1-b62a36add76a')]","(np.float64(0.0), np.float64(5.0999))",4,"Vector(-0.448, -0.894)","Vector(-3.233, -0.513)",echo,wall_obstacle_9,3d24fefa-1f3c-47e6-9fe1-b62a36add76a,8.26,"Vector(0.000, -1.000)",-133.3325144413638,"Vector(3.233, 5.613)",3.273376574975754,8.259291253644315,72.533,8.269,0.002
1003,"[np.float64(70.86792305842779), np.float64(70.87614029309024)]","[np.float64(8.271), np.float64(8.272)]","[UUID('571e425e-81aa-4559-bf1f-b6443fa5654a'), UUID('571e425e-81aa-4559-bf1f-b6443fa5654a')]","(np.float64(0.0), np.float64(2.5501))",2,"Vector(-0.448, -0.894)","Vector(-3.230, -3.057)",echo,wall_obstacle_4,571e425e-81aa-4559-bf1f-b6443fa5654a,8.26,"Vector(0.000, 1.000)",-98.92174351730117,"Vector(3.230, 5.607)",4.447616899554188,8.25731166180758,70.872,8.271,0.002
1004,"[np.float64(75.14568759944255), np.float64(75.15303156117403)]","[np.float64(8.271), np.float64(8.272)]","[UUID('2479d71e-dcfa-481d-a2ea-e04a39f786d1'), UUID('2479d71e-dcfa-481d-a2ea-e04a39f786d1')]","(np.float64(0.0), np.float64(4.5901))",4,"Vector(-0.448, -0.894)","Vector(-3.230, -1.017)",echo,wall_obstacle_8,2479d71e-dcfa-481d-a2ea-e04a39f786d1,8.26,"Vector(0.000, 1.000)",-124.86575373774222,"Vector(3.230, 5.607)",3.386643897016632,8.260195043731779,75.149,8.271,0.002
1005,"[np.float64(60.054178635388084), np.float64(60.05478239427349)]","[np.float64(8.272), np.float64(8.273)]","[UUID('492e4f72-e684-4a2d-9f42-d0b68b900386'), UUID('492e4f72-e684-4a2d-9f42-d0b68b900386')]","(np.int64(10), np.int64(1))",18,"Vector(-0.448, -0.894)","Vector(6.771, -4.605)",direct,,492e4f72-e684-4a2d-9f42-d0b68b900386,8.26,"Vector(-1.000, 0.000)",3.4369824369472615,"Vector(3.229, 5.605)",8.18844023631485,8.248,60.054,8.272,0.002
1006,"[np.float64(66.81041560879571), np.float64(66.81132683296201)]","[np.float64(8.272), np.float64(8.273)]","[UUID('e523a379-0908-444e-8d2c-7af2bdcd89be'), UUID('e523a379-0908-444e-8d2c-7af2bdcd89be')]","(np.float64(10.0), np.float64(1.0199))",18,"Vector(-0.448, -0.894)","Vector(6.771, -4.585)",echo,wall_obstacle_14,e523a379-0908-444e-8d2c-7af2bdcd89be,8.26,"Vector(0.000, -1.000)",3.552281363455222,"Vector(3.229, 5.605)",8.177266294165795,8.24805801749271,66.811,8.272,0.002
1007,"[np.float64(78.0823836040952), np.float64(78.0885314369483)]","[np.float64(8.272), np.float64(8.273)]","[UUID('64b4b9e9-60c4-40d3-9631-25760f4cbd08'), UUID('64b4b9e9-60c4-40d3-9631-25760f4cbd08')]","(np.int64(4), np.int64(0))",12,"Vector(-0.448, -0.894)","Vector(0.771, -5.605)",direct,,64b4b9e9-60c4-40d3-9631-25760f4cbd08,8.26,"Vector(0.000, 1.000)",-44.51188693872132,"Vector(3.229, 5.605)",5.657454684193238,8.255,78.085,8.272,0.002
1008,"[np.float64(70.63154784445116), np.float64(70.63754138804714)]","[np.float64(8.272), np.float64(8.273)]","[UUID('5d8c820b-d4ea-4f1b-9cff-39011895812a'), UUID('5d8c820b-d4ea-4f1b-9cff-39011895812a')]","(np.float64(4.0799), np.float64(0.0))",12,"Vector(-0.448, -0.894)","Vector(0.851, -5.605)",echo,wall_obstacle_52,5d8c820b-d4ea-4f1b-9cff-39011895812a,8.26,"Vector(-1.000, 0.000)",-43.711844332719295,"Vector(3.229, 5.605)",5.668897396822419,8.255232944606416,70.635,8.272,0.002
1009,[np.float64(64.79341901601391)],[np.float64(8.273)],[UUID('7118b72d-24ef-4aa7-b695-234f3dd2b3e2')],"(np.float64(3.5701), np.float64(0.0))",12,"Vector(-0.448, -0.894)","Vector(0.341, -5.605)",echo,wall_obstacle_51,7118b72d-24ef-4aa7-b695-234f3dd2b3e2,8.26,"Vector(1.000, 0.000)",-48.861824706576016,"Vector(3.229, 5.605)",5.615035559255168,8.25625335276968,64.793,8.273,0.001
1010,[np.float64(62.74229757748189)],[np.float64(8.273)],[UUID('eb7b5d1f-8a03-4cc3-9234-21fe0cc6eab7')],"(np.float64(0.0), np.float64(2.0401))",2,"Vector(-0.448, -0.894)","Vector(-3.229, -3.565)",echo,wall_obstacle_3,eb7b5d1f-8a03-4cc3-9234-21fe0cc6eab7,8.26,"Vector(0.000, 1.000)",-94.51691595187435,"Vector(3.229, 5.605)",4.809568357108567,8.258798542274052,62.742,8.273,0.001
1011,[np.float64(66.97781063748617)],[np.float64(8.273)],[UUID('1f846027-3ff9-4050-bb3b-9f22801c87bf')],"(np.float64(0.0), np.float64(4.0801))",4,"Vector(-0.448, -0.894)","Vector(-3.229, -1.525)",echo,wall_obstacle_7,1f846027-3ff9-4050-bb3b-9f22801c87bf,8.26,"Vector(0.000, 1.000)",-117.07069481423487,"Vector(3.229, 5.605)",3.5707342356579828,8.261681924198252,66.978,8.273,0.001
1012,[np.float64(79.81922215575388)],[np.float64(8.370000000000001)],[UUID('636127a4-ce15-4a61-9011-0f0da5faa6bc')],"(np.int64(0), np.int64(3))",2,"Vector(-0.179, -0.984)","Vector(-3.138, -2.329)",direct,,636127a4-ce15-4a61-9011-0f0da5faa6bc,8.368,"Vector(1.000, 0.000)",-105.76186612792635,"Vector(3.138, 5.329)",3.9081527884155194,8.357,79.819,8.37,0.001
1013,[np.float64(75.0031450687017)],[np.float64(8.370000000000001)],[UUID('41ca8cbb-b276-4cf3-abc3-f5fa92f1da78')],"(np.float64(0.0), np.float64(3.0599))",2,"Vector(-0.179, -0.984)","Vector(-3.138, -2.269)",echo,wall_obstacle_5,41ca8cbb-b276-4cf3-abc3-f5fa92f1da78,8.368,"Vector(0.000, -1.000)",-106.47348930928102,"Vector(3.138, 5.329)",3.8727513831383495,8.357174635568512,75.003,8.37,0.001
1014,"[np.float64(71.60946409085163), np.float64(71.61595161092157)]","[np.float64(8.371), np.float64(8.372)]","[UUID('eaf1ef94-b693-44db-a306-caa602f15c26'), UUID('eaf1ef94-b693-44db-a306-caa602f15c26')]","(np.float64(0.0), np.float64(2.5501))",2,"Vector(-0.179, -0.984)","Vector(-3.137, -2.773)",echo,wall_obstacle_4,eaf1ef94-b693-44db-a306-caa602f15c26,8.368,"Vector(0.000, 1.000)",-100.86852288242204,"Vector(3.137, 5.323)",4.187168732210346,8.35831166180758,71.613,8.371,0.002
1015,"[np.float64(63.47820854811736), np.float64(63.484744119493314)]","[np.float64(8.374), np.float64(8.375)]","[UUID('02550472-bf9b-4913-86e4-87389365babf'), UUID('02550472-bf9b-4913-86e4-87389365babf')]","(np.float64(0.0), np.float64(2.0401))",2,"Vector(-0.179, -0.984)","Vector(-3.135, -3.274)",echo,wall_obstacle_3,02550472-bf9b-4913-86e4-87389365babf,8.368,"Vector(0.000, 1.000)",-96.10417560142835,"Vector(3.135, 5.314)",4.533540572455484,8.359798542274051,63.481,8.374,0.002
1016,"[np.float64(60.14188735181173), np.float64(60.142888778532004)]","[np.float64(8.376), np.float64(8.377)]","[UUID('01286720-db52-41af-88f9-8ee92f5dc84f'), UUID('01286720-db52-41af-88f9-8ee92f5dc84f')]","(np.int64(10), np.int64(1))",18,"Vector(-0.179, -0.984)","Vector(6.866, -4.309)",direct,,01286720-db52-41af-88f9-8ee92f5dc84f,8.368,"Vector(-1.000, 0.000)",5.543632225364831,"Vector(3.134, 5.309)",8.105562073323478,8.352,60.142,8.376,0.002
1017,"[np.float64(67.02684412011583), np.float64(67.02990317971569)]","[np.float64(8.376), np.float64(8.377)]","[UUID('79a05b68-e4a8-4606-a16c-84ec68eff6ea'), UUID('79a05b68-e4a8-4606-a16c-84ec68eff6ea')]","(np.float64(10.0), np.float64(1.0199))",18,"Vector(-0.179, -0.984)","Vector(6.866, -4.289)",echo,wall_obstacle_14,79a05b68-e4a8-4606-a16c-84ec68eff6ea,8.368,"Vector(0.000, -1.000)",5.662935724229527,"Vector(3.134, 5.309)",8.095001584465564,8.35205801749271,67.028,8.376,0.002
1018,"[np.float64(61.16240890356081), np.float64(61.16280568439042)]","[np.float64(8.377), np.float64(8.378)]","[UUID('e2368735-e92a-400c-a16a-4248056f93c5'), UUID('e2368735-e92a-400c-a16a-4248056f93c5')]","(np.int64(10), np.int64(2))",19,"Vector(-0.179, -0.984)","Vector(6.866, -3.306)",direct,,e2368735-e92a-400c-a16a-4248056f93c5,8.368,"Vector(-1.000, 0.000)",11.94640197921396,"Vector(3.134, 5.306)",7.620423850679173,8.354000000000001,61.163,8.377,0.002
1019,"[np.float64(62.107169450894396), np.float64(62.10960905506795)]","[np.float64(8.377), np.float64(8.378)]","[UUID('63e1abc5-7205-4efa-b47f-078bbbd75d11'), UUID('63e1abc5-7205-4efa-b47f-078bbbd75d11')]","(np.float64(10.0), np.float64(2.0399))",19,"Vector(-0.179, -0.984)","Vector(6.866, -3.266)",echo,wall_obstacle_16,63e1abc5-7205-4efa-b47f-078bbbd75d11,8.368,"Vector(0.000, -1.000)",12.21731691629455,"Vector(3.134, 5.306)",7.603200747185358,8.354116326530614,62.108,8.377,0.002
1020,"[np.float64(82.46127600941631), np.float64(82.46567841952904)]","[np.float64(8.377), np.float64(8.378)]","[UUID('9b2abdcb-7689-487f-a235-dc09d9bad2c8'), UUID('9b2abdcb-7689-487f-a235-dc09d9bad2c8')]","(np.int64(0), np.int64(5))",4,"Vector(-0.179, -0.984)","Vector(-3.134, -0.306)",direct,,9b2abdcb-7689-487f-a235-dc09d9bad2c8,8.368,"Vector(1.000, 0.000)",-136.77516355455347,"Vector(3.134, 5.306)",3.148748904565113,8.367,82.463,8.377,0.002
1021,"[np.float64(73.07515726475164), np.float64(73.0786875045762)]","[np.float64(8.377), np.float64(8.378)]","[UUID('d7bbb33b-9536-47c5-9d4a-9cb11a84322f'), UUID('d7bbb33b-9536-47c5-9d4a-9cb11a84322f')]","(np.float64(0.0), np.float64(5.0999))",4,"Vector(-0.179, -0.984)","Vector(-3.134, -0.206)",echo,wall_obstacle_9,d7bbb33b-9536-47c5-9d4a-9cb11a84322f,8.368,"Vector(0.000, -1.000)",-138.5893786708188,"Vector(3.134, 5.306)",3.1406261799201762,8.367291253644316,73.077,8.377,0.002
1022,"[np.float64(75.72881461024556), np.float64(75.73242125493752)]","[np.float64(8.378), np.float64(8.379)]","[UUID('74e053e3-1a90-442e-a1b7-a9afda10791b'), UUID('74e053e3-1a90-442e-a1b7-a9afda10791b')]","(np.float64(0.0), np.float64(4.5901))",4,"Vector(-0.179, -0.984)","Vector(-3.133, -0.713)",echo,wall_obstacle_8,74e053e3-1a90-442e-a1b7-a9afda10791b,8.368,"Vector(0.000, 1.000)",-129.53308019995004,"Vector(3.133, 5.303)",3.213347796877892,8.36819504373178,75.731,8.378,0.002
1023,"[np.float64(78.77092553918183), np.float64(78.77754594329718)]","[np.float64(8.379), np.float64(8.38)]","[UUID('bc53501a-f29f-4dbf-a1af-918fcd6d85f9'), UUID('bc53501a-f29f-4dbf-a1af-918fcd6d85f9')]","(np.int64(4), np.int64(0))",12,"Vector(-0.179, -0.984)","Vector(0.867, -5.300)",direct,,bc53501a-f29f-4dbf-a1af-918fcd6d85f9,8.368,"Vector(0.000, 1.000)",-43.05248000045651,"Vector(3.133, 5.300)",5.370221588314583,8.363,78.774,8.379,0.002
1024,"[np.float64(71.27801282836145), np.float64(71.28404924850953)]","[np.float64(8.379), np.float64(8.38)]","[UUID('e6ff880f-3bb4-43f6-9ca5-7abc99e4cc56'), UUID('e6ff880f-3bb4-43f6-9ca5-7abc99e4cc56')]","(np.float64(4.0799), np.float64(0.0))",12,"Vector(-0.179, -0.984)","Vector(0.947, -5.300)",echo,wall_obstacle_52,e6ff880f-3bb4-43f6-9ca5-7abc99e4cc56,8.368,"Vector(-1.000, 0.000)",-42.21327836639739,"Vector(3.133, 5.300)",5.383701559113395,8.363232944606414,71.281,8.379,0.002
1025,"[np.float64(65.65023428655482), np.float64(65.65916530298104)]","[np.float64(8.38), np.float64(8.381)]","[UUID('8f547594-a221-4c0c-b093-594697b5fb33'), UUID('8f547594-a221-4c0c-b093-594697b5fb33')]","(np.float64(3.5701), np.float64(0.0))",12,"Vector(-0.179, -0.984)","Vector(0.438, -5.297)",echo,wall_obstacle_51,8f547594-a221-4c0c-b093-594697b5fb33,8.368,"Vector(1.000, 0.000)",-47.62006550185643,"Vector(3.132, 5.297)",5.314855423217079,8.364253352769678,65.655,8.38,0.002
1026,"[np.float64(67.65952413038573), np.float64(67.66438892922703)]","[np.float64(8.38), np.float64(8.381)]","[UUID('1538dab2-537d-40b9-bdd6-7c09419ee7d9'), UUID('1538dab2-537d-40b9-bdd6-7c09419ee7d9')]","(np.float64(0.0), np.float64(4.0801))",4,"Vector(-0.179, -0.984)","Vector(-3.132, -1.217)",echo,wall_obstacle_7,1538dab2-537d-40b9-bdd6-7c09419ee7d9,8.368,"Vector(0.000, 1.000)",-121.11739008975944,"Vector(3.132, 5.297)",3.3602659513348048,8.369681924198252,67.662,8.38,0.002
1027,[np.float64(71.8387912773174)],[np.float64(8.474)],[UUID('4b7e4d90-6869-4b6f-a51b-e39d4e236740')],"(np.float64(4.0799), np.float64(0.0))",12,"Vector(0.093, -0.996)","Vector(0.959, -5.019)",echo,wall_obstacle_52,4b7e4d90-6869-4b6f-a51b-e39d4e236740,8.472,"Vector(-1.000, 0.000)",-41.53323059180522,"Vector(3.121, 5.019)",5.109569171632771,8.457232944606416,71.839,8.474,0.001
1028,[np.float64(66.57031322120817)],[np.float64(8.474)],[UUID('d41e94c5-4b3b-4232-ae78-65c6394a2431')],"(np.float64(3.5701), np.float64(0.0))",12,"Vector(0.093, -0.996)","Vector(0.449, -5.019)",echo,wall_obstacle_51,d41e94c5-4b3b-4232-ae78-65c6394a2431,8.472,"Vector(1.000, 0.000)",-47.23653846172917,"Vector(3.121, 5.019)",5.038878482728077,8.45825335276968,66.57,8.474,0.001
1029,"[np.float64(79.28243483953933), np.float64(79.28865666393595)]","[np.float64(8.475), np.float64(8.476)]","[UUID('0cb10188-492e-4f93-8132-e5bde7bc2d2a'), UUID('0cb10188-492e-4f93-8132-e5bde7bc2d2a')]","(np.int64(2), np.int64(0))",10,"Vector(0.093, -0.996)","Vector(-1.122, -5.013)",direct,,0cb10188-492e-4f93-8132-e5bde7bc2d2a,8.472,"Vector(0.000, 1.000)",-64.96112979811251,"Vector(3.122, 5.013)",5.1368996191185206,8.46,79.286,8.475,0.002
1030,"[np.float64(77.8549651846275), np.float64(77.86032707872442)]","[np.float64(8.476), np.float64(8.477)]","[UUID('a8c05a76-9a79-4dab-bf5b-e70ff85a9532'), UUID('a8c05a76-9a79-4dab-bf5b-e70ff85a9532')]","(np.float64(2.0399), np.float64(0.0))",10,"Vector(0.093, -0.996)","Vector(-1.082, -5.010)",echo,wall_obstacle_48,a8c05a76-9a79-4dab-bf5b-e70ff85a9532,8.472,"Vector(-1.000, 0.000)",-64.53622116115704,"Vector(3.122, 5.010)",5.1254693483621585,8.460116326530613,77.858,8.476,0.002
1031,"[np.float64(80.64497675377928), np.float64(80.6519503699281)]","[np.float64(8.476), np.float64(8.477)]","[UUID('bd2c3ff9-d4dd-4d8f-9045-240684254f8a'), UUID('bd2c3ff9-d4dd-4d8f-9045-240684254f8a')]","(np.int64(0), np.int64(3))",2,"Vector(0.093, -0.996)","Vector(-3.122, -2.010)",direct,,bd2c3ff9-d4dd-4d8f-9045-240684254f8a,8.472,"Vector(1.000, 0.000)",-109.57465268667501,"Vector(3.122, 5.010)",3.713216662814062,8.465,80.648,8.476,0.002
1032,"[np.float64(75.74667780523684), np.float64(75.75266969062213)]","[np.float64(8.476), np.float64(8.477)]","[UUID('af2479a8-ebac-4f6a-9aa8-40af31435303'), UUID('af2479a8-ebac-4f6a-9aa8-40af31435303')]","(np.float64(0.0), np.float64(3.0599))",2,"Vector(0.093, -0.996)","Vector(-3.122, -1.950)",echo,wall_obstacle_5,af2479a8-ebac-4f6a-9aa8-40af31435303,8.472,"Vector(0.000, -1.000)",-110.35861546212249,"Vector(3.122, 5.010)",3.6811385701980845,8.465174635568513,75.75,8.476,0.002
1033,"[np.float64(60.279563542456344), np.float64(60.274575576221714)]","[np.float64(8.477), np.float64(8.478)]","[UUID('c971a198-d0f7-44b6-a839-fee576acc579'), UUID('c971a198-d0f7-44b6-a839-fee576acc579')]","(np.int64(10), np.int64(9))",26,"Vector(0.093, -0.996)","Vector(6.877, 3.993)",direct,,c971a198-d0f7-44b6-a839-fee576acc579,8.472,"Vector(-1.000, 0.000)",67.79416217021208,"Vector(3.123, 5.007)",7.952654670617856,8.453,60.277,8.477,0.002
1034,"[np.float64(65.17895264481444), np.float64(65.18864094011616)]","[np.float64(8.477), np.float64(8.478)]","[UUID('7d6d3ae3-b433-403b-a95e-31f047552d22'), UUID('7d6d3ae3-b433-403b-a95e-31f047552d22')]","(np.float64(1.5301), np.float64(0.0))",10,"Vector(0.093, -0.996)","Vector(-1.592, -5.007)",echo,wall_obstacle_47,7d6d3ae3-b433-403b-a95e-31f047552d22,8.472,"Vector(1.000, 0.000)",-69.98837747917165,"Vector(3.123, 5.007)",5.254028665519441,8.461369970845482,65.184,8.477,0.002
1035,"[np.float64(72.16856944861226), np.float64(72.17228754237719)]","[np.float64(8.478), np.float64(8.479000000000001)]","[UUID('c29b7515-e766-4ef2-8b5b-5ce458b404a3'), UUID('c29b7515-e766-4ef2-8b5b-5ce458b404a3')]","(np.float64(0.0), np.float64(2.5501))",2,"Vector(0.093, -0.996)","Vector(-3.123, -2.454)",echo,wall_obstacle_4,c29b7515-e766-4ef2-8b5b-5ce458b404a3,8.472,"Vector(0.000, 1.000)",-104.1860969787192,"Vector(3.123, 5.004)",3.971523750426277,8.46631166180758,72.17,8.478,0.002
1036,"[np.float64(64.05349979509963), np.float64(64.057616646188)]","[np.float64(8.481), np.float64(8.482)]","[UUID('82ab7016-315d-4bc1-a178-f37cf2c2d02f'), UUID('82ab7016-315d-4bc1-a178-f37cf2c2d02f')]","(np.float64(0.0), np.float64(2.0401))",2,"Vector(0.093, -0.996)","Vector(-3.124, -2.955)",echo,wall_obstacle_3,82ab7016-315d-4bc1-a178-f37cf2c2d02f,8.472,"Vector(0.000, 1.000)",-98.9360799697132,"Vector(3.124, 4.995)",4.299784157664196,8.467798542274052,64.056,8.481,0.002
1037,"[np.float64(61.226989145158036), np.float64(61.2277541030052)]","[np.float64(8.483), np.float64(8.484)]","[UUID('dca493b8-2637-4dfd-a051-f9e28e63f3af'), UUID('dca493b8-2637-4dfd-a051-f9e28e63f3af')]","(np.int64(10), np.int64(2))",19,"Vector(0.093, -0.996)","Vector(6.876, -2.989)",direct,,dca493b8-2637-4dfd-a051-f9e28e63f3af,8.472,"Vector(-1.000, 0.000)",14.159626137727969,"Vector(3.124, 4.989)",7.497375876778488,8.461,61.227,8.483,0.002
1038,"[np.float64(62.48811032424815), np.float64(62.49269349688852)]","[np.float64(8.483), np.float64(8.484)]","[UUID('66479eca-9dda-4c4e-b645-4d9283703a21'), UUID('66479eca-9dda-4c4e-b645-4d9283703a21')]","(np.float64(10.0), np.float64(2.0399))",19,"Vector(0.093, -0.996)","Vector(6.876, -2.949)",echo,wall_obstacle_16,66479eca-9dda-4c4e-b645-4d9283703a21,8.472,"Vector(0.000, -1.000)",14.439859452869628,"Vector(3.124, 4.989)",7.481558530125926,8.461116326530613,62.49,8.483,0.002
1039,"[np.float64(60.267807200994945), np.float64(60.26908874696257)]","[np.float64(8.484), np.float64(8.485)]","[UUID('d0575f9f-91c8-46fd-82b9-c751b28cb7fb'), UUID('d0575f9f-91c8-46fd-82b9-c751b28cb7fb')]","(np.int64(10), np.int64(1))",18,"Vector(0.093, -0.996)","Vector(6.876, -3.986)",direct,,d0575f9f-91c8-46fd-82b9-c751b28cb7fb,8.472,"Vector(-1.000, 0.000)",7.552254703451496,"Vector(3.124, 4.986)",7.947381305927129,8.46,60.268,8.484,0.002
1040,"[np.float64(67.47672372595642), np.float64(67.48184242976674)]","[np.float64(8.484), np.float64(8.485)]","[UUID('ba6eb7be-c66d-483e-9148-2b88d77c9720'), UUID('ba6eb7be-c66d-483e-9148-2b88d77c9720')]","(np.float64(10.0), np.float64(1.0199))",18,"Vector(0.093, -0.996)","Vector(6.876, -3.966)",echo,wall_obstacle_14,ba6eb7be-c66d-483e-9148-2b88d77c9720,8.472,"Vector(0.000, -1.000)",7.676528298291487,"Vector(3.124, 4.986)",7.937419229560702,8.460058017492711,67.479,8.484,0.002
1041,"[np.float64(64.3018482016681), np.float64(64.3026551773191)]","[np.float64(8.579), np.float64(8.58)]","[UUID('97c35e3d-e45f-4d9c-9404-57f8c52aacb8'), UUID('97c35e3d-e45f-4d9c-9404-57f8c52aacb8')]","(np.float64(0.0), np.float64(2.0401))",2,"Vector(0.361, -0.933)","Vector(-3.191, -2.670)",echo,wall_obstacle_3,97c35e3d-e45f-4d9c-9404-57f8c52aacb8,8.577,"Vector(0.000, 1.000)",-102.42890666501164,"Vector(3.191, 4.710)",4.160618715359532,8.566798542274052,64.302,8.579,0.002
1042,"[np.float64(82.72424309947547), np.float64(82.72251852760222)]","[np.float64(8.583), np.float64(8.584)]","[UUID('5baa309b-8280-4a26-96d9-ca637217952a'), UUID('5baa309b-8280-4a26-96d9-ca637217952a')]","(np.int64(0), np.int64(5))",4,"Vector(0.361, -0.933)","Vector(-3.195, 0.301)",direct,,5baa309b-8280-4a26-96d9-ca637217952a,8.577,"Vector(1.000, 0.000)",-147.7329047310414,"Vector(3.195, 4.699)",3.209608185962891,8.573,82.723,8.583,0.002
1043,"[np.float64(73.09070515688276), np.float64(73.08765344642963)]","[np.float64(8.583), np.float64(8.584)]","[UUID('2eae7f43-092b-4f32-b251-7dabdd5519b2'), UUID('2eae7f43-092b-4f32-b251-7dabdd5519b2')]","(np.float64(0.0), np.float64(5.0999))",4,"Vector(0.361, -0.933)","Vector(-3.195, 0.401)",echo,wall_obstacle_9,2eae7f43-092b-4f32-b251-7dabdd5519b2,8.577,"Vector(0.000, -1.000)",-149.50263849451989,"Vector(3.195, 4.699)",3.2205239398892846,8.573291253644316,73.089,8.583,0.002
1044,"[np.float64(75.4857556566188), np.float64(75.47989376310818)]","[np.float64(8.584), np.float64(8.585)]","[UUID('c9925eec-67c3-4f1c-8514-7717309b4748'), UUID('c9925eec-67c3-4f1c-8514-7717309b4748')]","(np.float64(0.0), np.float64(4.5901))",4,"Vector(0.361, -0.933)","Vector(-3.197, -0.106)",echo,wall_obstacle_8,c9925eec-67c3-4f1c-8514-7717309b4748,8.577,"Vector(0.000, 1.000)",-140.45064813479962,"Vector(3.197, 4.696)",3.1982587829317377,8.574195043731779,75.483,8.584,0.002
1045,"[np.float64(67.73398270913798), np.float64(67.72981621922023)]","[np.float64(8.586), np.float64(8.587)]","[UUID('b88ce8e9-a37b-4512-a033-fe31b01b975d'), UUID('b88ce8e9-a37b-4512-a033-fe31b01b975d')]","(np.float64(0.0), np.float64(4.0801))",4,"Vector(0.361, -0.933)","Vector(-3.199, -0.610)",echo,wall_obstacle_7,b88ce8e9-a37b-4512-a033-fe31b01b975d,8.577,"Vector(0.000, 1.000)",-131.54597092664403,"Vector(3.199, 4.690)",3.256343469506864,8.575681924198252,67.732,8.586,0.002
1046,"[np.float64(61.33189332994363), np.float64(61.3331075110963)]","[np.float64(8.587), np.float64(8.588000000000001)]","[UUID('113a468f-b956-4a8a-a638-0a48a4be74d8'), UUID('113a468f-b956-4a8a-a638-0a48a4be74d8')]","(np.int64(10), np.int64(2))",19,"Vector(0.361, -0.933)","Vector(6.800, -2.687)",direct,,113a468f-b956-4a8a-a638-0a48a4be74d8,8.577,"Vector(-1.000, 0.000)",16.090661524020476,"Vector(3.200, 4.687)",7.312030331241795,8.565,61.333,8.587,0.002
1047,"[np.float64(63.081090414006006), np.float64(63.08772757712088)]","[np.float64(8.587), np.float64(8.588000000000001)]","[UUID('d6a37a0e-8c32-47e5-8d3a-3cc65bef476a'), UUID('d6a37a0e-8c32-47e5-8d3a-3cc65bef476a')]","(np.float64(10.0), np.float64(2.0399))",19,"Vector(0.361, -0.933)","Vector(6.800, -2.648)",echo,wall_obstacle_16,d6a37a0e-8c32-47e5-8d3a-3cc65bef476a,8.577,"Vector(0.000, -1.000)",16.38200988355237,"Vector(3.200, 4.687)",7.29745990499434,8.565116326530612,63.084,8.587,0.002
1048,"[np.float64(62.9060092555978), np.float64(62.903450427205094)]","[np.float64(8.588000000000001), np.float64(8.589)]","[UUID('0278d01a-5076-43f5-8f66-cfd8a7ca4ad1'), UUID('0278d01a-5076-43f5-8f66-cfd8a7ca4ad1')]","(np.float64(0.0), np.float64(3.5701))",4,"Vector(0.361, -0.933)","Vector(-3.201, -1.115)",echo,wall_obstacle_6,0278d01a-5076-43f5-8f66-cfd8a7ca4ad1,8.577,"Vector(0.000, 1.000)",-123.14701836594726,"Vector(3.201, 4.685)",3.3893265395060417,8.577168804664723,62.905,8.588,0.002
1049,[np.float64(80.653823839609)],[np.float64(8.681000000000001)],[UUID('812265a5-db7c-42fa-9de1-3c67ea5dba5b')],"(np.int64(4), np.int64(0))",12,"Vector(0.594, -0.804)","Vector(0.666, -4.444)",direct,,812265a5-db7c-42fa-9de1-3c67ea5dba5b,8.679,"Vector(0.000, 1.000)",-43.82262404460562,"Vector(3.334, 4.444)",4.493542888189674,8.666,80.654,8.681,0.001
1050,[np.float64(72.88597412168785)],[np.float64(8.681000000000001)],[UUID('292d325f-4fb7-4773-b73b-8ec5fd5fa429')],"(np.float64(4.0799), np.float64(0.0))",12,"Vector(0.594, -0.804)","Vector(0.746, -4.444)",echo,wall_obstacle_52,292d325f-4fb7-4773-b73b-8ec5fd5fa429,8.679,"Vector(-1.000, 0.000)",-42.81784543451727,"Vector(3.334, 4.444)",4.506077241459582,8.666232944606415,72.886,8.681,0.001
1051,"[np.float64(68.88614428414158), np.float64(68.89724640038712)]","[np.float64(8.681000000000001), np.float64(8.682)]","[UUID('c0531f26-d312-44c6-aae1-a534ba01637f'), UUID('c0531f26-d312-44c6-aae1-a534ba01637f')]","(np.float64(3.5701), np.float64(0.0))",12,"Vector(0.594, -0.804)","Vector(0.234, -4.442)",echo,wall_obstacle_51,c0531f26-d312-44c6-aae1-a534ba01637f,8.679,"Vector(1.000, 0.000)",-49.326041238587095,"Vector(3.336, 4.442)",4.447684588468476,8.667253352769679,68.892,8.681,0.002
1052,"[np.float64(61.585949658928975), np.float64(61.59644315643871)]","[np.float64(8.682), np.float64(8.683)]","[UUID('5f168456-f953-465d-8b4c-77af0e0aa117'), UUID('5f168456-f953-465d-8b4c-77af0e0aa117')]","(np.float64(3.0601), np.float64(0.0))",12,"Vector(0.594, -0.804)","Vector(-0.278, -4.439)",echo,wall_obstacle_50,5f168456-f953-465d-8b4c-77af0e0aa117,8.679,"Vector(1.000, 0.000)",-55.92252838382521,"Vector(3.338, 4.439)",4.447765175905761,8.668740233236152,61.591,8.682,0.002
1053,"[np.float64(81.56613071371046), np.float64(81.56753137929635)]","[np.float64(8.684000000000001), np.float64(8.685)]","[UUID('8c6b90af-1c09-4425-a2d6-91aaba4470e2'), UUID('8c6b90af-1c09-4425-a2d6-91aaba4470e2')]","(np.int64(0), np.int64(3))",2,"Vector(0.594, -0.804)","Vector(-3.341, -1.434)",direct,,8c6b90af-1c09-4425-a2d6-91aaba4470e2,8.679,"Vector(1.000, 0.000)",-119.11278128752214,"Vector(3.341, 4.434)",3.6360018239819407,8.673,81.567,8.684,0.002
1054,"[np.float64(76.43362839333409), np.float64(76.43394942857083)]","[np.float64(8.684000000000001), np.float64(8.685)]","[UUID('3161b469-5c12-46ea-96a7-d5561a1f0626'), UUID('3161b469-5c12-46ea-96a7-d5561a1f0626')]","(np.float64(0.0), np.float64(3.0599))",2,"Vector(0.594, -0.804)","Vector(-3.341, -1.374)",echo,wall_obstacle_5,3161b469-5c12-46ea-96a7-d5561a1f0626,8.679,"Vector(0.000, -1.000)",-119.985745430414,"Vector(3.341, 4.434)",3.612792622058454,8.673174635568513,76.434,8.684,0.002
1055,"[np.float64(62.44166300472798), np.float64(62.43491844222481)]","[np.float64(8.685), np.float64(8.686)]","[UUID('4c3cfcbf-bc4f-4951-a33c-437d4428e43f'), UUID('4c3cfcbf-bc4f-4951-a33c-437d4428e43f')]","(np.float64(0.0), np.float64(3.5701))",4,"Vector(0.594, -0.804)","Vector(-3.343, -0.862)",echo,wall_obstacle_6,4c3cfcbf-bc4f-4951-a33c-437d4428e43f,8.679,"Vector(0.000, 1.000)",-127.89002873229737,"Vector(3.343, 4.432)",3.452230492956691,8.674168804664722,62.438,8.685,0.002
1056,"[np.float64(72.15876612835514), np.float64(72.15475239959748)]","[np.float64(8.686), np.float64(8.687)]","[UUID('9730055a-74ae-4e55-b69a-87a5abe42043'), UUID('9730055a-74ae-4e55-b69a-87a5abe42043')]","(np.float64(0.0), np.float64(2.5501))",2,"Vector(0.594, -0.804)","Vector(-3.345, -1.879)",echo,wall_obstacle_4,9730055a-74ae-4e55-b69a-87a5abe42043,8.679,"Vector(0.000, 1.000)",-113.01433553037117,"Vector(3.345, 4.429)",3.836553907870969,8.67431166180758,72.157,8.686,0.002
1057,"[np.float64(64.18658615727786), np.float64(64.18361685171331)]","[np.float64(8.688), np.float64(8.689)]","[UUID('15d27648-ae63-4596-802d-21e7ed6e4ece'), UUID('15d27648-ae63-4596-802d-21e7ed6e4ece')]","(np.float64(0.0), np.float64(2.0401))",2,"Vector(0.594, -0.804)","Vector(-3.348, -2.385)",echo,wall_obstacle_3,15d27648-ae63-4596-802d-21e7ed6e4ece,8.679,"Vector(0.000, 1.000)",-106.88819351878757,"Vector(3.348, 4.425)",4.110597276552399,8.675798542274052,64.185,8.688,0.002
1058,"[np.float64(61.4924784273891), np.float64(61.49432501355439)]","[np.float64(8.691), np.float64(8.692)]","[UUID('bd9167b2-5a25-4707-a1e8-2d082c8f4a8a'), UUID('bd9167b2-5a25-4707-a1e8-2d082c8f4a8a')]","(np.int64(10), np.int64(2))",19,"Vector(0.594, -0.804)","Vector(6.646, -2.417)",direct,,bd9167b2-5a25-4707-a1e8-2d082c8f4a8a,8.679,"Vector(-1.000, 0.000)",17.667276707716614,"Vector(3.354, 4.417)",7.072357330657154,8.67,61.493,8.691,0.002
1059,"[np.float64(63.871780914719466), np.float64(63.880149273546074)]","[np.float64(8.691), np.float64(8.692)]","[UUID('83fdff6e-0693-4eb5-812c-41d5f5ae501a'), UUID('83fdff6e-0693-4eb5-812c-41d5f5ae501a')]","(np.float64(10.0), np.float64(2.0399))",19,"Vector(0.594, -0.804)","Vector(6.646, -2.378)",echo,wall_obstacle_16,83fdff6e-0693-4eb5-812c-41d5f5ae501a,8.679,"Vector(0.000, -1.000)",17.971635966729423,"Vector(3.354, 4.417)",7.058818662106288,8.670116326530612,63.876,8.691,0.002
1060,[np.float64(61.36504977308793)],[np.float64(8.692)],[UUID('c74656df-e1ea-4419-89f8-2bc2bdae2948')],"(np.int64(10), np.int64(7))",24,"Vector(0.594, -0.804)","Vector(6.646, 2.583)",direct,,c74656df-e1ea-4419-89f8-2bc2bdae2948,8.679,"Vector(-1.000, 0.000)",58.88920807148719,"Vector(3.354, 4.417)",7.1305075704678975,8.671,61.365,8.692,0.001
1061,[np.float64(60.08643821561524)],[np.float64(8.692)],[UUID('e14cd6a5-ab15-4283-92a1-df8935d72df6')],"(np.float64(9.6901), np.float64(7.0))",24,"Vector(0.594, -0.804)","Vector(6.336, 2.583)",echo,wall_obstacle_44,e14cd6a5-ab15-4283-92a1-df8935d72df6,8.679,"Vector(1.000, 0.000)",59.82910347143803,"Vector(3.354, 4.417)",6.842568954603234,8.671903498542273,60.086,8.692,0.001
1062,"[np.float64(62.88892174719688), np.float64(62.88490609181359)]","[np.float64(8.778), np.float64(8.779)]","[UUID('dc2b0638-cdb9-41bf-9134-7179416831d6'), UUID('dc2b0638-cdb9-41bf-9134-7179416831d6')]","(np.float64(0.50995), np.float64(9e-05))",0,"Vector(0.776, -0.631)","Vector(-3.024, -4.230)",echo,wall_obstacle_45,dc2b0638-cdb9-41bf-9134-7179416831d6,8.776,"Vector(-0.454, 0.891)",-87.90985429581296,"Vector(3.534, 4.230)",5.200067827067258,8.762272416522448,62.887,8.778,0.002
1063,[np.float64(71.6371941128981)],[np.float64(8.778)],[UUID('e0d66eff-3be9-4a16-8229-a68df0377583')],"(np.float64(0.0), np.float64(2.5501))",2,"Vector(0.776, -0.631)","Vector(-3.532, -1.682)",echo,wall_obstacle_4,e0d66eff-3be9-4a16-8229-a68df0377583,8.776,"Vector(0.000, 1.000)",-116.88210056283476,"Vector(3.532, 4.232)",3.912089038927923,8.76531166180758,71.637,8.778,0.001
1064,"[np.float64(60.82197925878314), np.float64(60.82467129348343)]","[np.float64(8.779), np.float64(8.78)]","[UUID('5fe777d2-fba6-4168-b1f4-652847996c6a'), UUID('5fe777d2-fba6-4168-b1f4-652847996c6a')]","(np.int64(10), np.int64(1))",18,"Vector(0.776, -0.631)","Vector(6.463, -3.228)",direct,,5fe777d2-fba6-4168-b1f4-652847996c6a,8.776,"Vector(-1.000, 0.000)",11.113418047013909,"Vector(3.537, 4.228)",7.224646823236413,8.757,60.823,8.779,0.002
1065,"[np.float64(69.74473666339605), np.float64(69.75432853286274)]","[np.float64(8.779), np.float64(8.78)]","[UUID('5d87c1c1-708a-46f2-8327-ce221d6cb2c0'), UUID('5d87c1c1-708a-46f2-8327-ce221d6cb2c0')]","(np.float64(10.0), np.float64(1.0199))",18,"Vector(0.776, -0.631)","Vector(6.463, -3.208)",echo,wall_obstacle_14,5d87c1c1-708a-46f2-8327-ce221d6cb2c0,8.776,"Vector(0.000, -1.000)",11.254778765328894,"Vector(3.537, 4.228)",7.215776672160801,8.75705801749271,69.75,8.779,0.002
1066,"[np.float64(63.76667448356602), np.float64(63.760487403878074)]","[np.float64(8.779), np.float64(8.78)]","[UUID('ae8f411d-d914-4915-83c6-cb8d38f5aac9'), UUID('ae8f411d-d914-4915-83c6-cb8d38f5aac9')]","(np.float64(0.0), np.float64(2.0401))",2,"Vector(0.776, -0.631)","Vector(-3.537, -2.188)",echo,wall_obstacle_3,ae8f411d-d914-4915-83c6-cb8d38f5aac9,8.776,"Vector(0.000, 1.000)",-110.60056604260046,"Vector(3.537, 4.228)",4.158906500331547,8.766798542274051,63.764,8.779,0.002
1067,"[np.float64(81.08145887657736), np.float64(81.08479620531143)]","[np.float64(8.782), np.float64(8.783)]","[UUID('e96de135-04af-4a68-926c-2cbf6cb8203d'), UUID('e96de135-04af-4a68-926c-2cbf6cb8203d')]","(np.int64(4), np.int64(0))",12,"Vector(0.776, -0.631)","Vector(0.456, -4.223)",direct,,e96de135-04af-4a68-926c-2cbf6cb8203d,8.776,"Vector(0.000, 1.000)",-46.17819565005615,"Vector(3.544, 4.223)",4.247170557736056,8.769,81.083,8.782,0.002
1068,"[np.float64(73.24317152197129), np.float64(73.24601300281404)]","[np.float64(8.782), np.float64(8.783)]","[UUID('0dd82d66-5271-4240-8191-3f728252497e'), UUID('0dd82d66-5271-4240-8191-3f728252497e')]","(np.float64(4.0799), np.float64(0.0))",12,"Vector(0.776, -0.631)","Vector(0.536, -4.223)",echo,wall_obstacle_52,0dd82d66-5271-4240-8191-3f728252497e,8.776,"Vector(-1.000, 0.000)",-45.10884129209686,"Vector(3.544, 4.223)",4.256495659635988,8.769232944606415,73.245,8.782,0.002
1069,"[np.float64(69.95394275316282), np.float64(69.96351431356999)]","[np.float64(8.783), np.float64(8.784)]","[UUID('f929c3e8-5549-4bb3-ad68-72ad5564b998'), UUID('f929c3e8-5549-4bb3-ad68-72ad5564b998')]","(np.float64(3.5701), np.float64(0.0))",12,"Vector(0.776, -0.631)","Vector(0.024, -4.221)",echo,wall_obstacle_51,f929c3e8-5549-4bb3-ad68-72ad5564b998,8.776,"Vector(1.000, 0.000)",-52.01899686557526,"Vector(3.546, 4.221)",4.22076851917989,8.770253352769679,69.959,8.783,0.002
1070,"[np.float64(61.2477217556556), np.float64(61.24708557494814)]","[np.float64(8.785), np.float64(8.786)]","[UUID('31c30353-b36b-406d-bd28-fea08476f1d0'), UUID('31c30353-b36b-406d-bd28-fea08476f1d0')]","(np.int64(10), np.int64(7))",24,"Vector(0.776, -0.631)","Vector(6.449, 2.783)",direct,,31c30353-b36b-406d-bd28-fea08476f1d0,8.776,"Vector(-1.000, 0.000)",60.99630993184231,"Vector(3.551, 4.217)",7.024163707552665,8.764,61.247,8.785,0.002
1071,"[np.float64(60.6664933512122), np.float64(60.67331220892759)]","[np.float64(8.785), np.float64(8.786)]","[UUID('de3c6ebe-752d-42a3-909c-aa8196f07f77'), UUID('de3c6ebe-752d-42a3-909c-aa8196f07f77')]","(np.float64(9.6901), np.float64(7.0))",24,"Vector(0.776, -0.631)","Vector(6.139, 2.783)",echo,wall_obstacle_44,de3c6ebe-752d-42a3-909c-aa8196f07f77,8.776,"Vector(1.000, 0.000)",62.04004768510316,"Vector(3.551, 4.217)",6.740745052180804,8.764903498542273,60.67,8.785,0.002
1072,"[np.float64(62.58301683597602), np.float64(62.59166366046519)]","[np.float64(8.785), np.float64(8.786)]","[UUID('c7ea864b-e49d-4af8-bdae-6fd53d2d6bed'), UUID('c7ea864b-e49d-4af8-bdae-6fd53d2d6bed')]","(np.float64(3.0601), np.float64(0.0))",12,"Vector(0.776, -0.631)","Vector(-0.491, -4.217)",echo,wall_obstacle_50,c7ea864b-e49d-4af8-bdae-6fd53d2d6bed,8.776,"Vector(1.000, 0.000)",-58.98161121686838,"Vector(3.551, 4.217)",4.245363642669495,8.771740233236152,62.587,8.785,0.002
1073,"[np.float64(61.101011628583976), np.float64(61.104023730229905)]","[np.float64(8.877), np.float64(8.878)]","[UUID('77a32f89-5280-4ed2-9160-ff60d439d214'), UUID('77a32f89-5280-4ed2-9160-ff60d439d214')]","(np.int64(10), np.int64(1))",18,"Vector(0.776, -0.631)","Vector(6.235, -3.043)",direct,,77a32f89-5280-4ed2-9160-ff60d439d214,8.874,"Vector(-1.000, 0.000)",11.639227900725558,"Vector(3.765, 4.043)",6.937899145022217,8.856,61.103,8.877,0.002
1074,"[np.float64(70.70006456872738), np.float64(70.70996890817874)]","[np.float64(8.877), np.float64(8.878)]","[UUID('e4055a93-9112-467f-9470-69f6979bfbb3'), UUID('e4055a93-9112-467f-9470-69f6979bfbb3')]","(np.float64(10.0), np.float64(1.0199))",18,"Vector(0.776, -0.631)","Vector(6.235, -3.023)",echo,wall_obstacle_14,e4055a93-9112-467f-9470-69f6979bfbb3,8.874,"Vector(0.000, -1.000)",11.787103691042546,"Vector(3.765, 4.043)",6.929193861085141,8.85605801749271,70.705,8.877,0.002
1075,[np.float64(66.87744362655216)],[np.float64(8.877)],[UUID('006448e5-a1e6-48dc-9625-5ae25bccbf03')],"(np.float64(0.0), np.float64(0.5101))",0,"Vector(0.776, -0.631)","Vector(-3.763, -3.535)",echo,wall_obstacle_0,006448e5-a1e6-48dc-9625-5ae25bccbf03,8.874,"Vector(0.000, 1.000)",-99.13429065601144,"Vector(3.763, 4.045)",5.162677157880395,8.860428279883381,66.877,8.877,0.001
1076,"[np.float64(62.4603554884612), np.float64(62.45580063076427)]","[np.float64(8.878), np.float64(8.879)]","[UUID('49d426f8-e88f-48bd-b787-463c74b3d87e'), UUID('49d426f8-e88f-48bd-b787-463c74b3d87e')]","(np.float64(0.50995), np.float64(9e-05))",0,"Vector(0.776, -0.631)","Vector(-3.257, -4.041)",echo,wall_obstacle_45,49d426f8-e88f-48bd-b787-463c74b3d87e,8.874,"Vector(-0.454, 0.891)",-91.21734166385494,"Vector(3.767, 4.041)",5.19048614544919,8.862272416522448,62.458,8.878,0.002
1077,"[np.float64(70.83441362679812), np.float64(70.82643838840977)]","[np.float64(8.883000000000001), np.float64(8.884)]","[UUID('2fad530f-d684-4b6e-9d92-7856892469b5'), UUID('2fad530f-d684-4b6e-9d92-7856892469b5')]","(np.float64(0.0), np.float64(2.5501))",2,"Vector(0.776, -0.631)","Vector(-3.779, -1.482)",echo,wall_obstacle_4,2fad530f-d684-4b6e-9d92-7856892469b5,8.874,"Vector(0.000, 1.000)",-120.93750007922965,"Vector(3.779, 4.032)",4.059107963888125,8.87031166180758,70.83,8.883,0.002
1078,"[np.float64(63.071232245711336), np.float64(63.06430990855029)]","[np.float64(8.885), np.float64(8.886000000000001)]","[UUID('fb4dd29e-721b-4dce-a8a7-1f99e6bfd374'), UUID('fb4dd29e-721b-4dce-a8a7-1f99e6bfd374')]","(np.float64(0.0), np.float64(2.0401))",2,"Vector(0.776, -0.631)","Vector(-3.784, -1.988)",echo,wall_obstacle_3,fb4dd29e-721b-4dce-a8a7-1f99e6bfd374,8.874,"Vector(0.000, 1.000)",-114.62971066306845,"Vector(3.784, 4.028)",4.27409519272793,8.871798542274052,63.068,8.885,0.002
1079,[np.float64(61.18241350957183)],[np.float64(8.887)],[UUID('7791959a-723c-4659-beb4-7b8febe5bb21')],"(np.int64(10), np.int64(7))",24,"Vector(0.776, -0.631)","Vector(6.214, 2.974)",direct,,7791959a-723c-4659-beb4-7b8febe5bb21,8.874,"Vector(-1.000, 0.000)",63.23007142226703,"Vector(3.786, 4.026)",6.888961927787089,8.866,61.182,8.887,0.001
1080,[np.float64(61.34107013091047)],[np.float64(8.887)],[UUID('f8704cd4-516a-4434-a526-acf07dd864c7')],"(np.float64(9.6901), np.float64(7.0))",24,"Vector(0.776, -0.631)","Vector(5.904, 2.974)",echo,wall_obstacle_44,f8704cd4-516a-4434-a526-acf07dd864c7,8.874,"Vector(1.000, 0.000)",64.38965992931978,"Vector(3.786, 4.026)",6.610780743943941,8.866903498542273,61.341,8.887,0.001
1081,"[np.float64(62.04201859866695), np.float64(62.042329984100874)]","[np.float64(8.928), np.float64(8.929)]","[UUID('5619059c-b937-4798-a25b-8fd7c2d079ce'), UUID('5619059c-b937-4798-a25b-8fd7c2d079ce')]","(np.int64(10), np.int64(6))",23,"Vector(0.776, -0.631)","Vector(6.116, 2.053)",direct,,5619059c-b937-4798-a25b-8fd7c2d079ce,8.922,"Vector(-1.000, 0.000)",56.212906538597025,"Vector(3.884, 3.947)",6.451583172563151,8.909,62.042,8.928,0.002
1082,"[np.float64(79.91459767899399), np.float64(79.91932646548385)]","[np.float64(8.929), np.float64(8.93)]","[UUID('42b87d83-585b-4bb0-a323-10e8630047e0'), UUID('42b87d83-585b-4bb0-a323-10e8630047e0')]","(np.int64(6), np.int64(0))",14,"Vector(0.776, -0.631)","Vector(2.114, -3.945)",direct,,42b87d83-585b-4bb0-a323-10e8630047e0,8.922,"Vector(0.000, 1.000)",-24.161173687009182,"Vector(3.886, 3.945)",4.475394403904532,8.915000000000001,79.917,8.929,0.002
1083,"[np.float64(68.3213512144995), np.float64(68.32603501180145)]","[np.float64(8.929), np.float64(8.93)]","[UUID('fd53b471-21c0-4488-bb03-007d53f6aedf'), UUID('fd53b471-21c0-4488-bb03-007d53f6aedf')]","(np.float64(6.1199), np.float64(0.0))",14,"Vector(0.776, -0.631)","Vector(2.234, -3.945)",echo,wall_obstacle_56,fd53b471-21c0-4488-bb03-007d53f6aedf,8.922,"Vector(-1.000, 0.000)",-22.825316117399954,"Vector(3.886, 3.945)",4.533256349082853,8.915349562682216,68.324,8.929,0.002
1084,"[np.float64(71.11135049943096), np.float64(71.1228496856626)]","[np.float64(8.929), np.float64(8.93)]","[UUID('992e6355-451d-467b-ae88-0d2e9ab600c7'), UUID('992e6355-451d-467b-ae88-0d2e9ab600c7')]","(np.float64(5.6101), np.float64(0.0))",14,"Vector(0.776, -0.631)","Vector(1.724, -3.945)",echo,wall_obstacle_55,992e6355-451d-467b-ae88-0d2e9ab600c7,8.922,"Vector(1.000, 0.000)",-28.740022445195876,"Vector(3.886, 3.945)",4.304980747285637,8.916136734693879,71.117,8.929,0.002
1085,"[np.float64(63.89181116040252), np.float64(63.903003481100455)]","[np.float64(8.93), np.float64(8.931000000000001)]","[UUID('12f15a90-6f87-4a7b-9c56-24d2d8f09979'), UUID('12f15a90-6f87-4a7b-9c56-24d2d8f09979')]","(np.float64(5.1001), np.float64(0.0))",14,"Vector(0.776, -0.631)","Vector(1.212, -3.943)",echo,wall_obstacle_54,12f15a90-6f87-4a7b-9c56-24d2d8f09979,8.922,"Vector(1.000, 0.000)",-35.26465790888909,"Vector(3.889, 3.943)",4.124809451174684,8.91762361516035,63.897,8.93,0.002
1086,"[np.float64(62.627220905874395), np.float64(62.62850411473873)]","[np.float64(8.931000000000001), np.float64(8.932)]","[UUID('db424b4e-185b-4c4b-ac55-36d6797c86a5'), UUID('db424b4e-185b-4c4b-ac55-36d6797c86a5')]","(np.int64(10), np.int64(5))",22,"Vector(0.776, -0.631)","Vector(6.109, 1.059)",direct,,db424b4e-185b-4c4b-ac55-36d6797c86a5,8.922,"Vector(-1.000, 0.000)",47.48907286745637,"Vector(3.891, 3.941)",6.200221637369103,8.912,62.628,8.931,0.002
1087,"[np.float64(81.23557586878759), np.float64(81.23635190217807)]","[np.float64(8.932), np.float64(8.933)]","[UUID('7308e890-4bac-4a62-8bb1-985ad4dbcfdc'), UUID('7308e890-4bac-4a62-8bb1-985ad4dbcfdc')]","(np.int64(3), np.int64(0))",11,"Vector(0.776, -0.631)","Vector(-0.893, -3.939)",direct,,7308e890-4bac-4a62-8bb1-985ad4dbcfdc,8.922,"Vector(0.000, 1.000)",-65.1216882159935,"Vector(3.893, 3.939)",4.039092967053371,8.92,81.236,8.932,0.002
1088,"[np.float64(75.93978704424778), np.float64(75.94065287644004)]","[np.float64(8.932), np.float64(8.933)]","[UUID('2673b983-a5dd-4102-b363-b58ea09a11b5'), UUID('2673b983-a5dd-4102-b363-b58ea09a11b5')]","(np.float64(3.0599), np.float64(0.0))",11,"Vector(0.776, -0.631)","Vector(-0.833, -3.939)",echo,wall_obstacle_50,2673b983-a5dd-4102-b363-b58ea09a11b5,8.922,"Vector(-1.000, 0.000)",-64.29035750654822,"Vector(3.893, 3.939)",4.026270265456605,8.920174635568513,75.94,8.932,0.002
1089,"[np.float64(70.27365204481337), np.float64(70.28029260997067)]","[np.float64(8.934000000000001), np.float64(8.935)]","[UUID('7f992bda-0736-4ae5-bf9c-26d4c17443ea'), UUID('7f992bda-0736-4ae5-bf9c-26d4c17443ea')]","(np.float64(2.5501), np.float64(0.0))",11,"Vector(0.776, -0.631)","Vector(-1.348, -3.935)",echo,wall_obstacle_49,7f992bda-0736-4ae5-bf9c-26d4c17443ea,8.922,"Vector(1.000, 0.000)",-71.25097310570075,"Vector(3.898, 3.935)",4.159708610527906,8.92131166180758,70.277,8.934,0.002
1090,[np.float64(60.36370809023908)],[np.float64(8.974)],[UUID('519d78b4-c2e9-4a68-ac36-a6d2329d73cb')],"(np.float64(8.1601), np.float64(0.0))",17,"Vector(0.776, -0.631)","Vector(4.171, -3.862)",echo,wall_obstacle_60,519d78b4-c2e9-4a68-ac36-a6d2329d73cb,8.972,"Vector(1.000, 0.000)",-5.137243504924527,"Vector(3.989, 3.862)",5.684374669433746,8.955448688046646,60.364,8.974,0.001
1091,"[np.float64(83.04601917199685), np.float64(83.04726509884506)]","[np.float64(8.974), np.float64(8.975)]","[UUID('491cfd4c-2940-434f-a836-47a6009993ce'), UUID('491cfd4c-2940-434f-a836-47a6009993ce')]","(np.float64(0.0), np.float64(1.0199))",0,"Vector(0.776, -0.631)","Vector(-3.991, -2.840)",echo,wall_obstacle_1,491cfd4c-2940-434f-a836-47a6009993ce,8.972,"Vector(0.000, -1.000)",-106.91212747615397,"Vector(3.991, 3.860)",4.898289538451152,8.95905801749271,83.047,8.974,0.002
1092,"[np.float64(66.41164525358766), np.float64(66.4066467874894)]","[np.float64(8.976), np.float64(8.977)]","[UUID('d27059e4-1a05-40c4-aa5a-9d3dc8ea6481'), UUID('d27059e4-1a05-40c4-aa5a-9d3dc8ea6481')]","(np.float64(0.0), np.float64(0.5101))",0,"Vector(0.776, -0.631)","Vector(-3.996, -3.346)",echo,wall_obstacle_0,d27059e4-1a05-40c4-aa5a-9d3dc8ea6481,8.972,"Vector(0.000, 1.000)",-102.40437291784875,"Vector(3.996, 3.856)",5.211575245211375,8.96042827988338,66.409,8.976,0.002
1093,"[np.float64(61.97985041375119), np.float64(61.97479774095913)]","[np.float64(8.978), np.float64(8.979000000000001)]","[UUID('0e5af6bc-c718-4ee2-9205-b04f418ee6ff'), UUID('0e5af6bc-c718-4ee2-9205-b04f418ee6ff')]","(np.float64(0.50995), np.float64(9e-05))",0,"Vector(0.776, -0.631)","Vector(-3.490, -3.852)",echo,wall_obstacle_45,0e5af6bc-c718-4ee2-9205-b04f418ee6ff,8.972,"Vector(-0.454, 0.891)",-94.52599893615302,"Vector(4.000, 3.852)",5.198231184364543,8.962272416522447,61.977,8.978,0.002
1094,"[np.float64(81.68449568261074), np.float64(81.68715717484064)]","[np.float64(8.982), np.float64(8.983)]","[UUID('8cc52d2f-5ac0-4fde-82f4-20a6d56997f9'), UUID('8cc52d2f-5ac0-4fde-82f4-20a6d56997f9')]","(np.int64(4), np.int64(0))",12,"Vector(0.776, -0.631)","Vector(-0.010, -3.845)",direct,,8cc52d2f-5ac0-4fde-82f4-20a6d56997f9,8.972,"Vector(0.000, 1.000)",-52.490327295757936,"Vector(4.010, 3.845)",3.844602287168336,8.97,81.686,8.982,0.002
1095,"[np.float64(73.82620522704168), np.float64(73.8291642132175)]","[np.float64(8.982), np.float64(8.983)]","[UUID('7b3771f6-ed28-471d-8cd1-75b8a4c809d7'), UUID('7b3771f6-ed28-471d-8cd1-75b8a4c809d7')]","(np.float64(4.0799), np.float64(0.0))",12,"Vector(0.776, -0.631)","Vector(0.070, -3.845)",echo,wall_obstacle_52,7b3771f6-ed28-471d-8cd1-75b8a4c809d7,8.972,"Vector(-1.000, 0.000)",-51.299697069269946,"Vector(4.010, 3.845)",3.84523048730502,8.970232944606416,73.828,8.982,0.002
1096,"[np.float64(71.77601181736989), np.float64(71.7845803167542)]","[np.float64(8.983), np.float64(8.984)]","[UUID('cfa90e61-0708-4ac5-b76d-3596bb138934'), UUID('cfa90e61-0708-4ac5-b76d-3596bb138934')]","(np.float64(3.5701), np.float64(0.0))",12,"Vector(0.776, -0.631)","Vector(-0.442, -3.843)",echo,wall_obstacle_51,cfa90e61-0708-4ac5-b76d-3596bb138934,8.972,"Vector(1.000, 0.000)",-58.90624848078369,"Vector(4.012, 3.843)",3.86803090635274,8.97125335276968,71.78,8.983,0.002
1097,"[np.float64(61.44362723079712), np.float64(61.44702936242836)]","[np.float64(8.984), np.float64(8.985)]","[UUID('c213e813-fce4-43c1-9999-50383b0584a4'), UUID('c213e813-fce4-43c1-9999-50383b0584a4')]","(np.int64(10), np.int64(1))",18,"Vector(0.776, -0.631)","Vector(5.986, -2.841)",direct,,c213e813-fce4-43c1-9999-50383b0584a4,8.972,"Vector(-1.000, 0.000)",12.265241795099058,"Vector(4.014, 3.841)",6.62554512779892,8.964,61.445,8.984,0.002
1098,"[np.float64(71.77681231254957), np.float64(71.7870323894669)]","[np.float64(8.984), np.float64(8.985)]","[UUID('38bc02c3-287d-4ac8-91a7-1c2ec6ac6d2a'), UUID('38bc02c3-287d-4ac8-91a7-1c2ec6ac6d2a')]","(np.float64(10.0), np.float64(1.0199))",18,"Vector(0.776, -0.631)","Vector(5.986, -2.821)",echo,wall_obstacle_14,38bc02c3-287d-4ac8-91a7-1c2ec6ac6d2a,8.972,"Vector(0.000, -1.000)",12.420910100937618,"Vector(4.014, 3.841)",6.617037102245989,8.964058017492711,71.782,8.984,0.002
1099,"[np.float64(62.356595318103196), np.float64(62.34909193466105)]","[np.float64(8.984), np.float64(8.985)]","[UUID('30ee15ea-4ba8-46c5-86cb-799571105580'), UUID('30ee15ea-4ba8-46c5-86cb-799571105580')]","(np.float64(0.0), np.float64(2.0401))",2,"Vector(0.776, -0.631)","Vector(-4.014, -1.801)",echo,wall_obstacle_3,30ee15ea-4ba8-46c5-86cb-799571105580,8.972,"Vector(0.000, 1.000)",-118.18614028902994,"Vector(4.014, 3.841)",4.399750366611724,8.970798542274052,62.353,8.984,0.002
1100,[np.float64(61.119411124572146)],[np.float64(8.985)],[UUID('5e36ead0-6637-4cd6-b6e2-50915ae2c00b')],"(np.int64(10), np.int64(7))",24,"Vector(0.776, -0.631)","Vector(5.986, 3.159)",direct,,5e36ead0-6637-4cd6-b6e2-50915ae2c00b,8.972,"Vector(-1.000, 0.000)",65.47946991023264,"Vector(4.014, 3.841)",6.768170228392605,8.965,61.119,8.985,0.001
1101,[np.float64(61.946102201706296)],[np.float64(8.985)],[UUID('8d28ea94-336d-4200-96eb-8c9fbae435ef')],"(np.float64(9.6901), np.float64(7.0))",24,"Vector(0.776, -0.631)","Vector(5.676, 3.159)",echo,wall_obstacle_44,8d28ea94-336d-4200-96eb-8c9fbae435ef,8.972,"Vector(1.000, 0.000)",66.75549083965001,"Vector(4.014, 3.841)",6.495712353121865,8.965903498542273,61.946,8.985,0.001
1102,[np.float64(64.1952730934552)],[np.float64(8.985)],[UUID('06825bff-990a-45db-a75b-2abc6c646e9e')],"(np.float64(3.0601), np.float64(0.0))",12,"Vector(0.776, -0.631)","Vector(-0.954, -3.841)",echo,wall_obstacle_50,06825bff-990a-45db-a75b-2abc6c646e9e,8.972,"Vector(1.000, 0.000)",-66.29853153714896,"Vector(4.014, 3.841)",3.9575840830612807,8.972740233236152,64.195,8.985,0.001
1103,"[np.float64(62.75539878950884), np.float64(62.75678620650359)]","[np.float64(9.027000000000001), np.float64(9.028)]","[UUID('24ed964a-5767-48c8-9ec6-0879c8f907a8'), UUID('24ed964a-5767-48c8-9ec6-0879c8f907a8')]","(np.int64(10), np.int64(5))",22,"Vector(0.776, -0.631)","Vector(5.885, 1.240)",direct,,24ed964a-5767-48c8-9ec6-0879c8f907a8,9.024000000000001,"Vector(-1.000, 0.000)",49.556443483521726,"Vector(4.115, 3.760)",6.014734183361723,9.009,62.756,9.027,0.002
1104,"[np.float64(70.8576759660543), np.float64(70.86357423300801)]","[np.float64(9.027000000000001), np.float64(9.028)]","[UUID('21484486-2010-4378-bc32-47206792b91f'), UUID('21484486-2010-4378-bc32-47206792b91f')]","(np.float64(2.5501), np.float64(0.0))",11,"Vector(0.776, -0.631)","Vector(-1.564, -3.760)",echo,wall_obstacle_49,21484486-2010-4378-bc32-47206792b91f,9.024000000000001,"Vector(1.000, 0.000)",-74.9392946015628,"Vector(4.115, 3.760)",4.072064266744817,9.01431166180758,70.861,9.027,0.002
1105,"[np.float64(63.09362311941829), np.float64(63.09844167877876)]","[np.float64(9.029), np.float64(9.03)]","[UUID('28f265a4-9e50-405b-bc74-fc442adb1638'), UUID('28f265a4-9e50-405b-bc74-fc442adb1638')]","(np.float64(2.0401), np.float64(0.0))",11,"Vector(0.776, -0.631)","Vector(-2.079, -3.756)",echo,wall_obstacle_48,28f265a4-9e50-405b-bc74-fc442adb1638,9.024000000000001,"Vector(1.000, 0.000)",-81.31369862787983,"Vector(4.119, 3.756)",4.292844597059157,9.015798542274052,63.096,9.029,0.002
1106,"[np.float64(62.13256810048649), np.float64(62.133446826717986)]","[np.float64(9.035), np.float64(9.036)]","[UUID('558bae23-3d42-4447-96cd-cb9298fbbcd6'), UUID('558bae23-3d42-4447-96cd-cb9298fbbcd6')]","(np.int64(6), np.int64(10))",32,"Vector(0.776, -0.631)","Vector(1.867, 6.256)",direct,,558bae23-3d42-4447-96cd-cb9298fbbcd6,9.024000000000001,"Vector(0.000, -1.000)",111.03837517022265,"Vector(4.133, 3.744)",6.528183977225213,9.015,62.133,9.035,0.002
1107,"[np.float64(78.39116532060588), np.float64(78.38749525511157)]","[np.float64(9.035), np.float64(9.036)]","[UUID('ef6d5d72-8228-44ea-9adc-be7d18e2170b'), UUID('ef6d5d72-8228-44ea-9adc-be7d18e2170b')]","(np.int64(1), np.int64(0))",9,"Vector(0.776, -0.631)","Vector(-3.133, -3.744)",direct,,ef6d5d72-8228-44ea-9adc-be7d18e2170b,9.024000000000001,"Vector(0.000, 1.000)",-92.26697786923437,"Vector(4.133, 3.744)",4.882385281857629,9.02,78.389,9.035,0.002
1108,"[np.float64(82.71684991189471), np.float64(82.71353760272902)]","[np.float64(9.035), np.float64(9.036)]","[UUID('3bf230ca-10e7-4e10-8508-61ba6afc4f8b'), UUID('3bf230ca-10e7-4e10-8508-61ba6afc4f8b')]","(np.float64(1.0199), np.float64(0.0))",9,"Vector(0.776, -0.631)","Vector(-3.113, -3.744)",echo,wall_obstacle_46,3bf230ca-10e7-4e10-8508-61ba6afc4f8b,9.024000000000001,"Vector(-1.000, 0.000)",-92.08740852559382,"Vector(4.133, 3.744)",4.86963862031876,9.02005801749271,82.715,9.035,0.002
1109,[np.float64(60.27526755455213)],[np.float64(9.037)],[UUID('1f645713-1e7f-481e-b517-acb9bdfe4f76')],"(np.int64(8), np.int64(10))",34,"Vector(0.776, -0.631)","Vector(3.864, 6.257)",direct,,1f645713-1e7f-481e-b517-acb9bdfe4f76,9.024000000000001,"Vector(0.000, -1.000)",95.95606852885294,"Vector(4.136, 3.743)",7.3545891722447685,9.015,60.275,9.037,0.001
1110,[np.float64(66.83273697910654)],[np.float64(9.037)],[UUID('eb9c97d3-1aef-4e47-bbed-02d1de79cc9d')],"(np.float64(0.5101), np.float64(0.0))",9,"Vector(0.776, -0.631)","Vector(-3.625, -3.743)",echo,wall_obstacle_45,eb9c97d3-1aef-4e47-bbed-02d1de79cc9d,9.024000000000001,"Vector(1.000, 0.000)",-96.43501675886218,"Vector(4.136, 3.743)",5.210599389177794,9.02142827988338,66.833,9.037,0.001
1111,"[np.float64(79.0903676794212), np.float64(79.0952143346693)]","[np.float64(9.085), np.float64(9.086)]","[UUID('9b2fab2b-a979-45c6-b50a-f0ab1b80fe70'), UUID('9b2fab2b-a979-45c6-b50a-f0ab1b80fe70')]","(np.int64(7), np.int64(0))",15,"Vector(0.776, -0.631)","Vector(2.750, -3.650)",direct,,9b2fab2b-a979-45c6-b50a-f0ab1b80fe70,9.082,"Vector(0.000, 1.000)",-15.34669232485345,"Vector(4.250, 3.650)",4.570121561895263,9.071,79.093,9.085,0.002
1112,"[np.float64(66.09567738971201), np.float64(66.1009757875845)]","[np.float64(9.085), np.float64(9.086)]","[UUID('f1c23140-c634-45e7-8158-5bba5d8e540a'), UUID('f1c23140-c634-45e7-8158-5bba5d8e540a')]","(np.float64(7.1399), np.float64(0.0))",15,"Vector(0.776, -0.631)","Vector(2.890, -3.650)",echo,wall_obstacle_58,f1c23140-c634-45e7-8158-5bba5d8e540a,9.082,"Vector(-1.000, 0.000)",-13.971520580765002,"Vector(4.250, 3.650)",4.655654008031525,9.071407871720117,66.098,9.085,0.002
1113,"[np.float64(71.94190351150861), np.float64(71.95354160673895)]","[np.float64(9.085), np.float64(9.086)]","[UUID('b640fe4a-8bbe-4a0a-a3be-f20a72f39d04'), UUID('b640fe4a-8bbe-4a0a-a3be-f20a72f39d04')]","(np.float64(6.6301), np.float64(0.0))",15,"Vector(0.776, -0.631)","Vector(2.380, -3.650)",echo,wall_obstacle_57,b640fe4a-8bbe-4a0a-a3be-f20a72f39d04,9.082,"Vector(1.000, 0.000)",-19.234047447537534,"Vector(4.250, 3.650)",4.357542031753681,9.072078425655976,71.948,9.085,0.002
1114,"[np.float64(61.05456349675753), np.float64(61.053921313149715)]","[np.float64(9.086), np.float64(9.087)]","[UUID('8263f9fb-dc63-4096-8b26-46c544aad1e2'), UUID('8263f9fb-dc63-4096-8b26-46c544aad1e2')]","(np.int64(10), np.int64(7))",24,"Vector(0.776, -0.631)","Vector(5.748, 3.352)",direct,,8263f9fb-dc63-4096-8b26-46c544aad1e2,9.082,"Vector(-1.000, 0.000)",67.90347892027194,"Vector(4.252, 3.648)",6.653927189449851,9.066,61.054,9.086,0.002
1115,"[np.float64(62.520913519865935), np.float64(62.52634377976429)]","[np.float64(9.086), np.float64(9.087)]","[UUID('75533019-0406-438b-845a-b7b2328e14e3'), UUID('75533019-0406-438b-845a-b7b2328e14e3')]","(np.float64(9.6901), np.float64(7.0))",24,"Vector(0.776, -0.631)","Vector(5.438, 3.352)",echo,wall_obstacle_44,75533019-0406-438b-845a-b7b2328e14e3,9.082,"Vector(1.000, 0.000)",69.30382638389449,"Vector(4.252, 3.648)",6.38812957323973,9.066903498542274,62.524,9.086,0.002
1116,"[np.float64(64.69935192380456), np.float64(64.71099929004927)]","[np.float64(9.086), np.float64(9.087)]","[UUID('d87c8779-5a7b-47a7-8248-cdbfb53990f2'), UUID('d87c8779-5a7b-47a7-8248-cdbfb53990f2')]","(np.float64(6.1201), np.float64(0.0))",15,"Vector(0.776, -0.631)","Vector(1.868, -3.648)",echo,wall_obstacle_56,d87c8779-5a7b-47a7-8248-cdbfb53990f2,9.082,"Vector(1.000, 0.000)",-25.229681563395047,"Vector(4.252, 3.648)",4.098508392635057,9.073565306122449,64.705,9.086,0.002
1117,"[np.float64(60.88357617916722), np.float64(60.89501361425813)]","[np.float64(9.087), np.float64(9.088000000000001)]","[UUID('b23f08cb-d8d5-43c4-a94e-cd8059ea2109'), UUID('b23f08cb-d8d5-43c4-a94e-cd8059ea2109')]","(np.float64(5.6101), np.float64(0.0))",15,"Vector(0.776, -0.631)","Vector(1.356, -3.646)",echo,wall_obstacle_55,b23f08cb-d8d5-43c4-a94e-cd8059ea2109,9.082,"Vector(1.000, 0.000)",-31.949023018731165,"Vector(4.254, 3.646)",3.8900309423576567,9.075052186588922,60.889,9.087,0.002
1118,"[np.float64(67.25253129799738), np.float64(67.24515727119817)]","[np.float64(9.144), np.float64(9.145)]","[UUID('ff4237a3-8007-45b2-a462-699816a1bec9'), UUID('ff4237a3-8007-45b2-a462-699816a1bec9')]","(np.float64(0.0), np.float64(1.5301))",1,"Vector(0.776, -0.631)","Vector(-4.387, -2.008)",echo,wall_obstacle_2,ff4237a3-8007-45b2-a462-699816a1bec9,9.139,"Vector(0.000, 1.000)",-117.74868645075918,"Vector(4.387, 3.538)",4.825003358392613,9.129369970845481,67.249,9.144,0.002
1119,"[np.float64(77.95091693062935), np.float64(77.9465854968858)]","[np.float64(9.145), np.float64(9.146)]","[UUID('f468fc56-b7e3-4405-9317-0d6a2e183a98'), UUID('f468fc56-b7e3-4405-9317-0d6a2e183a98')]","(np.int64(1), np.int64(0))",9,"Vector(0.776, -0.631)","Vector(-3.390, -3.537)",direct,,f468fc56-b7e3-4405-9317-0d6a2e183a98,9.139,"Vector(0.000, 1.000)",-96.12950900692469,"Vector(4.390, 3.537)",4.898545881228428,9.13,77.949,9.145,0.002
1120,"[np.float64(82.33653614880119), np.float64(82.33293505223313)]","[np.float64(9.145), np.float64(9.146)]","[UUID('b063be0e-9fb1-4b46-b4c5-b83a711c9148'), UUID('b063be0e-9fb1-4b46-b4c5-b83a711c9148')]","(np.float64(1.0199), np.float64(0.0))",9,"Vector(0.776, -0.631)","Vector(-3.370, -3.537)",echo,wall_obstacle_46,b063be0e-9fb1-4b46-b4c5-b83a711c9148,9.139,"Vector(-1.000, 0.000)",-95.96099394631149,"Vector(4.390, 3.537)",4.884797361457279,9.130058017492711,82.335,9.145,0.002
1121,"[np.float64(81.95452218301638), np.float64(81.95860107571404)]","[np.float64(9.145), np.float64(9.146)]","[UUID('d155d3f4-8f9e-448b-9584-4b8397891487'), UUID('d155d3f4-8f9e-448b-9584-4b8397891487')]","(np.int64(5), np.int64(0))",13,"Vector(0.776, -0.631)","Vector(0.610, -3.537)",direct,,d155d3f4-8f9e-448b-9584-4b8397891487,9.139,"Vector(0.000, 1.000)",-42.55134004305677,"Vector(4.390, 3.537)",3.588825957120239,9.134,81.957,9.145,0.002
1122,"[np.float64(72.14499675898891), np.float64(72.14993557176138)]","[np.float64(9.145), np.float64(9.146)]","[UUID('6a2f4b3e-1b61-4d12-9e16-8e1506767523'), UUID('6a2f4b3e-1b61-4d12-9e16-8e1506767523')]","(np.float64(5.0999), np.float64(0.0))",13,"Vector(0.776, -0.631)","Vector(0.710, -3.537)",echo,wall_obstacle_54,6a2f4b3e-1b61-4d12-9e16-8e1506767523,9.139,"Vector(-1.000, 0.000)",-40.987472543502925,"Vector(4.390, 3.537)",3.607163381730858,9.134291253644315,72.147,9.145,0.002
1123,"[np.float64(73.81724083233475), np.float64(73.82714662419802)]","[np.float64(9.146), np.float64(9.147)]","[UUID('e0534863-30f7-4580-9528-71d8f114f50a'), UUID('e0534863-30f7-4580-9528-71d8f114f50a')]","(np.float64(4.5901), np.float64(0.0))",13,"Vector(0.776, -0.631)","Vector(0.198, -3.535)",echo,wall_obstacle_53,e0534863-30f7-4580-9528-71d8f114f50a,9.139,"Vector(1.000, 0.000)",-49.135072340191755,"Vector(4.392, 3.535)",3.540185908183354,9.135195043731779,73.822,9.146,0.002
1124,"[np.float64(67.06632652357663), np.float64(67.06806374586758)]","[np.float64(9.147), np.float64(9.148)]","[UUID('f9c496e7-eb6a-4fac-ac77-a3bc12e28e9e'), UUID('f9c496e7-eb6a-4fac-ac77-a3bc12e28e9e')]","(np.float64(0.5101), np.float64(0.0))",9,"Vector(0.776, -0.631)","Vector(-3.884, -3.533)",echo,wall_obstacle_45,f9c496e7-eb6a-4fac-ac77-a3bc12e28e9e,9.139,"Vector(1.000, 0.000)",-100.0575114792905,"Vector(4.394, 3.533)",5.25035728998513,9.131428279883382,67.067,9.147,0.002
1125,"[np.float64(66.27643742347861), np.float64(66.28514895168081)]","[np.float64(9.148), np.float64(9.149000000000001)]","[UUID('eb7aa830-0a5b-4057-8ae6-a4e8dae3be71'), UUID('eb7aa830-0a5b-4057-8ae6-a4e8dae3be71')]","(np.float64(4.0801), np.float64(0.0))",13,"Vector(0.776, -0.631)","Vector(-0.316, -3.531)",echo,wall_obstacle_52,eb7aa830-0a5b-4057-8ae6-a4e8dae3be71,9.139,"Vector(1.000, 0.000)",-57.46607734393863,"Vector(4.396, 3.531)",3.544997980605913,9.136681924198252,66.281,9.148,0.002
1126,"[np.float64(62.68935332686594), np.float64(62.69138530486133)]","[np.float64(9.149000000000001), np.float64(9.15)]","[UUID('58f9a51d-0d9e-4b23-a801-9647ed7a59f1'), UUID('58f9a51d-0d9e-4b23-a801-9647ed7a59f1')]","(np.float64(9e-05), np.float64(0.50995))",9,"Vector(0.776, -0.631)","Vector(-4.399, -3.019)",echo,wall_obstacle_0,58f9a51d-0d9e-4b23-a801-9647ed7a59f1,9.139,"Vector(0.891, -0.454)",-107.88229153122653,"Vector(4.399, 3.529)",5.33510402594926,9.133272416522448,62.69,9.149,0.002
1127,"[np.float64(61.66569094778676), np.float64(61.673063050972786)]","[np.float64(9.149000000000001), np.float64(9.15)]","[UUID('ee8d039b-f5f0-4f00-8156-3e942297bdec'), UUID('ee8d039b-f5f0-4f00-8156-3e942297bdec')]","(np.float64(3.5701), np.float64(0.0))",13,"Vector(0.776, -0.631)","Vector(-0.829, -3.529)",echo,wall_obstacle_51,ee8d039b-f5f0-4f00-8156-3e942297bdec,9.139,"Vector(1.000, 0.000)",-65.56116539667806,"Vector(4.399, 3.529)",3.6249623576666283,9.138168804664723,61.669,9.149,0.002
1128,"[np.float64(60.9914118452065), np.float64(60.99076360746252)]","[np.float64(9.184000000000001), np.float64(9.185)]","[UUID('d56fbf24-bbbd-4cb6-aac0-f7bff73335e0'), UUID('d56fbf24-bbbd-4cb6-aac0-f7bff73335e0')]","(np.int64(10), np.int64(7))",24,"Vector(0.776, -0.631)","Vector(5.520, 3.537)",direct,,d56fbf24-bbbd-4cb6-aac0-f7bff73335e0,9.182,"Vector(-1.000, 0.000)",70.30787843906415,"Vector(4.480, 3.463)",6.555754574455941,9.164,60.991,9.184,0.002
1129,"[np.float64(63.02767990393161), np.float64(63.03258157817594)]","[np.float64(9.184000000000001), np.float64(9.185)]","[UUID('f76abad6-c879-486e-a7d1-27a837d6f435'), UUID('f76abad6-c879-486e-a7d1-27a837d6f435')]","(np.float64(9.6901), np.float64(7.0))",24,"Vector(0.776, -0.631)","Vector(5.210, 3.537)",echo,wall_obstacle_44,f76abad6-c879-486e-a7d1-27a837d6f435,9.182,"Vector(1.000, 0.000)",71.82945393681146,"Vector(4.480, 3.463)",6.297054515763699,9.164903498542273,63.03,9.184,0.002
1130,"[np.float64(79.62832080981978), np.float64(79.63345333961732)]","[np.float64(9.193), np.float64(9.194)]","[UUID('e5762701-fc4a-47d1-a3ac-04f119b50ecf'), UUID('e5762701-fc4a-47d1-a3ac-04f119b50ecf')]","(np.int64(7), np.int64(0))",15,"Vector(0.776, -0.631)","Vector(2.499, -3.446)",direct,,e5762701-fc4a-47d1-a3ac-04f119b50ecf,9.182,"Vector(0.000, 1.000)",-16.398509203933514,"Vector(4.501, 3.446)",4.25638220352684,9.18,79.631,9.193,0.002
1131,"[np.float64(73.20304511805271), np.float64(73.21476651965797)]","[np.float64(9.193), np.float64(9.194)]","[UUID('59260fc7-1050-4ca1-b9b9-cf5638413f2a'), UUID('59260fc7-1050-4ca1-b9b9-cf5638413f2a')]","(np.float64(6.6301), np.float64(0.0))",15,"Vector(0.776, -0.631)","Vector(2.129, -3.446)",echo,wall_obstacle_57,59260fc7-1050-4ca1-b9b9-cf5638413f2a,9.182,"Vector(1.000, 0.000)",-20.63848363282841,"Vector(4.501, 3.446)",4.050322728190928,9.181078425655976,73.209,9.193,0.002
1132,"[np.float64(66.70752286491395), np.float64(66.71346630730768)]","[np.float64(9.194), np.float64(9.195)]","[UUID('6d8aef31-3b1f-429c-90fa-246627492c5c'), UUID('6d8aef31-3b1f-429c-90fa-246627492c5c')]","(np.float64(7.1399), np.float64(0.0))",15,"Vector(0.776, -0.631)","Vector(2.636, -3.444)",echo,wall_obstacle_58,6d8aef31-3b1f-429c-90fa-246627492c5c,9.182,"Vector(-1.000, 0.000)",-14.91239141275548,"Vector(4.504, 3.444)",4.33706951483372,9.180407871720117,66.71,9.194,0.002
1133,"[np.float64(65.95896864846567), np.float64(65.97064835706111)]","[np.float64(9.194), np.float64(9.195)]","[UUID('b9b8a255-c5f3-4777-b882-c74d1d888d6c'), UUID('b9b8a255-c5f3-4777-b882-c74d1d888d6c')]","(np.float64(6.1201), np.float64(0.0))",15,"Vector(0.776, -0.631)","Vector(1.616, -3.444)",echo,wall_obstacle_56,b9b8a255-c5f3-4777-b882-c74d1d888d6c,9.182,"Vector(1.000, 0.000)",-27.20217371364828,"Vector(4.504, 3.444)",3.8043829597583887,9.182565306122449,65.965,9.194,0.002
1134,[np.float64(62.11480423691073)],[np.float64(9.195)],[UUID('847e37f7-ae0e-4596-ab20-e9bd9f2ab97d')],"(np.float64(5.6101), np.float64(0.0))",15,"Vector(0.776, -0.631)","Vector(1.106, -3.444)",echo,wall_obstacle_55,847e37f7-ae0e-4596-ab20-e9bd9f2ab97d,9.182,"Vector(1.000, 0.000)",-34.534891857082926,"Vector(4.504, 3.444)",3.6172753979341965,9.184052186588922,62.115,9.195,0.001
1135,[np.float64(69.95994017397133)],[np.float64(9.23)],[UUID('c1ddd6cc-b3da-4102-bb10-9c9c49585c37')],"(np.float64(6.1199), np.float64(0.0))",14,"Vector(0.776, -0.631)","Vector(1.535, -3.378)",echo,wall_obstacle_56,c1ddd6cc-b3da-4102-bb10-9c9c49585c37,9.228,"Vector(-1.000, 0.000)",-27.911012348154884,"Vector(4.585, 3.378)",3.710050488403089,9.217349562682216,69.96,9.23,0.001
1136,[np.float64(74.55229735620634)],[np.float64(9.23)],[UUID('9f854b6a-5f68-4ed1-a346-818fec78b43e')],"(np.float64(5.6101), np.float64(0.0))",14,"Vector(0.776, -0.631)","Vector(1.025, -3.378)",echo,wall_obstacle_55,9f854b6a-5f68-4ed1-a346-818fec78b43e,9.228,"Vector(1.000, 0.000)",-35.46677852694524,"Vector(4.585, 3.378)",3.529818852929991,9.218136734693879,74.552,9.23,0.001
1137,"[np.float64(67.17324041878982), np.float64(67.18382222627552)]","[np.float64(9.23), np.float64(9.231)]","[UUID('93410028-16ee-4c19-9344-13871a95ea99'), UUID('93410028-16ee-4c19-9344-13871a95ea99')]","(np.float64(5.1001), np.float64(0.0))",14,"Vector(0.776, -0.631)","Vector(0.513, -3.376)",echo,wall_obstacle_54,93410028-16ee-4c19-9344-13871a95ea99,9.228,"Vector(1.000, 0.000)",-43.71249308748392,"Vector(4.588, 3.376)",3.414556414602049,9.21962361516035,67.179,9.23,0.002
1138,"[np.float64(63.057980151553096), np.float64(63.059545343968445)]","[np.float64(9.231), np.float64(9.232)]","[UUID('cdc3f563-27fc-40aa-91b2-c859d4397bb1'), UUID('cdc3f563-27fc-40aa-91b2-c859d4397bb1')]","(np.int64(10), np.int64(5))",22,"Vector(0.776, -0.631)","Vector(5.410, 1.626)",direct,,cdc3f563-27fc-40aa-91b2-c859d4397bb1,9.228,"Vector(-1.000, 0.000)",54.38279087170116,"Vector(4.590, 3.374)",5.6491796973100445,9.214,63.059,9.231,0.002
1139,"[np.float64(61.57072757756151), np.float64(61.57858567067672)]","[np.float64(9.231), np.float64(9.232)]","[UUID('a27f8b6b-75db-4d75-aaab-cd7316a84615'), UUID('a27f8b6b-75db-4d75-aaab-cd7316a84615')]","(np.float64(10.0), np.float64(5.0999))",22,"Vector(0.776, -0.631)","Vector(5.410, 1.726)",echo,wall_obstacle_22,a27f8b6b-75db-4d75-aaab-cd7316a84615,9.228,"Vector(0.000, -1.000)",55.34812436402612,"Vector(4.590, 3.374)",5.678740182337981,9.214291253644316,61.575,9.231,0.002
1140,"[np.float64(62.911595617003066), np.float64(62.92107085441631)]","[np.float64(9.231), np.float64(9.232)]","[UUID('d097b184-f408-4837-883c-626b247b6922'), UUID('d097b184-f408-4837-883c-626b247b6922')]","(np.float64(4.5901), np.float64(0.0))",14,"Vector(0.776, -0.631)","Vector(0.000, -3.374)",echo,wall_obstacle_53,d097b184-f408-4837-883c-626b247b6922,9.228,"Vector(1.000, 0.000)",-52.34190466314787,"Vector(4.590, 3.374)",3.3739800065353087,9.221110495626823,62.916,9.231,0.002
1141,"[np.float64(82.32505003817025), np.float64(82.32901726304357)]","[np.float64(9.237), np.float64(9.238)]","[UUID('803fd534-2f8c-4f36-b1a9-b6f5d71913c6'), UUID('803fd534-2f8c-4f36-b1a9-b6f5d71913c6')]","(np.int64(5), np.int64(0))",13,"Vector(0.776, -0.631)","Vector(0.396, -3.363)",direct,,803fd534-2f8c-4f36-b1a9-b6f5d71913c6,9.228,"Vector(0.000, 1.000)",-45.6268059059623,"Vector(4.604, 3.363)",3.3858923117104593,9.227,82.327,9.237,0.002
1142,"[np.float64(60.78604523978541), np.float64(60.788396870215465)]","[np.float64(9.238), np.float64(9.239)]","[UUID('24226fcb-492f-450e-8bfd-9751dbf2a2cd'), UUID('24226fcb-492f-450e-8bfd-9751dbf2a2cd')]","(np.int64(8), np.int64(10))",34,"Vector(0.776, -0.631)","Vector(3.394, 6.639)",direct,,24226fcb-492f-450e-8bfd-9751dbf2a2cd,9.228,"Vector(0.000, -1.000)",100.57967405029268,"Vector(4.606, 3.361)",7.456374387227347,9.216000000000001,60.787,9.238,0.002
1143,"[np.float64(72.6148479750893), np.float64(72.62000495894806)]","[np.float64(9.238), np.float64(9.239)]","[UUID('8d6a1749-6984-4917-9834-279fee67aa7e'), UUID('8d6a1749-6984-4917-9834-279fee67aa7e')]","(np.float64(5.0999), np.float64(0.0))",13,"Vector(0.776, -0.631)","Vector(0.494, -3.361)",echo,wall_obstacle_54,8d6a1749-6984-4917-9834-279fee67aa7e,9.228,"Vector(-1.000, 0.000)",-43.98839496767923,"Vector(4.606, 3.361)",3.396819137443146,9.227291253644315,72.617,9.238,0.002
1144,"[np.float64(74.70801139182835), np.float64(74.71744692163102)]","[np.float64(9.238), np.float64(9.239)]","[UUID('5d9cdccf-2e20-429a-9f16-14c3e5a98a90'), UUID('5d9cdccf-2e20-429a-9f16-14c3e5a98a90')]","(np.float64(4.5901), np.float64(0.0))",13,"Vector(0.776, -0.631)","Vector(-0.016, -3.361)",echo,wall_obstacle_53,5d9cdccf-2e20-429a-9f16-14c3e5a98a90,9.228,"Vector(1.000, 0.000)",-52.61994972065446,"Vector(4.606, 3.361)",3.3607885640873034,9.228195043731779,74.713,9.238,0.002
1145,"[np.float64(66.52651856197093), np.float64(66.51877713195458)]","[np.float64(9.24), np.float64(9.241)]","[UUID('4e10224a-8539-4def-8b10-7db9ab1bfab2'), UUID('4e10224a-8539-4def-8b10-7db9ab1bfab2')]","(np.float64(0.0), np.float64(1.5301))",1,"Vector(0.776, -0.631)","Vector(-4.611, -1.827)",echo,wall_obstacle_2,4e10224a-8539-4def-8b10-7db9ab1bfab2,9.228,"Vector(0.000, 1.000)",-120.7314923160792,"Vector(4.611, 3.357)",4.959585056887319,9.225369970845481,66.523,9.24,0.002
1146,"[np.float64(67.04830756613994), np.float64(67.05634838852531)]","[np.float64(9.24), np.float64(9.241)]","[UUID('954fdcc8-fea4-43a7-bf56-f95320d5c4d9'), UUID('954fdcc8-fea4-43a7-bf56-f95320d5c4d9')]","(np.float64(4.0801), np.float64(0.0))",13,"Vector(0.776, -0.631)","Vector(-0.531, -3.357)",echo,wall_obstacle_52,954fdcc8-fea4-43a7-bf56-f95320d5c4d9,9.228,"Vector(1.000, 0.000)",-61.32995540473014,"Vector(4.611, 3.357)",3.3986694100044508,9.229681924198252,67.052,9.24,0.002
1147,[np.float64(63.16640396704261)],[np.float64(9.288)],[UUID('567c3862-3ef3-49b0-ba6c-9ef05bc88a42')],"(np.float64(5.6101), np.float64(0.0))",15,"Vector(0.776, -0.631)","Vector(0.890, -3.268)",echo,wall_obstacle_55,567c3862-3ef3-49b0-ba6c-9ef05bc88a42,9.286,"Vector(1.000, 0.000)",-37.11615237540366,"Vector(4.720, 3.268)",3.3870870275946556,9.277052186588922,63.166,9.288,0.001
1148,"[np.float64(60.301075718929205), np.float64(60.31145257725064)]","[np.float64(9.289), np.float64(9.290000000000001)]","[UUID('6a81bde3-16d1-4d45-aa6b-fd773e6276ca'), UUID('6a81bde3-16d1-4d45-aa6b-fd773e6276ca')]","(np.float64(5.1001), np.float64(0.0))",15,"Vector(0.776, -0.631)","Vector(0.375, -3.264)",echo,wall_obstacle_54,6a81bde3-16d1-4d45-aa6b-fd773e6276ca,9.286,"Vector(1.000, 0.000)",-45.79101526100334,"Vector(4.725, 3.264)",3.2858368362564807,9.278539067055393,60.306,9.289,0.002
1149,"[np.float64(81.96229995208238), np.float64(81.96777256094666)]","[np.float64(9.335), np.float64(9.336)]","[UUID('41c9eba0-8d2a-4e79-965f-e7c46cad4ff1'), UUID('41c9eba0-8d2a-4e79-965f-e7c46cad4ff1')]","(np.int64(6), np.int64(0))",14,"Vector(0.776, -0.631)","Vector(1.168, -3.177)",direct,,41c9eba0-8d2a-4e79-965f-e7c46cad4ff1,9.332,"Vector(0.000, 1.000)",-32.16569034700689,"Vector(4.832, 3.177)",3.3852224949772505,9.325000000000001,81.965,9.335,0.002
1150,"[np.float64(70.65343124769109), np.float64(70.66027087122036)]","[np.float64(9.336), np.float64(9.337)]","[UUID('43cc925b-e1ba-405b-855a-d7270c5a85ae'), UUID('43cc925b-e1ba-405b-855a-d7270c5a85ae')]","(np.float64(6.1199), np.float64(0.0))",14,"Vector(0.776, -0.631)","Vector(1.285, -3.176)",echo,wall_obstacle_56,43cc925b-e1ba-405b-855a-d7270c5a85ae,9.332,"Vector(-1.000, 0.000)",-30.30883415025542,"Vector(4.835, 3.176)",3.4258051769620526,9.325349562682216,70.657,9.336,0.002
1151,"[np.float64(75.74543512875651), np.float64(75.75661446486589)]","[np.float64(9.336), np.float64(9.337)]","[UUID('99314783-e469-4da5-8093-9fcc10e2db77'), UUID('99314783-e469-4da5-8093-9fcc10e2db77')]","(np.float64(5.6101), np.float64(0.0))",14,"Vector(0.776, -0.631)","Vector(0.776, -3.176)",echo,wall_obstacle_55,99314783-e469-4da5-8093-9fcc10e2db77,9.332,"Vector(1.000, 0.000)",-38.620791818480825,"Vector(4.835, 3.176)",3.268865872821949,9.326136734693879,75.751,9.336,0.002
1152,"[np.float64(68.28539642816536), np.float64(68.29557696537857)]","[np.float64(9.337), np.float64(9.338000000000001)]","[UUID('a2545e75-c90a-473e-be02-133d1260679c'), UUID('a2545e75-c90a-473e-be02-133d1260679c')]","(np.float64(5.1001), np.float64(0.0))",14,"Vector(0.776, -0.631)","Vector(0.263, -3.174)",echo,wall_obstacle_54,a2545e75-c90a-473e-be02-133d1260679c,9.332,"Vector(1.000, 0.000)",-47.60406197243384,"Vector(4.837, 3.174)",3.184537781609758,9.32762361516035,68.29,9.337,0.002
1153,"[np.float64(63.89939886161121), np.float64(63.908179929082415)]","[np.float64(9.339), np.float64(9.34)]","[UUID('a861ef99-ded2-46bc-b806-149afb907ab6'), UUID('a861ef99-ded2-46bc-b806-149afb907ab6')]","(np.float64(4.5901), np.float64(0.0))",14,"Vector(0.776, -0.631)","Vector(-0.251, -3.170)",echo,wall_obstacle_53,a861ef99-ded2-46bc-b806-149afb907ab6,9.332,"Vector(1.000, 0.000)",-56.88061743123748,"Vector(4.842, 3.170)",3.179815948211468,9.329110495626823,63.904,9.339,0.002
1154,"[np.float64(61.014842282026144), np.float64(61.01697045880164)]","[np.float64(9.34), np.float64(9.341000000000001)]","[UUID('356a99bd-d98d-46b6-9551-4d7195a4ec5d'), UUID('356a99bd-d98d-46b6-9551-4d7195a4ec5d')]","(np.int64(8), np.int64(10))",34,"Vector(0.776, -0.631)","Vector(3.156, 6.832)",direct,,356a99bd-d98d-46b6-9551-4d7195a4ec5d,9.332,"Vector(0.000, -1.000)",102.85937424916608,"Vector(4.844, 3.168)",7.525812489060566,9.318,61.016,9.34,0.002
1155,"[np.float64(78.444616747993), np.float64(78.44967875535359)]","[np.float64(9.341000000000001), np.float64(9.342)]","[UUID('b500f3af-9b55-4510-a77b-e8fc0f776365'), UUID('b500f3af-9b55-4510-a77b-e8fc0f776365')]","(np.int64(8), np.int64(0))",16,"Vector(0.776, -0.631)","Vector(3.154, -3.166)",direct,,b500f3af-9b55-4510-a77b-e8fc0f776365,9.332,"Vector(0.000, 1.000)",-7.456709825499105,"Vector(4.846, 3.166)",4.46884549772086,9.327,78.447,9.341,0.002
1156,"[np.float64(64.41607540190546), np.float64(64.422300691924)]","[np.float64(9.341000000000001), np.float64(9.342)]","[UUID('6b6b9da5-4c80-4f2f-a08e-945193d47919'), UUID('6b6b9da5-4c80-4f2f-a08e-945193d47919')]","(np.float64(8.1599), np.float64(0.0))",16,"Vector(0.776, -0.631)","Vector(3.314, -3.166)",echo,wall_obstacle_60,6b6b9da5-4c80-4f2f-a08e-945193d47919,9.332,"Vector(-1.000, 0.000)",-6.040318507431323,"Vector(4.846, 3.166)",4.5830924636646815,9.327466180758018,64.419,9.341,0.002
1157,"[np.float64(73.54001256390097), np.float64(73.55147919262988)]","[np.float64(9.341000000000001), np.float64(9.342)]","[UUID('1701fcb9-80a7-4549-8132-93f6e29ce84b'), UUID('1701fcb9-80a7-4549-8132-93f6e29ce84b')]","(np.float64(7.6501), np.float64(0.0))",16,"Vector(0.776, -0.631)","Vector(2.804, -3.166)",echo,wall_obstacle_59,1701fcb9-80a7-4549-8132-93f6e29ce84b,9.332,"Vector(1.000, 0.000)",-10.81707000127642,"Vector(4.846, 3.166)",4.229181227436347,9.328020116618076,73.546,9.341,0.002
1158,"[np.float64(66.22123786262594), np.float64(66.23300091593039)]","[np.float64(9.341000000000001), np.float64(9.342)]","[UUID('8a4e25c4-6b36-4ae5-bf97-8a016c376dc5'), UUID('8a4e25c4-6b36-4ae5-bf97-8a016c376dc5')]","(np.float64(7.1401), np.float64(0.0))",16,"Vector(0.776, -0.631)","Vector(2.294, -3.166)",echo,wall_obstacle_58,8a4e25c4-6b36-4ae5-bf97-8a016c376dc5,9.332,"Vector(1.000, 0.000)",-16.421132008560477,"Vector(4.846, 3.166)",3.9097424025759038,9.329506997084549,66.227,9.341,0.002
1159,"[np.float64(60.42694137712761), np.float64(60.434101381757664)]","[np.float64(9.341000000000001), np.float64(9.342)]","[UUID('17b7627d-39a9-473d-ba75-7f9373f2f8bc'), UUID('17b7627d-39a9-473d-ba75-7f9373f2f8bc')]","(np.float64(4.0801), np.float64(0.0))",14,"Vector(0.776, -0.631)","Vector(-0.766, -3.166)",echo,wall_obstacle_52,17b7627d-39a9-473d-ba75-7f9373f2f8bc,9.332,"Vector(1.000, 0.000)",-65.94777255658609,"Vector(4.846, 3.166)",3.257446308767038,9.330597376093296,60.431,9.341,0.002
1160,"[np.float64(62.588983498134056), np.float64(62.60087305455534)]","[np.float64(9.342), np.float64(9.343)]","[UUID('84d3e104-6237-4705-8954-2672450da15b'), UUID('84d3e104-6237-4705-8954-2672450da15b')]","(np.float64(6.6301), np.float64(0.0))",16,"Vector(0.776, -0.631)","Vector(1.782, -3.164)",echo,wall_obstacle_57,84d3e104-6237-4705-8954-2672450da15b,9.332,"Vector(1.000, 0.000)",-22.964020678786483,"Vector(4.849, 3.164)",3.631270528685518,9.33099387755102,62.595,9.342,0.002
1161,"[np.float64(82.73194188846445), np.float64(82.73570600886383)]","[np.float64(9.342), np.float64(9.343)]","[UUID('a6e2c698-bc7c-4174-b4f7-c0aeae54544e'), UUID('a6e2c698-bc7c-4174-b4f7-c0aeae54544e')]","(np.int64(5), np.int64(0))",13,"Vector(0.776, -0.631)","Vector(0.151, -3.164)",direct,,a6e2c698-bc7c-4174-b4f7-c0aeae54544e,9.332,"Vector(0.000, 1.000)",-49.60462928625395,"Vector(4.849, 3.164)",3.1678138434099945,9.332,82.734,9.342,0.002
1162,"[np.float64(73.1597595225112), np.float64(73.16506180114389)]","[np.float64(9.342), np.float64(9.343)]","[UUID('d6aad9f9-e2fc-49d1-9344-46e14747994a'), UUID('d6aad9f9-e2fc-49d1-9344-46e14747994a')]","(np.float64(5.0999), np.float64(0.0))",13,"Vector(0.776, -0.631)","Vector(0.251, -3.164)",echo,wall_obstacle_54,d6aad9f9-e2fc-49d1-9344-46e14747994a,9.332,"Vector(-1.000, 0.000)",-47.803131227265,"Vector(4.849, 3.164)",3.174159772364964,9.332291253644316,73.162,9.342,0.002
1163,"[np.float64(60.108835062062234), np.float64(60.12056397860543)]","[np.float64(9.343), np.float64(9.344)]","[UUID('b251220d-844a-4013-8d81-1a8792035f84'), UUID('b251220d-844a-4013-8d81-1a8792035f84')]","(np.float64(6.1201), np.float64(0.0))",16,"Vector(0.776, -0.631)","Vector(1.269, -3.162)",echo,wall_obstacle_56,b251220d-844a-4013-8d81-1a8792035f84,9.332,"Vector(1.000, 0.000)",-30.47646170398454,"Vector(4.851, 3.162)",3.407511827198843,9.332480758017493,60.115,9.343,0.002
1164,"[np.float64(75.66468713918361), np.float64(75.67343892556563)]","[np.float64(9.343), np.float64(9.344)]","[UUID('bee12ae0-d452-4839-b91d-a6f28c4bbaab'), UUID('bee12ae0-d452-4839-b91d-a6f28c4bbaab')]","(np.float64(4.5901), np.float64(0.0))",13,"Vector(0.776, -0.631)","Vector(-0.261, -3.162)",echo,wall_obstacle_53,bee12ae0-d452-4839-b91d-a6f28c4bbaab,9.332,"Vector(1.000, 0.000)",-57.059177109322775,"Vector(4.851, 3.162)",3.1730319652502716,9.333195043731779,75.669,9.343,0.002
1165,"[np.float64(60.02717083983398), np.float64(60.0300387520644)]","[np.float64(9.344), np.float64(9.345)]","[UUID('01ec1e61-97b9-45d1-a6bc-c08609776f4e'), UUID('01ec1e61-97b9-45d1-a6bc-c08609776f4e')]","(np.int64(9), np.int64(10))",35,"Vector(0.776, -0.631)","Vector(4.147, 6.840)",direct,,01ec1e61-97b9-45d1-a6bc-c08609776f4e,9.332,"Vector(0.000, -1.000)",96.4262393555519,"Vector(4.853, 3.160)",7.998506578136946,9.32,60.029,9.344,0.002
1166,[np.float64(67.84628409712015)],[np.float64(9.345)],[UUID('2d8308b7-7560-49c4-912b-08a68c16cfe2')],"(np.float64(4.0801), np.float64(0.0))",13,"Vector(0.776, -0.631)","Vector(-0.773, -3.160)",echo,wall_obstacle_52,2d8308b7-7560-49c4-912b-08a68c16cfe2,9.332,"Vector(1.000, 0.000)",-66.0908967206276,"Vector(4.853, 3.160)",3.253589410866098,9.334681924198252,67.846,9.345,0.001
1167,"[np.float64(64.33749738915571), np.float64(64.3424449036879)]","[np.float64(9.403), np.float64(9.404)]","[UUID('6834a307-21b3-4c8e-a094-fee47fd0cc01'), UUID('6834a307-21b3-4c8e-a094-fee47fd0cc01')]","(np.int64(10), np.int64(3))",20,"Vector(0.855, -0.518)","Vector(5.001, -0.061)",direct,,6834a307-21b3-4c8e-a094-fee47fd0cc01,9.391,"Vector(-1.000, 0.000)",36.955635021378725,"Vector(4.999, 3.061)",5.000942043745358,9.388,64.34,9.403,0.002
1168,"[np.float64(68.00690866663945), np.float64(68.01743146179277)]","[np.float64(9.403), np.float64(9.404)]","[UUID('1d257b87-8b75-4630-8559-c9762af14357'), UUID('1d257b87-8b75-4630-8559-c9762af14357')]","(np.float64(10.0), np.float64(3.0599))",20,"Vector(0.855, -0.518)","Vector(5.001, -0.001)",echo,wall_obstacle_18,1d257b87-8b75-4630-8559-c9762af14357,9.391,"Vector(0.000, -1.000)",37.64192555388692,"Vector(4.999, 3.061)",5.000570120986206,9.388174635568513,68.012,9.403,0.002
1169,"[np.float64(81.24184268849442), np.float64(81.2469112247515)]","[np.float64(9.49), np.float64(9.491)]","[UUID('88ed9134-e8c7-4c6a-9124-3ce14d2bc3ef'), UUID('88ed9134-e8c7-4c6a-9124-3ce14d2bc3ef')]","(np.int64(7), np.int64(0))",15,"Vector(0.952, -0.306)","Vector(1.762, -2.956)",direct,,88ed9134-e8c7-4c6a-9124-3ce14d2bc3ef,9.482,"Vector(0.000, 1.000)",-21.545570319175113,"Vector(5.238, 2.956)",3.441577365874549,9.479000000000001,81.244,9.49,0.002
1170,"[np.float64(68.66506206962748), np.float64(68.67149448389291)]","[np.float64(9.49), np.float64(9.491)]","[UUID('3bd5fb2f-cbf0-4fbc-bc8b-98f3382bd169'), UUID('3bd5fb2f-cbf0-4fbc-bc8b-98f3382bd169')]","(np.float64(7.1399), np.float64(0.0))",15,"Vector(0.952, -0.306)","Vector(1.902, -2.956)",echo,wall_obstacle_58,3bd5fb2f-cbf0-4fbc-bc8b-98f3382bd169,9.482,"Vector(-1.000, 0.000)",-19.586545002183726,"Vector(5.238, 2.956)",3.5152665232240925,9.479407871720118,68.668,9.49,0.002
1171,"[np.float64(76.5447183482909), np.float64(76.5538462273001)]","[np.float64(9.49), np.float64(9.491)]","[UUID('eb10b042-a030-4e9a-8392-cb7af45f751d'), UUID('eb10b042-a030-4e9a-8392-cb7af45f751d')]","(np.float64(6.6301), np.float64(0.0))",15,"Vector(0.952, -0.306)","Vector(1.392, -2.956)",echo,wall_obstacle_57,eb10b042-a030-4e9a-8392-cb7af45f751d,9.482,"Vector(1.000, 0.000)",-27.12552347853358,"Vector(5.238, 2.956)",3.267657115013752,9.480078425655977,76.549,9.49,0.002
1172,"[np.float64(69.19897578752015), np.float64(69.20707999456502)]","[np.float64(9.491), np.float64(9.492)]","[UUID('61323355-44e8-4b42-8cc6-fa8f81a6b2f6'), UUID('61323355-44e8-4b42-8cc6-fa8f81a6b2f6')]","(np.float64(6.1201), np.float64(0.0))",15,"Vector(0.952, -0.306)","Vector(0.879, -2.955)",echo,wall_obstacle_56,61323355-44e8-4b42-8cc6-fa8f81a6b2f6,9.482,"Vector(1.000, 0.000)",-35.77273945776457,"Vector(5.241, 2.955)",3.0833470690955305,9.48156530612245,69.203,9.491,0.002
1173,"[np.float64(65.13233399323785), np.float64(65.13891469979278)]","[np.float64(9.492), np.float64(9.493)]","[UUID('69a9673a-d071-4738-bdda-39474c387c4d'), UUID('69a9673a-d071-4738-bdda-39474c387c4d')]","(np.float64(5.6101), np.float64(0.0))",15,"Vector(0.952, -0.306)","Vector(0.367, -2.954)",echo,wall_obstacle_55,69a9673a-d071-4738-bdda-39474c387c4d,9.482,"Vector(1.000, 0.000)",-45.27168358631769,"Vector(5.243, 2.954)",2.976999786311716,9.483052186588923,65.136,9.492,0.002
1174,"[np.float64(61.99398517371506), np.float64(61.9986565447242)]","[np.float64(9.494), np.float64(9.495000000000001)]","[UUID('4b684a2b-be03-4cc4-b70a-4952b755b4b5'), UUID('4b684a2b-be03-4cc4-b70a-4952b755b4b5')]","(np.float64(5.1001), np.float64(0.0))",15,"Vector(0.952, -0.306)","Vector(-0.149, -2.953)",echo,wall_obstacle_54,4b684a2b-be03-4cc4-b70a-4952b755b4b5,9.482,"Vector(1.000, 0.000)",-55.23662114065347,"Vector(5.249, 2.953)",2.9562628506443738,9.484539067055394,61.996,9.494,0.002
1175,"[np.float64(70.14308398279103), np.float64(70.14611032171331)]","[np.float64(9.685), np.float64(9.686)]","[UUID('ac2070e3-6a45-442d-9758-58dcd3b4c4b2'), UUID('ac2070e3-6a45-442d-9758-58dcd3b4c4b2')]","(np.float64(6.1201), np.float64(0.0))",15,"Vector(0.998, -0.071)","Vector(0.304, -2.884)",echo,wall_obstacle_56,ac2070e3-6a45-442d-9758-58dcd3b4c4b2,9.683,"Vector(1.000, 0.000)",-46.331056527697626,"Vector(5.816, 2.884)",2.9001134804348605,9.675565306122449,70.145,9.685,0.002
1176,"[np.float64(65.69952827523285), np.float64(65.70044066782896)]","[np.float64(9.686), np.float64(9.687)]","[UUID('ad94b4b2-31b8-4ea1-bc56-d6ab987c1545'), UUID('ad94b4b2-31b8-4ea1-bc56-d6ab987c1545')]","(np.float64(5.6101), np.float64(0.0))",15,"Vector(0.998, -0.071)","Vector(-0.209, -2.884)",echo,wall_obstacle_55,ad94b4b2-31b8-4ea1-bc56-d6ab987c1545,9.683,"Vector(1.000, 0.000)",-56.49283850663616,"Vector(5.819, 2.884)",2.8915119052149865,9.677052186588922,65.7,9.686,0.002
1177,"[np.float64(62.15445763940839), np.float64(62.15333354960318)]","[np.float64(9.688), np.float64(9.689)]","[UUID('691f083d-c3cd-4550-a502-56e5b54b313d'), UUID('691f083d-c3cd-4550-a502-56e5b54b313d')]","(np.float64(5.1001), np.float64(0.0))",15,"Vector(0.998, -0.071)","Vector(-0.725, -2.884)",echo,wall_obstacle_54,691f083d-c3cd-4550-a502-56e5b54b313d,9.683,"Vector(1.000, 0.000)",-66.46060635447994,"Vector(5.825, 2.884)",2.9732907023027533,9.678539067055393,62.154,9.688,0.002
1178,[np.float64(62.744345879641635)],[np.float64(9.696)],[UUID('2d438cff-5703-47e4-9a9e-ed7311a2103e')],"(np.int64(5), np.int64(10))",31,"Vector(0.998, -0.071)","Vector(-0.846, 7.118)",direct,,2d438cff-5703-47e4-9a9e-ed7311a2103e,9.683,"Vector(0.000, -1.000)",134.43362200503645,"Vector(5.846, 2.882)",7.168064465349067,9.675,62.744,9.696,0.001
1179,"[np.float64(82.20741088026952), np.float64(82.20261141584905)]","[np.float64(9.743), np.float64(9.744)]","[UUID('a06c8a8a-2438-40ae-905d-3a7c1c0d3917'), UUID('a06c8a8a-2438-40ae-905d-3a7c1c0d3917')]","(np.int64(5), np.int64(0))",13,"Vector(0.998, -0.071)","Vector(-0.990, -2.872)",direct,,a06c8a8a-2438-40ae-905d-3a7c1c0d3917,9.736,"Vector(0.000, 1.000)",-71.35887168821277,"Vector(5.990, 2.872)",3.0376995907100492,9.734,82.205,9.743,0.002
1180,"[np.float64(73.2252075478599), np.float64(73.22167368436617)]","[np.float64(9.744), np.float64(9.745000000000001)]","[UUID('2dfa2009-8be5-4058-8733-c64e4bb74833'), UUID('2dfa2009-8be5-4058-8733-c64e4bb74833')]","(np.float64(5.0999), np.float64(0.0))",13,"Vector(0.998, -0.071)","Vector(-0.893, -2.872)",echo,wall_obstacle_54,2dfa2009-8be5-4058-8733-c64e4bb74833,9.736,"Vector(-1.000, 0.000)",-69.61429945499326,"Vector(5.993, 2.872)",3.007322763721912,9.734291253644315,73.223,9.744,0.002
1181,"[np.float64(78.35286985742295), np.float64(78.35818833141319)]","[np.float64(9.745000000000001), np.float64(9.746)]","[UUID('8af46b91-930d-4273-b577-713b5e5d2b5c'), UUID('8af46b91-930d-4273-b577-713b5e5d2b5c')]","(np.int64(9), np.int64(0))",17,"Vector(0.998, -0.071)","Vector(3.004, -2.872)",direct,,8af46b91-930d-4273-b577-713b5e5d2b5c,9.736,"Vector(0.000, 1.000)",-6.05057065514967,"Vector(5.996, 2.872)",4.15596420814713,9.732,78.356,9.745,0.002
1182,"[np.float64(75.612691008618), np.float64(75.62060028572843)]","[np.float64(9.745000000000001), np.float64(9.746)]","[UUID('696ae7c0-95eb-40c2-8100-76ddb2045547'), UUID('696ae7c0-95eb-40c2-8100-76ddb2045547')]","(np.float64(8.6701), np.float64(0.0))",17,"Vector(0.998, -0.071)","Vector(2.674, -2.872)",echo,wall_obstacle_61,696ae7c0-95eb-40c2-8100-76ddb2045547,9.736,"Vector(1.000, 0.000)",-9.380642491917285,"Vector(5.996, 2.872)",3.9241036152731747,9.732961807580175,75.617,9.745,0.002
1183,"[np.float64(68.07285769191954), np.float64(68.08044515667078)]","[np.float64(9.745000000000001), np.float64(9.746)]","[UUID('26ea47fb-dad0-4c46-891d-ba96205e3d59'), UUID('26ea47fb-dad0-4c46-891d-ba96205e3d59')]","(np.float64(8.1601), np.float64(0.0))",17,"Vector(0.998, -0.071)","Vector(2.164, -2.872)",echo,wall_obstacle_60,26ea47fb-dad0-4c46-891d-ba96205e3d59,9.736,"Vector(1.000, 0.000)",-15.3378120143945,"Vector(5.996, 2.872)",3.595932394164273,9.734448688046646,68.077,9.745,0.002
1184,"[np.float64(76.1647690406955), np.float64(76.16145490178624)]","[np.float64(9.745000000000001), np.float64(9.746)]","[UUID('8d3a4045-8df8-403d-9347-278ea6459c9b'), UUID('8d3a4045-8df8-403d-9347-278ea6459c9b')]","(np.float64(4.5901), np.float64(0.0))",13,"Vector(0.998, -0.071)","Vector(-1.406, -2.872)",echo,wall_obstacle_53,8d3a4045-8df8-403d-9347-278ea6459c9b,9.736,"Vector(1.000, 0.000)",-78.42571035528843,"Vector(5.996, 2.872)",3.1970789767223455,9.735195043731778,76.163,9.745,0.002
1185,"[np.float64(63.66987528452973), np.float64(63.67615392767185)]","[np.float64(9.746), np.float64(9.747)]","[UUID('a479443d-9175-4722-be46-4a46428b9647'), UUID('a479443d-9175-4722-be46-4a46428b9647')]","(np.float64(9.1799), np.float64(0.0))",17,"Vector(0.998, -0.071)","Vector(3.181, -2.871)",echo,wall_obstacle_62,a479443d-9175-4722-be46-4a46428b9647,9.736,"Vector(-1.000, 0.000)",-4.414053295561757,"Vector(5.999, 2.871)",4.285456315726483,9.732524489795917,63.673,9.746,0.002
1186,"[np.float64(64.43981835257627), np.float64(64.4467453247154)]","[np.float64(9.746), np.float64(9.747)]","[UUID('1eba3461-e9a2-40fb-9a99-d4d30b47701c'), UUID('1eba3461-e9a2-40fb-9a99-d4d30b47701c')]","(np.float64(7.6501), np.float64(0.0))",17,"Vector(0.998, -0.071)","Vector(1.651, -2.871)",echo,wall_obstacle_59,1eba3461-e9a2-40fb-9a99-d4d30b47701c,9.736,"Vector(1.000, 0.000)",-22.43967867805162,"Vector(5.999, 2.871)",3.3123978604630215,9.735935568513119,64.443,9.746,0.002
1187,"[np.float64(67.70521046067795), np.float64(67.70084678071635)]","[np.float64(9.747), np.float64(9.748)]","[UUID('a4794341-26bb-4d41-8692-c155ee66b5ad'), UUID('a4794341-26bb-4d41-8692-c155ee66b5ad')]","(np.float64(4.0801), np.float64(0.0))",13,"Vector(0.998, -0.071)","Vector(-1.922, -2.871)",echo,wall_obstacle_52,a4794341-26bb-4d41-8692-c155ee66b5ad,9.736,"Vector(1.000, 0.000)",-86.13797360189268,"Vector(6.002, 2.871)",3.4547920569840382,9.736681924198251,67.703,9.747,0.002
1188,"[np.float64(61.97939041112402), np.float64(61.98520437155839)]","[np.float64(9.747), np.float64(9.748)]","[UUID('08ef99ac-568f-4aae-935c-d01b176be2fc'), UUID('08ef99ac-568f-4aae-935c-d01b176be2fc')]","(np.float64(7.1401), np.float64(0.0))",17,"Vector(0.998, -0.071)","Vector(1.138, -2.871)",echo,wall_obstacle_58,08ef99ac-568f-4aae-935c-d01b176be2fc,9.736,"Vector(1.000, 0.000)",-30.715645389022114,"Vector(6.002, 2.871)",3.088615702381894,9.737422448979592,61.982,9.747,0.002
1189,"[np.float64(67.27551852725266), np.float64(67.2844117522203)]","[np.float64(9.798), np.float64(9.799)]","[UUID('8d9314a4-4ae7-4681-962f-911331ae59e5'), UUID('8d9314a4-4ae7-4681-962f-911331ae59e5')]","(np.int64(10), np.int64(3))",20,"Vector(0.998, -0.071)","Vector(3.846, 0.140)",direct,,8d9314a4-4ae7-4681-962f-911331ae59e5,9.790000000000001,"Vector(-1.000, 0.000)",39.73306381482985,"Vector(6.154, 2.860)",3.8484320685702635,9.786,67.28,9.798,0.002
1190,"[np.float64(72.33034172204863), np.float64(72.34176974031872)]","[np.float64(9.798), np.float64(9.799)]","[UUID('44bfede8-0012-46cc-beaa-42e33744fd9f'), UUID('44bfede8-0012-46cc-beaa-42e33744fd9f')]","(np.float64(10.0), np.float64(3.0599))",20,"Vector(0.998, -0.071)","Vector(3.846, 0.199)",echo,wall_obstacle_18,44bfede8-0012-46cc-beaa-42e33744fd9f,9.790000000000001,"Vector(0.000, -1.000)",40.62369871728359,"Vector(6.154, 2.860)",3.8510698617916552,9.786174635568512,72.336,9.798,0.002
1191,"[np.float64(61.911759280880766), np.float64(61.91976223726422)]","[np.float64(9.799), np.float64(9.8)]","[UUID('acfe4193-232b-40cf-82e6-8554c8757075'), UUID('acfe4193-232b-40cf-82e6-8554c8757075')]","(np.float64(10.0), np.float64(2.5501))",20,"Vector(0.998, -0.071)","Vector(3.843, -0.310)",echo,wall_obstacle_17,acfe4193-232b-40cf-82e6-8554c8757075,9.790000000000001,"Vector(0.000, 1.000)",33.04094831400994,"Vector(6.157, 2.860)",3.855402116537262,9.78731166180758,61.916,9.799,0.002
1192,"[np.float64(81.69703399449719), np.float64(81.6914320537993)]","[np.float64(9.841000000000001), np.float64(9.842)]","[UUID('dd087509-b639-4510-a511-33060f88bfdc'), UUID('dd087509-b639-4510-a511-33060f88bfdc')]","(np.int64(5), np.int64(0))",13,"Vector(0.998, -0.071)","Vector(-1.283, -2.851)",direct,,dd087509-b639-4510-a511-33060f88bfdc,9.839,"Vector(0.000, 1.000)",-76.56560419115763,"Vector(6.283, 2.851)",3.126606348902912,9.831,81.694,9.841,0.002
1193,[np.float64(77.72170002503789)],[np.float64(9.841000000000001)],[UUID('23396e2a-51f8-4fe4-960c-c88a30e8bacc')],"(np.float64(5.6101), np.float64(0.0))",14,"Vector(0.998, -0.071)","Vector(-0.670, -2.852)",echo,wall_obstacle_55,23396e2a-51f8-4fe4-960c-c88a30e8bacc,9.839,"Vector(1.000, 0.000)",-65.55962519374988,"Vector(6.280, 2.852)",2.929156864423618,9.831136734693878,77.722,9.841,0.001
1194,"[np.float64(72.84013122475005), np.float64(72.83573676897684)]","[np.float64(9.841000000000001), np.float64(9.842)]","[UUID('2a2cd908-b4da-4ef0-bfc9-29234c73bd44'), UUID('2a2cd908-b4da-4ef0-bfc9-29234c73bd44')]","(np.float64(5.0999), np.float64(0.0))",13,"Vector(0.998, -0.071)","Vector(-1.183, -2.851)",echo,wall_obstacle_54,2a2cd908-b4da-4ef0-bfc9-29234c73bd44,9.839,"Vector(-1.000, 0.000)",-74.87437481183979,"Vector(6.283, 2.851)",3.0869677363069408,9.831291253644315,72.838,9.841,0.002
1195,"[np.float64(69.33434156710166), np.float64(69.33147705710905)]","[np.float64(9.842), np.float64(9.843)]","[UUID('673678c9-3447-4d0b-bc71-0a568c371cd1'), UUID('673678c9-3447-4d0b-bc71-0a568c371cd1')]","(np.float64(5.1001), np.float64(0.0))",14,"Vector(0.998, -0.071)","Vector(-1.186, -2.851)",echo,wall_obstacle_54,673678c9-3447-4d0b-bc71-0a568c371cd1,9.839,"Vector(1.000, 0.000)",-74.92368630978322,"Vector(6.286, 2.851)",3.0878438927510565,9.83262361516035,69.333,9.842,0.002
1196,"[np.float64(75.80404323736961), np.float64(75.79993835758972)]","[np.float64(9.842), np.float64(9.843)]","[UUID('dde416d7-70c9-4d77-bd0c-34800517f879'), UUID('dde416d7-70c9-4d77-bd0c-34800517f879')]","(np.float64(4.5901), np.float64(0.0))",13,"Vector(0.998, -0.071)","Vector(-1.696, -2.851)",echo,wall_obstacle_53,dde416d7-70c9-4d77-bd0c-34800517f879,9.839,"Vector(1.000, 0.000)",-83.08487463785762,"Vector(6.286, 2.851)",3.317250534101999,9.832195043731778,75.802,9.842,0.002
1197,"[np.float64(64.06561831197075), np.float64(64.06149880592363)]","[np.float64(9.844), np.float64(9.845)]","[UUID('78f292ad-3c9e-49a7-8c07-99b6bd5addf5'), UUID('78f292ad-3c9e-49a7-8c07-99b6bd5addf5')]","(np.float64(4.5901), np.float64(0.0))",14,"Vector(0.998, -0.071)","Vector(-1.702, -2.851)",echo,wall_obstacle_53,78f292ad-3c9e-49a7-8c07-99b6bd5addf5,9.839,"Vector(1.000, 0.000)",-83.17728262221767,"Vector(6.292, 2.851)",3.3199504437867744,9.834110495626822,64.064,9.844,0.002
1198,"[np.float64(61.976445814594115), np.float64(61.97997559316039)]","[np.float64(9.846), np.float64(9.847)]","[UUID('d8e0dc0c-9947-474c-9768-6ec6a5c02aa5'), UUID('d8e0dc0c-9947-474c-9768-6ec6a5c02aa5')]","(np.int64(9), np.int64(10))",35,"Vector(0.998, -0.071)","Vector(2.702, 7.150)",direct,,d8e0dc0c-9947-474c-9768-6ec6a5c02aa5,9.839,"Vector(0.000, -1.000)",106.9492796999292,"Vector(6.298, 2.850)",7.643330149875773,9.823,61.978,9.846,0.002
1199,"[np.float64(78.90038417448355), np.float64(78.90579100103021)]","[np.float64(9.847), np.float64(9.848)]","[UUID('d2b94bf8-9281-4c33-b527-20e70f7b4c55'), UUID('d2b94bf8-9281-4c33-b527-20e70f7b4c55')]","(np.int64(9), np.int64(0))",17,"Vector(0.998, -0.071)","Vector(2.699, -2.850)",direct,,d2b94bf8-9281-4c33-b527-20e70f7b4c55,9.839,"Vector(0.000, 1.000)",-8.901396844554966,"Vector(6.301, 2.850)",3.925550584185612,9.835,78.903,9.847,0.002
1200,"[np.float64(76.40920921527105), np.float64(76.41690493424468)]","[np.float64(9.847), np.float64(9.848)]","[UUID('30a1d8d4-4b77-45de-ae7c-507af1dba355'), UUID('30a1d8d4-4b77-45de-ae7c-507af1dba355')]","(np.float64(8.6701), np.float64(0.0))",17,"Vector(0.998, -0.071)","Vector(2.369, -2.850)",echo,wall_obstacle_61,30a1d8d4-4b77-45de-ae7c-507af1dba355,9.839,"Vector(1.000, 0.000)",-12.606620201224132,"Vector(6.301, 2.850)",3.70644356182581,9.835961807580176,76.413,9.847,0.002
1201,"[np.float64(64.316044158431), np.float64(64.3224261436128)]","[np.float64(9.848), np.float64(9.849)]","[UUID('6b57661b-cb68-48ff-be5e-021072f5b09c'), UUID('6b57661b-cb68-48ff-be5e-021072f5b09c')]","(np.float64(9.1799), np.float64(0.0))",17,"Vector(0.998, -0.071)","Vector(2.876, -2.850)",echo,wall_obstacle_62,6b57661b-cb68-48ff-be5e-021072f5b09c,9.839,"Vector(-1.000, 0.000)",-7.081517982208595,"Vector(6.304, 2.850)",4.049091959489189,9.835524489795919,64.319,9.848,0.002
1202,"[np.float64(68.83507274938677), np.float64(68.84226273908475)]","[np.float64(9.848), np.float64(9.849)]","[UUID('8d6943a3-cf7c-4fe3-beae-0dc270d54d66'), UUID('8d6943a3-cf7c-4fe3-beae-0dc270d54d66')]","(np.float64(8.1601), np.float64(0.0))",17,"Vector(0.998, -0.071)","Vector(1.857, -2.850)",echo,wall_obstacle_60,8d6943a3-cf7c-4fe3-beae-0dc270d54d66,9.839,"Vector(1.000, 0.000)",-19.264373101026905,"Vector(6.304, 2.850)",3.4012698005891857,9.837448688046647,68.839,9.848,0.002
1203,"[np.float64(65.12114835847248), np.float64(65.12741769849795)]","[np.float64(9.849), np.float64(9.85)]","[UUID('1cbb71c8-7b43-43b7-88bb-35a4fdc9a363'), UUID('1cbb71c8-7b43-43b7-88bb-35a4fdc9a363')]","(np.float64(7.6501), np.float64(0.0))",17,"Vector(0.998, -0.071)","Vector(1.344, -2.850)",echo,wall_obstacle_59,1cbb71c8-7b43-43b7-88bb-35a4fdc9a363,9.839,"Vector(1.000, 0.000)",-27.103703115656828,"Vector(6.307, 2.850)",3.1505342728178656,9.83893556851312,65.124,9.849,0.002
1204,"[np.float64(62.53025907741762), np.float64(62.53510181371582)]","[np.float64(9.85), np.float64(9.851)]","[UUID('2981e9ae-9295-4632-899a-a911b50cd6bf'), UUID('2981e9ae-9295-4632-899a-a911b50cd6bf')]","(np.float64(7.1401), np.float64(0.0))",17,"Vector(0.998, -0.071)","Vector(0.831, -2.849)",echo,wall_obstacle_58,2981e9ae-9295-4632-899a-a911b50cd6bf,9.839,"Vector(1.000, 0.000)",-36.09609183196497,"Vector(6.310, 2.849)",2.9680656529800684,9.840422448979593,62.533,9.85,0.002
1205,"[np.float64(60.32038196028173), np.float64(60.32332382212428)]","[np.float64(9.851), np.float64(9.852)]","[UUID('7b9e1cb4-6c26-47f2-ac09-fed90472acc8'), UUID('7b9e1cb4-6c26-47f2-ac09-fed90472acc8')]","(np.float64(6.6301), np.float64(0.0))",17,"Vector(0.998, -0.071)","Vector(0.318, -2.849)",echo,wall_obstacle_57,7b9e1cb4-6c26-47f2-ac09-fed90472acc8,9.839,"Vector(1.000, 0.000)",-45.986563855494836,"Vector(6.313, 2.849)",2.8669284617862374,9.841909329446064,60.322,9.851,0.002
1206,[np.float64(68.14864922156255)],[np.float64(9.893)],[UUID('5d765cbb-7b1e-481a-9e6f-34e97f461f08')],"(np.int64(10), np.int64(3))",20,"Vector(0.998, -0.071)","Vector(3.565, 0.159)",direct,,5d765cbb-7b1e-481a-9e6f-34e97f461f08,9.89,"Vector(-1.000, 0.000)",40.21349207707303,"Vector(6.435, 2.841)",3.568398392556526,9.881,68.149,9.893,0.001
1207,[np.float64(73.4346313775938)],[np.float64(9.893)],[UUID('91f647dc-4275-4bdc-b905-ba4a0dcc2e8d')],"(np.float64(10.0), np.float64(3.0599))",20,"Vector(0.998, -0.071)","Vector(3.565, 0.219)",echo,wall_obstacle_18,91f647dc-4275-4bdc-b905-ba4a0dcc2e8d,9.89,"Vector(0.000, -1.000)",41.17350441973264,"Vector(6.435, 2.841)",3.5715741115088173,9.881174635568513,73.435,9.893,0.001
1208,"[np.float64(62.693146021496034), np.float64(62.701787218910624)]","[np.float64(9.893), np.float64(9.894)]","[UUID('2a32dd12-8e53-4317-a60f-e156e6f47fb2'), UUID('2a32dd12-8e53-4317-a60f-e156e6f47fb2')]","(np.float64(10.0), np.float64(2.5501))",20,"Vector(0.998, -0.071)","Vector(3.562, -0.290)",echo,wall_obstacle_17,2a32dd12-8e53-4317-a60f-e156e6f47fb2,9.89,"Vector(0.000, 1.000)",32.99395504642615,"Vector(6.438, 2.840)",3.5736662070484426,9.88231166180758,62.697,9.893,0.002
1209,"[np.float64(62.794413327566666), np.float64(62.7942877640313)]","[np.float64(9.9), np.float64(9.901)]","[UUID('4da74619-cef1-4e39-be24-af267ba001bf'), UUID('4da74619-cef1-4e39-be24-af267ba001bf')]","(np.int64(5), np.int64(10))",31,"Vector(0.998, -0.071)","Vector(-1.459, 7.161)",direct,,4da74619-cef1-4e39-be24-af267ba001bf,9.89,"Vector(0.000, -1.000)",139.17110890489232,"Vector(6.459, 2.839)",7.308134881513887,9.878,62.794,9.9,0.002
1210,"[np.float64(67.6085770879424), np.float64(67.6171088990725)]","[np.float64(9.901), np.float64(9.902000000000001)]","[UUID('7b3a5997-3672-460b-afe5-b4c3cae44021'), UUID('7b3a5997-3672-460b-afe5-b4c3cae44021')]","(np.int64(10), np.int64(4))",21,"Vector(0.998, -0.071)","Vector(3.538, 1.161)",direct,,7b3a5997-3672-460b-afe5-b4c3cae44021,9.89,"Vector(-1.000, 0.000)",55.8252624041279,"Vector(6.462, 2.839)",3.7236215367569243,9.89,67.613,9.901,0.002
1211,"[np.float64(64.49175681760384), np.float64(64.49695672672357)]","[np.float64(9.902000000000001), np.float64(9.903)]","[UUID('65778055-1922-4e89-a097-74e8cbd5024d'), UUID('65778055-1922-4e89-a097-74e8cbd5024d')]","(np.int64(10), np.int64(6))",23,"Vector(0.998, -0.071)","Vector(3.535, 3.161)",direct,,65778055-1922-4e89-a097-74e8cbd5024d,9.89,"Vector(-1.000, 0.000)",79.4619043318292,"Vector(6.465, 2.839)",4.742402051703335,9.888,64.494,9.902,0.002
1212,"[np.float64(70.5396938162977), np.float64(70.55045058335232)]","[np.float64(9.902000000000001), np.float64(9.903)]","[UUID('9ac8c01b-51ee-42e8-b746-b7a868224b24'), UUID('9ac8c01b-51ee-42e8-b746-b7a868224b24')]","(np.float64(10.0), np.float64(4.0799))",21,"Vector(0.998, -0.071)","Vector(3.535, 1.241)",echo,wall_obstacle_20,9ac8c01b-51ee-42e8-b746-b7a868224b24,9.89,"Vector(0.000, -1.000)",57.00362635552628,"Vector(6.465, 2.839)",3.7465552372813082,9.890232944606415,70.545,9.902,0.002
1213,"[np.float64(63.16068348956228), np.float64(63.168881355864535)]","[np.float64(9.902000000000001), np.float64(9.903)]","[UUID('3490f204-b565-48bd-b218-10b7b633a230'), UUID('3490f204-b565-48bd-b218-10b7b633a230')]","(np.float64(10.0), np.float64(3.5701))",21,"Vector(0.998, -0.071)","Vector(3.535, 0.732)",echo,wall_obstacle_19,3490f204-b565-48bd-b218-10b7b633a230,9.89,"Vector(0.000, 1.000)",49.346278041979616,"Vector(6.465, 2.839)",3.6098368819103173,9.891253352769679,63.165,9.902,0.002
1214,[np.float64(64.22509983252918)],[np.float64(9.903)],[UUID('aa729b19-74ef-43c7-a153-ddcb2756ff5d')],"(np.float64(10.0), np.float64(6.1199))",23,"Vector(0.998, -0.071)","Vector(3.535, 3.281)",echo,wall_obstacle_24,aa729b19-74ef-43c7-a153-ddcb2756ff5d,9.89,"Vector(0.000, -1.000)",80.52364579683467,"Vector(6.465, 2.839)",4.823158897030037,9.888349562682215,64.225,9.903,0.001
1215,[np.float64(61.76382507807054)],[np.float64(9.903)],[UUID('d60e3e12-3b65-4490-b085-7e054dc1d01b')],"(np.float64(10.0), np.float64(5.6101))",23,"Vector(0.998, -0.071)","Vector(3.535, 2.772)",echo,wall_obstacle_23,d60e3e12-3b65-4490-b085-7e054dc1d01b,9.89,"Vector(0.000, 1.000)",75.75225051320304,"Vector(6.465, 2.839)",4.491895358754476,9.889136734693878,61.764,9.903,0.001
1216,[np.float64(61.773252272945044)],[np.float64(9.938)],[UUID('2455bece-d706-49b7-9e49-284aea0e3592')],"(np.float64(10.0), np.float64(1.5301))",19,"Vector(0.998, -0.071)","Vector(3.430, -1.301)",echo,wall_obstacle_15,2455bece-d706-49b7-9e49-284aea0e3592,9.935,"Vector(0.000, 1.000)",16.882485984036293,"Vector(6.570, 2.831)",3.6687639282188758,9.92536997084548,61.773,9.938,0.001
1217,[np.float64(77.55498695462096)],[np.float64(9.938)],[UUID('d7f49dd6-b038-4b8b-bc8e-c641a5446b3c')],"(np.float64(5.6101), np.float64(0.0))",14,"Vector(0.998, -0.071)","Vector(-0.960, -2.831)",echo,wall_obstacle_55,d7f49dd6-b038-4b8b-bc8e-c641a5446b3c,9.935,"Vector(1.000, 0.000)",-71.06891741374808,"Vector(6.570, 2.831)",2.989433836866105,9.928136734693878,77.555,9.938,0.001
1218,"[np.float64(69.01209420474419), np.float64(69.00833235228706)]","[np.float64(9.939), np.float64(9.94)]","[UUID('c294e780-26a3-4bb2-bb5f-bd723594815e'), UUID('c294e780-26a3-4bb2-bb5f-bd723594815e')]","(np.float64(5.1001), np.float64(0.0))",14,"Vector(0.998, -0.071)","Vector(-1.476, -2.831)",echo,wall_obstacle_54,c294e780-26a3-4bb2-bb5f-bd723594815e,9.935,"Vector(1.000, 0.000)",-79.87673136322209,"Vector(6.576, 2.831)",3.1923112480145166,9.929623615160349,69.01,9.939,0.002
1219,"[np.float64(63.11230088953614), np.float64(63.112892726606454)]","[np.float64(9.941), np.float64(9.942)]","[UUID('af02ea1a-12b5-4f3c-acce-99c4b37986be'), UUID('af02ea1a-12b5-4f3c-acce-99c4b37986be')]","(np.int64(6), np.int64(10))",32,"Vector(0.998, -0.071)","Vector(-0.582, 7.170)",direct,,af02ea1a-12b5-4f3c-acce-99c4b37986be,9.935,"Vector(0.000, -1.000)",132.29277349942703,"Vector(6.582, 2.830)",7.1931667255110945,9.92,63.113,9.941,0.002
1220,"[np.float64(79.41525988306105), np.float64(79.42068005965382)]","[np.float64(9.942), np.float64(9.943)]","[UUID('a30a69e9-2c0b-47dc-ba6f-bda923ef0c61'), UUID('a30a69e9-2c0b-47dc-ba6f-bda923ef0c61')]","(np.int64(9), np.int64(0))",17,"Vector(0.998, -0.071)","Vector(2.415, -2.830)",direct,,a30a69e9-2c0b-47dc-ba6f-bda923ef0c61,9.935,"Vector(0.000, 1.000)",-11.867274890454269,"Vector(6.585, 2.830)",3.720723874194375,9.931000000000001,79.418,9.942,0.002
1221,"[np.float64(77.13567415439323), np.float64(77.1430963804994)]","[np.float64(9.943), np.float64(9.944)]","[UUID('eafd60ee-f579-44f9-8624-805e21ea3e43'), UUID('eafd60ee-f579-44f9-8624-805e21ea3e43')]","(np.float64(8.6701), np.float64(0.0))",17,"Vector(0.998, -0.071)","Vector(2.082, -2.830)",echo,wall_obstacle_61,eafd60ee-f579-44f9-8624-805e21ea3e43,9.935,"Vector(1.000, 0.000)",-15.997759831584204,"Vector(6.588, 2.830)",3.5135919232887587,9.931961807580176,77.139,9.943,0.002
1222,"[np.float64(64.92444632600177), np.float64(64.93086187307144)]","[np.float64(9.943), np.float64(9.944)]","[UUID('a6505173-3793-4614-8993-780afcfa41ca'), UUID('a6505173-3793-4614-8993-780afcfa41ca')]","(np.float64(9.1799), np.float64(0.0))",17,"Vector(0.998, -0.071)","Vector(2.592, -2.830)",echo,wall_obstacle_62,a6505173-3793-4614-8993-780afcfa41ca,9.935,"Vector(-1.000, 0.000)",-9.855814577125841,"Vector(6.588, 2.830)",3.8377715230847183,9.931524489795919,64.928,9.943,0.002
1223,"[np.float64(69.49644991314928), np.float64(69.50315767340793)]","[np.float64(9.943), np.float64(9.944)]","[UUID('dff80070-b98a-4665-9f38-507f0e58efc7'), UUID('dff80070-b98a-4665-9f38-507f0e58efc7')]","(np.float64(8.1601), np.float64(0.0))",17,"Vector(0.998, -0.071)","Vector(1.572, -2.830)",echo,wall_obstacle_60,dff80070-b98a-4665-9f38-507f0e58efc7,9.935,"Vector(1.000, 0.000)",-23.28708503758233,"Vector(6.588, 2.830)",3.2374881008893297,9.933448688046647,69.5,9.943,0.002
1224,"[np.float64(81.08344971702051), np.float64(81.07715756351563)]","[np.float64(9.944), np.float64(9.945)]","[UUID('5a9a331a-95a3-4e3e-bdec-59702eed47da'), UUID('5a9a331a-95a3-4e3e-bdec-59702eed47da')]","(np.int64(5), np.int64(0))",13,"Vector(0.998, -0.071)","Vector(-1.591, -2.830)",direct,,5a9a331a-95a3-4e3e-bdec-59702eed47da,9.935,"Vector(0.000, 1.000)",-81.68630250176672,"Vector(6.591, 2.830)",3.2461788717197946,9.934000000000001,81.08,9.944,0.002
1225,"[np.float64(65.68220601939561), np.float64(65.68771406595218)]","[np.float64(9.944), np.float64(9.945)]","[UUID('f9010151-86e4-49dc-89bc-d237860e406a'), UUID('f9010151-86e4-49dc-89bc-d237860e406a')]","(np.float64(7.6501), np.float64(0.0))",17,"Vector(0.998, -0.071)","Vector(1.059, -2.830)",echo,wall_obstacle_59,f9010151-86e4-49dc-89bc-d237860e406a,9.935,"Vector(1.000, 0.000)",-31.81960875927777,"Vector(6.591, 2.830)",3.021588514209041,9.93493556851312,65.685,9.944,0.002
1226,"[np.float64(72.34690847404829), np.float64(72.34174447001243)]","[np.float64(9.944), np.float64(9.945)]","[UUID('0653c9fb-30f7-4c2d-96c9-9f7c2e4bdab8'), UUID('0653c9fb-30f7-4c2d-96c9-9f7c2e4bdab8')]","(np.float64(5.0999), np.float64(0.0))",13,"Vector(0.998, -0.071)","Vector(-1.491, -2.830)",echo,wall_obstacle_54,0653c9fb-30f7-4c2d-96c9-9f7c2e4bdab8,9.935,"Vector(-1.000, 0.000)",-80.1260877714285,"Vector(6.591, 2.830)",3.198413263666845,9.934291253644316,72.344,9.944,0.002
1227,"[np.float64(62.9419160331593), np.float64(62.94570419488746)]","[np.float64(9.945), np.float64(9.946)]","[UUID('b6a2999a-6f58-4f2b-9ae1-140c1f1c6539'), UUID('b6a2999a-6f58-4f2b-9ae1-140c1f1c6539')]","(np.float64(7.1401), np.float64(0.0))",17,"Vector(0.998, -0.071)","Vector(0.546, -2.830)",echo,wall_obstacle_58,b6a2999a-6f58-4f2b-9ae1-140c1f1c6539,9.935,"Vector(1.000, 0.000)",-41.41453555846732,"Vector(6.594, 2.830)",2.8818366822913473,9.936422448979593,62.944,9.945,0.002
1228,"[np.float64(60.542949022215), np.float64(60.544618708082346)]","[np.float64(9.947000000000001), np.float64(9.948)]","[UUID('0dc65cfe-58f1-4c78-ac3c-e77585d877b3'), UUID('0dc65cfe-58f1-4c78-ac3c-e77585d877b3')]","(np.float64(6.6301), np.float64(0.0))",17,"Vector(0.998, -0.071)","Vector(0.030, -2.829)",echo,wall_obstacle_57,0dc65cfe-58f1-4c78-ac3c-e77585d877b3,9.935,"Vector(1.000, 0.000)",-51.72800866333236,"Vector(6.600, 2.829)",2.829294293105615,9.937909329446065,60.544,9.947,0.002
1229,[np.float64(61.32332187198439)],[np.float64(9.989)],[UUID('fb3471e3-1e27-4654-99c6-c951f3ab6743')],"(np.float64(5.1001), np.float64(0.0))",15,"Vector(0.998, -0.071)","Vector(-1.622, -2.821)",echo,wall_obstacle_54,fb3471e3-1e27-4654-99c6-c951f3ab6743,9.986,"Vector(1.000, 0.000)",-82.24896763672645,"Vector(6.722, 2.821)",3.2536965870222136,9.977539067055393,61.323,9.989,0.001
1230,"[np.float64(69.10376676308339), np.float64(69.11397651871879)]","[np.float64(9.99), np.float64(9.991)]","[UUID('80e4aefd-fb60-495a-a569-e8293eacab2b'), UUID('80e4aefd-fb60-495a-a569-e8293eacab2b')]","(np.int64(10), np.int64(3))",20,"Vector(0.998, -0.071)","Vector(3.272, 0.180)",direct,,80e4aefd-fb60-495a-a569-e8293eacab2b,9.986,"Vector(-1.000, 0.000)",40.80175058704725,"Vector(6.728, 2.820)",3.276762140040073,9.98,69.109,9.99,0.002
1231,"[np.float64(74.60683431329068), np.float64(74.61918811327413)]","[np.float64(9.99), np.float64(9.991)]","[UUID('e14d494c-5b63-4618-8e97-6248a30dd39c'), UUID('e14d494c-5b63-4618-8e97-6248a30dd39c')]","(np.float64(10.0), np.float64(3.0599))",20,"Vector(0.998, -0.071)","Vector(3.272, 0.240)",echo,wall_obstacle_18,e14d494c-5b63-4618-8e97-6248a30dd39c,9.986,"Vector(0.000, -1.000)",41.84638721713037,"Vector(6.728, 2.820)",3.2805960056672627,9.980174635568513,74.613,9.99,0.002
1232,"[np.float64(63.575725383296955), np.float64(63.58512095939285)]","[np.float64(9.991), np.float64(9.992)]","[UUID('15508afe-6063-4dcc-b202-9584b137c528'), UUID('15508afe-6063-4dcc-b202-9584b137c528')]","(np.float64(10.0), np.float64(2.5501))",20,"Vector(0.998, -0.071)","Vector(3.269, -0.270)",echo,wall_obstacle_17,15508afe-6063-4dcc-b202-9584b137c528,9.986,"Vector(0.000, 1.000)",32.93636637347703,"Vector(6.731, 2.820)",3.2799445441958315,9.981311661807581,63.58,9.991,0.002
1233,[np.float64(62.76545262178537)],[np.float64(9.999)],[UUID('6ab65cbc-257d-4e77-80c5-438aec64629e')],"(np.int64(5), np.int64(10))",31,"Vector(0.998, -0.071)","Vector(-1.752, 7.182)",direct,,6ab65cbc-257d-4e77-80c5-438aec64629e,9.986,"Vector(0.000, -1.000)",141.3652184998303,"Vector(6.752, 2.818)",7.39222197356113,9.977,62.765,9.999,0.001
1234,[np.float64(66.93272414247541)],[np.float64(9.999)],[UUID('b6799e39-2a6f-4390-b619-c1df89986ea1')],"(np.int64(10), np.int64(5))",22,"Vector(0.998, -0.071)","Vector(3.248, 2.182)",direct,,b6799e39-2a6f-4390-b619-c1df89986ea1,9.986,"Vector(-1.000, 0.000)",71.5433683899642,"Vector(6.752, 2.818)",3.9125625498386603,9.987,66.933,9.999,0.001
1235,[np.float64(68.2630499176943)],[np.float64(9.999)],[UUID('96b18c04-7073-418d-8095-30beb3095c7f')],"(np.float64(10.0), np.float64(5.0999))",22,"Vector(0.998, -0.071)","Vector(3.248, 2.281)",echo,wall_obstacle_22,96b18c04-7073-418d-8095-30beb3095c7f,9.986,"Vector(0.000, -1.000)",72.74056529101426,"Vector(6.752, 2.818)",3.9691315675346415,9.987291253644315,68.263,9.999,0.001
1236,[np.float64(63.378548848088066)],[np.float64(9.999)],[UUID('808a204f-ed9e-47b8-b4e1-8f4cd7f59da0')],"(np.float64(10.0), np.float64(4.5901))",22,"Vector(0.998, -0.071)","Vector(3.248, 1.772)",echo,wall_obstacle_21,808a204f-ed9e-47b8-b4e1-8f4cd7f59da0,9.986,"Vector(0.000, 1.000)",66.26632370059784,"Vector(6.752, 2.818)",3.6996897751568305,9.988195043731778,63.379,9.999,0.001
