,func,ncalls,ccalls,tottime,cumtime,callers
0,"<code object expanduser at 0x55893d592540, file ""<frozen posixpath>"", line 256>",10893,0,0.011433337,0.006540590000000001,"[_lsprof.profiler_subentry(code='<built-in method posix.fspath>', callcount=10893, reccallcount=0, totaltime=0.00127297, inlinetime=0.00127297), _lsprof.profiler_subentry(code=""<method 'startswith' of 'str' objects>"", callcount=10893, reccallcount=0, totaltime=0.0026495710000000003, inlinetime=0.0026495710000000003), _lsprof.profiler_subentry(code='<built-in method builtins.isinstance>', callcount=10893, reccallcount=0, totaltime=0.000970206, inlinetime=0.000970206)]"
1,"<code object splitroot at 0x55893d593100, file ""<frozen posixpath>"", line 138>",1,0,7.78e-07,5.85e-07,"[_lsprof.profiler_subentry(code='<built-in method posix.fspath>', callcount=1, reccallcount=0, totaltime=8.100000000000001e-08, inlinetime=8.100000000000001e-08), _lsprof.profiler_subentry(code='<built-in method builtins.isinstance>', callcount=1, reccallcount=0, totaltime=1.1200000000000001e-07, inlinetime=1.1200000000000001e-07)]"
2,"<code object splitdrive at 0x55893d593280, file ""<frozen posixpath>"", line 131>",1,0,1.151e-06,1.0140000000000002e-06,"[_lsprof.profiler_subentry(code='<built-in method posix.fspath>', callcount=1, reccallcount=0, totaltime=1.37e-07, inlinetime=1.37e-07)]"
3,"<code object getstate at 0x55893d5a9380, file ""<frozen codecs>"", line 331>",10890,0,0.002026309,0.002026309,
4,"<code object decode at 0x55893d5a9560, file ""<frozen codecs>"", line 319>",10890,0,0.011738403000000001,0.007708532000000001,"[_lsprof.profiler_subentry(code='<built-in method _codecs.utf_8_decode>', callcount=10890, reccallcount=0, totaltime=0.004029871, inlinetime=0.004029871)]"
5,"<code object __init__ at 0x55893d5a9780, file ""<frozen codecs>"", line 309>",3630,0,0.0036713590000000003,0.003169823,"[_lsprof.profiler_subentry(code=<code object __init__ at 0x55893d5a9d00, file ""<frozen codecs>"", line 260>, callcount=3630, reccallcount=0, totaltime=0.000501536, inlinetime=0.000501536)]"
6,"<code object __init__ at 0x55893d5a9d00, file ""<frozen codecs>"", line 260>",3630,0,0.000501536,0.000501536,
7,"<code object __instancecheck__ at 0x55893d5ab9a0, file ""<frozen abc>"", line 117>",50873,0,0.026545745000000003,0.009311822,"[_lsprof.profiler_subentry(code='<built-in method _abc._abc_instancecheck>', callcount=50873, reccallcount=0, totaltime=0.017233923, inlinetime=0.017233923)]"
8,<built-in method _stat.S_ISDIR>,1,0,2.4500000000000004e-07,2.4500000000000004e-07,
9,<built-in method _operator.and_>,14637,0,0.011921952000000001,0.011921952000000001,
10,<built-in method _operator.lt>,14637,0,0.017798858,0.017798858,
11,<built-in method _operator.ge>,14637,0,0.022197478,0.022197478,
12,<built-in method _abc._abc_instancecheck>,50873,0,0.017233923,0.017233923,
13,<method '__exit__' of '_thread.RLock' objects>,50,0,1.3911000000000001e-05,1.3911000000000001e-05,
14,<method 'match' of 're.Pattern' objects>,3631,0,0.003891991,0.003891991,
15,<method 'close' of '_io.TextIOWrapper' objects>,3630,0,0.015607538,0.015607538,
16,<method 'close' of '_io.BufferedWriter' objects>,1,0,1.3255000000000001e-05,1.3255000000000001e-05,
17,<method 'close' of '_io.BufferedRandom' objects>,50,0,0.009308043,0.009308043,
18,<method 'flush' of '_io.BufferedRandom' objects>,50,0,6.1844e-05,6.1844e-05,
19,<method 'seek' of '_io.BufferedRandom' objects>,400,0,0.00932808,0.00932808,
20,<method 'tell' of '_io.BufferedRandom' objects>,300,0,0.00013550000000000001,0.00013550000000000001,
21,<method 'write' of '_io.BufferedRandom' objects>,1000,0,0.000536338,0.000536338,
22,<function _ZipWriteFile.close at 0x7eae6711b920>,100,0,4.9300000000000006e-05,4.9300000000000006e-05,
23,<method '__exit__' of '_io._IOBase' objects>,151,0,0.035267280000000005,0.019820751,"[_lsprof.profiler_subentry(code=<code object close at 0x5589647ee750, file ""/home/adityamoger/anaconda3/envs/cocktail_3_dynamic_model/lib/python3.12/zipfile/__init__.py"", line 1211>, callcount=100, reccallcount=0, totaltime=0.015446529, inlinetime=0.000565484)]"
24,<built-in method _io.open>,3732,0,0.083714774,0.080043415,"[_lsprof.profiler_subentry(code=<code object __init__ at 0x55893d5a9780, file ""<frozen codecs>"", line 309>, callcount=3630, reccallcount=0, totaltime=0.0036713590000000003, inlinetime=0.003169823)]"
25,<built-in method _codecs.lookup>,3631,0,0.0033071290000000002,0.0033071290000000002,
26,<built-in method _codecs.utf_8_decode>,10890,0,0.004029871,0.004029871,
27,<built-in method _codecs.lookup_error>,3631,0,0.0012209500000000002,0.0012209500000000002,
28,<built-in method posix.stat>,1,0,1.283e-05,7.548e-06,"[_lsprof.profiler_subentry(code=<code object __fspath__ at 0x7eaea75956f0, file ""/home/adityamoger/anaconda3/envs/cocktail_3_dynamic_model/lib/python3.12/pathlib.py"", line 447>, callcount=1, reccallcount=0, totaltime=5.282e-06, inlinetime=5.150000000000001e-06)]"
29,<built-in method posix.urandom>,41519,0,0.07740411900000001,0.07740411900000001,
30,<built-in method posix.fspath>,10997,0,0.001293702,0.001293702,
31,<built-in method sys.getfilesystemencoding>,3630,0,0.001531292,0.001531292,
32,<built-in method sys.intern>,6,0,2.379e-06,2.379e-06,
33,<built-in method builtins.all>,124501,3630,0.20948169600000002,0.050633290000000004,"[_lsprof.profiler_subentry(code=<code object <genexpr> at 0x7eae70793030, file ""/home/adityamoger/anaconda3/envs/cocktail_3_dynamic_model/lib/python3.12/site-packages/pandas/core/dtypes/inference.py"", line 300>, callcount=3630, reccallcount=0, totaltime=0.001594776, inlinetime=0.001142198), _lsprof.profiler_subentry(code=<code object <genexpr> at 0x7eae6726ae50, file ""/home/adityamoger/anaconda3/envs/cocktail_3_dynamic_model/lib/python3.12/site-packages/pandas/io/common.py"", line 1229>, callcount=7260, reccallcount=0, totaltime=0.004035814, inlinetime=0.003326373), _lsprof.profiler_subentry(code=<code object <genexpr> at 0x7eae6fc812f0, file ""/home/adityamoger/anaconda3/envs/cocktail_3_dynamic_model/lib/python3.12/site-packages/pandas/core/common.py"", line 192>, callcount=3630, reccallcount=0, totaltime=0.000550186, inlinetime=0.000550186), _lsprof.profiler_subentry(code=<code object <genexpr> at 0x7eae67554330, file ""/home/adityamoger/anaconda3/envs/cocktail_3_dynamic_model/lib/python3.12/site-packages/pandas/core/indexes/base.py"", line 541>, callcount=3630, reccallcount=0, totaltime=0.001314157, inlinetime=0.0010256920000000001), _lsprof.profiler_subentry(code=<code object <genexpr> at 0x7eae70793330, file ""/home/adityamoger/anaconda3/envs/cocktail_3_dynamic_model/lib/python3.12/site-packages/pandas/core/dtypes/common.py"", line 1600>, callcount=197424, reccallcount=0, totaltime=0.06811673800000001, inlinetime=0.038364348), _lsprof.profiler_subentry(code=<code object <genexpr> at 0x7eae674f4880, file ""/home/adityamoger/anaconda3/envs/cocktail_3_dynamic_model/lib/python3.12/site-packages/pandas/core/generic.py"", line 5617>, callcount=7260, reccallcount=0, totaltime=0.08307512900000001, inlinetime=0.004279911), _lsprof.profiler_subentry(code=<code object <genexpr> at 0x7eae677f32d0, file ""/home/adityamoger/anaconda3/envs/cocktail_3_dynamic_model/lib/python3.12/site-packages/pandas/core/indexes/base.py"", line 5689>, callcount=7260, reccallcount=0, totaltime=0.005650876, inlinetime=0.002302091), _lsprof.profiler_subentry(code=<code object <genexpr> at 0x7eae668e0b70, file ""/home/adityamoger/Documents/GitHub/dynamic_model_of_cocktail_party_nightmare/dynamic_model/supporting_files/supporting_functions_for_consistency.py"", line 79>, callcount=855, reccallcount=0, totaltime=0.002620845, inlinetime=0.002620845)]"
34,<built-in method builtins.any>,357,0,0.003775898,0.000268279,"[_lsprof.profiler_subentry(code=<code object <genexpr> at 0x7eae6688dce0, file ""/home/adityamoger/Documents/GitHub/dynamic_model_of_cocktail_party_nightmare/dynamic_model/supporting_files/supporting_functions_for_consistency.py"", line 78>, callcount=506, reccallcount=0, totaltime=0.003507619, inlinetime=0.000504522)]"
35,<built-in method builtins.callable>,15013792,0,0.875837874,0.875837874,
36,<built-in method builtins.chr>,100,0,1.883e-05,1.883e-05,
37,<built-in method builtins.getattr>,1723662,0,0.188935386,0.18793869400000002,"[_lsprof.profiler_subentry(code=<code object allows_duplicate_labels at 0x7eae6778c2d0, file ""/home/adityamoger/anaconda3/envs/cocktail_3_dynamic_model/lib/python3.12/site-packages/pandas/core/flags.py"", line 55>, callcount=10, reccallcount=0, totaltime=9.01e-07, inlinetime=9.01e-07), _lsprof.profiler_subentry(code=<code object name at 0x7eae67803c90, file ""/home/adityamoger/anaconda3/envs/cocktail_3_dynamic_model/lib/python3.12/site-packages/pandas/core/indexes/base.py"", line 1678>, callcount=7260, reccallcount=0, totaltime=0.000995791, inlinetime=0.000995791)]"
38,<built-in method builtins.hasattr>,195364,0,0.054070785,0.035691335000000005,"[_lsprof.profiler_subentry(code=<code object name at 0x7eae67166410, file ""/home/adityamoger/anaconda3/envs/cocktail_3_dynamic_model/lib/python3.12/site-packages/pandas/core/series.py"", line 734>, callcount=29274, reccallcount=0, totaltime=0.002178315, inlinetime=0.002178315), _lsprof.profiler_subentry(code=<code object dtype at 0x7eae67137d20, file ""/home/adityamoger/anaconda3/envs/cocktail_3_dynamic_model/lib/python3.12/site-packages/pandas/core/series.py"", line 707>, callcount=43911, reccallcount=0, totaltime=0.016201135000000002, inlinetime=0.008828309000000001)]"
39,<built-in method builtins.hash>,15225736,0,1.210845841,1.210845841,
40,<built-in method builtins.isinstance>,80538587,47541,5.595624643000001,5.288578799000001,"[_lsprof.profiler_subentry(code=<code object __instancecheck__ at 0x55893d5ab9a0, file ""<frozen abc>"", line 117>, callcount=50873, reccallcount=0, totaltime=0.026545745000000003, inlinetime=0.009311822), _lsprof.profiler_subentry(code=<code object _instancecheck at 0x7eae70792830, file ""/home/adityamoger/anaconda3/envs/cocktail_3_dynamic_model/lib/python3.12/site-packages/pandas/core/dtypes/generic.py"", line 42>, callcount=616980, reccallcount=0, totaltime=0.289451016, inlinetime=0.129502483)]"
41,<built-in method builtins.issubclass>,233625,0,0.024140652000000002,0.024140652000000002,
42,<built-in method builtins.iter>,3630,0,0.000578004,0.000578004,
43,<built-in method builtins.len>,2108917,409251,0.324221421,0.253286137,"[_lsprof.profiler_subentry(code=<code object __len__ at 0x7eae67564120, file ""/home/adityamoger/anaconda3/envs/cocktail_3_dynamic_model/lib/python3.12/site-packages/pandas/core/indexes/base.py"", line 912>, callcount=83724, reccallcount=0, totaltime=0.021384529000000003, inlinetime=0.014482057000000001), _lsprof.profiler_subentry(code=<code object __len__ at 0x7eae67137e10, file ""/home/adityamoger/anaconda3/envs/cocktail_3_dynamic_model/lib/python3.12/site-packages/pandas/core/series.py"", line 914>, callcount=14637, reccallcount=0, totaltime=0.019225950000000002, inlinetime=0.002394598), _lsprof.profiler_subentry(code=<code object __len__ at 0x7eae671db2d0, file ""/home/adityamoger/anaconda3/envs/cocktail_3_dynamic_model/lib/python3.12/site-packages/pandas/core/internals/base.py"", line 74>, callcount=18267, reccallcount=0, totaltime=0.016308797, inlinetime=0.006526400000000001), _lsprof.profiler_subentry(code=<code object __len__ at 0x7eae671d8120, file ""/home/adityamoger/anaconda3/envs/cocktail_3_dynamic_model/lib/python3.12/site-packages/pandas/core/indexes/range.py"", line 999>, callcount=292623, reccallcount=0, totaltime=0.068696424, inlinetime=0.045430998)]"
44,<built-in method builtins.locals>,3630,0,0.014129059000000001,0.014129059000000001,
45,<built-in method builtins.max>,2168953,0,0.380075475,0.37401816400000004,"[_lsprof.profiler_subentry(code=<code object <genexpr> at 0x7eae668d5c30, file ""/home/adityamoger/Documents/GitHub/dynamic_model_of_cocktail_party_nightmare/dynamic_model/simulation_and_plotting/simulation.py"", line 193>, callcount=50050, reccallcount=0, totaltime=0.006057311, inlinetime=0.004210013)]"
46,<built-in method builtins.next>,3630,0,0.0006506340000000001,0.0006506340000000001,
47,<built-in method builtins.ord>,3630,0,0.000614918,0.000614918,
48,<built-in method builtins.print>,3,0,1.7921e-05,1.7921e-05,
49,<built-in method builtins.repr>,400,0,0.000194078,0.000194078,
50,<built-in method builtins.sorted>,7360,0,0.005488017,0.005488017,
51,<built-in method _warnings._filters_mutated>,10890,0,0.0013318260000000001,0.0013318260000000001,
52,<method 'encode' of 'str' objects>,4030,0,0.001563368,0.001563368,
53,<method 'replace' of 'str' objects>,12,0,1.6230000000000002e-06,1.6230000000000002e-06,
54,<method 'split' of 'str' objects>,54802,0,0.014106864,0.014106864,
55,<method 'join' of 'str' objects>,3731,0,0.000837884,0.000837884,
56,<method 'find' of 'str' objects>,102,0,4.8839000000000005e-05,4.8839000000000005e-05,
57,<method 'lower' of 'str' objects>,33311,0,0.004010976,0.004010976,
58,<method 'lstrip' of 'str' objects>,2,0,1.017e-06,1.017e-06,
59,<method 'strip' of 'str' objects>,2,0,5.970000000000001e-07,5.970000000000001e-07,
60,<method 'upper' of 'str' objects>,7260,0,0.0018291310000000001,0.0018291310000000001,
61,<method 'startswith' of 'str' objects>,10894,0,0.002649808,0.002649808,
62,<method 'endswith' of 'str' objects>,32729,0,0.004972366000000001,0.004972366000000001,
63,<built-in method __new__ of type object at 0x55893d5e4300>,69423,0,0.015656708000000002,0.015656708000000002,
64,<method 'add' of 'set' objects>,32987,0,0.007366109000000001,0.007366109000000001,
65,<method 'pop' of 'set' objects>,10890,0,0.001963549,0.001963549,
66,<method 'update' of 'set' objects>,65974,0,0.022077689,0.022077689,
67,<method 'index' of 'range' objects>,7472177,0,1.063341208,1.063341208,
68,<method 'get' of 'dict' objects>,7817614,0,0.944558545,0.944558545,
69,<method 'pop' of 'dict' objects>,61711,0,0.009192786000000001,0.009192786000000001,
70,<method 'keys' of 'dict' objects>,7260,0,0.0017102170000000002,0.0017102170000000002,
71,<method 'items' of 'dict' objects>,30784,0,0.0056129230000000006,0.0056129230000000006,
72,<method 'values' of 'dict' objects>,25577,0,0.005598401,0.005598401,
73,<method 'update' of 'dict' objects>,396448,0,0.102548016,0.102548016,
74,<method 'copy' of 'dict' objects>,29157,0,0.008781109,0.008781109,
75,<built-in method from_bytes>,41519,0,0.009902397,0.009902397,
76,<method 'copy' of 'list' objects>,632,0,0.000161588,0.000161588,
77,<method 'append' of 'list' objects>,691004,0,0.10674162100000001,0.10674162100000001,
78,<method 'insert' of 'list' objects>,3630,0,0.000923911,0.000923911,
79,<method 'extend' of 'list' objects>,200000,0,0.036067811000000005,0.036067811000000005,
80,<method 'pop' of 'list' objects>,627,0,0.00022138700000000003,0.00022138700000000003,
81,<method 'remove' of 'list' objects>,3630,0,0.003279487,0.003279487,
82,<method 'index' of 'list' objects>,2842,0,0.0018069750000000002,0.001055574,"[_lsprof.profiler_subentry(code=<code object __eq__ at 0x7eaea790d6b0, file ""/home/adityamoger/anaconda3/envs/cocktail_3_dynamic_model/lib/python3.12/uuid.py"", line 240>, callcount=4124, reccallcount=0, totaltime=0.0007514010000000001, inlinetime=0.000530855)]"
83,<method 'count' of 'list' objects>,41519,0,0.011679102,0.011679102,
84,<method 'reverse' of 'list' objects>,3631,0,0.0007003280000000001,0.0007003280000000001,
85,<method 'get' of 'mappingproxy' objects>,2,0,1.04e-06,1.04e-06,
86,"<code object __enter__ at 0x55896369ae90, file ""/home/adityamoger/anaconda3/envs/cocktail_3_dynamic_model/lib/python3.12/warnings.py"", line 482>",3630,0,0.004717692,0.004008468,"[_lsprof.profiler_subentry(code='<built-in method _warnings._filters_mutated>', callcount=3630, reccallcount=0, totaltime=0.000709224, inlinetime=0.000709224)]"
87,"<code object __get__ at 0x5589636d6220, file ""/home/adityamoger/anaconda3/envs/cocktail_3_dynamic_model/lib/python3.12/enum.py"", line 197>",33820,0,0.029172705,0.02864776,"[_lsprof.profiler_subentry(code=<code object value at 0x7eaea77e4110, file ""/home/adityamoger/anaconda3/envs/cocktail_3_dynamic_model/lib/python3.12/enum.py"", line 1279>, callcount=3630, reccallcount=0, totaltime=0.0005249450000000001, inlinetime=0.0005249450000000001)]"
88,"<code object __init__ at 0x5589637038e0, file ""/home/adityamoger/anaconda3/envs/cocktail_3_dynamic_model/lib/python3.12/uuid.py"", line 139>",41519,0,0.16765094,0.134017714,"[_lsprof.profiler_subentry(code='<built-in method builtins.isinstance>', callcount=41519, reccallcount=0, totaltime=0.00476912, inlinetime=0.00476912), _lsprof.profiler_subentry(code='<built-in method builtins.len>', callcount=41519, reccallcount=0, totaltime=0.007282607000000001, inlinetime=0.007282607000000001), _lsprof.profiler_subentry(code=""<method 'count' of 'list' objects>"", callcount=41519, reccallcount=0, totaltime=0.011679102, inlinetime=0.011679102), _lsprof.profiler_subentry(code='<built-in method from_bytes>', callcount=41519, reccallcount=0, totaltime=0.009902397, inlinetime=0.009902397)]"
89,"<code object __init__ at 0x55896372deb0, file ""/home/adityamoger/anaconda3/envs/cocktail_3_dynamic_model/lib/python3.12/pathlib.py"", line 358>",2,0,3.446e-06,2.302e-06,"[_lsprof.profiler_subentry(code='<built-in method posix.fspath>', callcount=2, reccallcount=0, totaltime=3.25e-07, inlinetime=3.25e-07), _lsprof.profiler_subentry(code='<built-in method builtins.isinstance>', callcount=4, reccallcount=0, totaltime=4.51e-07, inlinetime=4.51e-07), _lsprof.profiler_subentry(code=""<method 'append' of 'list' objects>"", callcount=2, reccallcount=0, totaltime=3.68e-07, inlinetime=3.68e-07)]"
90,"<code object _slotnames at 0x558963749930, file ""/home/adityamoger/anaconda3/envs/cocktail_3_dynamic_model/lib/python3.12/copyreg.py"", line 107>",2,0,8.413e-06,6.1520000000000006e-06,"[_lsprof.profiler_subentry(code='<built-in method builtins.hasattr>', callcount=2, reccallcount=0, totaltime=1.221e-06, inlinetime=1.221e-06), _lsprof.profiler_subentry(code=""<method 'get' of 'mappingproxy' objects>"", callcount=2, reccallcount=0, totaltime=1.04e-06, inlinetime=1.04e-06)]"
91,"<code object _parse_path at 0x5589637deae0, file ""/home/adityamoger/anaconda3/envs/cocktail_3_dynamic_model/lib/python3.12/pathlib.py"", line 387>",1,0,1.0392000000000001e-05,6.121e-06,"[_lsprof.profiler_subentry(code=""<method 'startswith' of 'str' objects>"", callcount=1, reccallcount=0, totaltime=2.3700000000000002e-07, inlinetime=2.3700000000000002e-07), _lsprof.profiler_subentry(code=""<method 'split' of 'str' objects>"", callcount=1, reccallcount=0, totaltime=8.77e-07, inlinetime=8.77e-07), _lsprof.profiler_subentry(code='<built-in method sys.intern>', callcount=6, reccallcount=0, totaltime=2.379e-06, inlinetime=2.379e-06), _lsprof.profiler_subentry(code=<code object splitroot at 0x55893d593100, file ""<frozen posixpath>"", line 138>, callcount=1, reccallcount=0, totaltime=7.78e-07, inlinetime=5.85e-07)]"
92,"<code object urlsplit at 0x5589637ea090, file ""/home/adityamoger/anaconda3/envs/cocktail_3_dynamic_model/lib/python3.12/urllib/parse.py"", line 452>",2,0,2.2694e-05,1.4882e-05,"[_lsprof.profiler_subentry(code=<code object _coerce_args at 0x7eaea76b6eb0, file ""/home/adityamoger/anaconda3/envs/cocktail_3_dynamic_model/lib/python3.12/urllib/parse.py"", line 119>, callcount=2, reccallcount=0, totaltime=1.2140000000000002e-06, inlinetime=1.033e-06), _lsprof.profiler_subentry(code=""<method 'lstrip' of 'str' objects>"", callcount=2, reccallcount=0, totaltime=1.017e-06, inlinetime=1.017e-06), _lsprof.profiler_subentry(code=""<method 'strip' of 'str' objects>"", callcount=2, reccallcount=0, totaltime=5.970000000000001e-07, inlinetime=5.970000000000001e-07), _lsprof.profiler_subentry(code=""<method 'replace' of 'str' objects>"", callcount=12, reccallcount=0, totaltime=1.6230000000000002e-06, inlinetime=1.6230000000000002e-06), _lsprof.profiler_subentry(code=""<method 'find' of 'str' objects>"", callcount=2, reccallcount=0, totaltime=7.29e-07, inlinetime=7.29e-07), _lsprof.profiler_subentry(code=<code object _checknetloc at 0x7eaea75d0410, file ""/home/adityamoger/anaconda3/envs/cocktail_3_dynamic_model/lib/python3.12/urllib/parse.py"", line 421>, callcount=2, reccallcount=0, totaltime=3.1400000000000003e-07, inlinetime=3.1400000000000003e-07), _lsprof.profiler_subentry(code=<code object <lambda> at 0x7eaea7608300, file ""<string>"", line 1>, callcount=2, reccallcount=0, totaltime=2.034e-06, inlinetime=9.060000000000001e-07), _lsprof.profiler_subentry(code=<code object _noop at 0x7eaea75a9140, file ""/home/adityamoger/anaconda3/envs/cocktail_3_dynamic_model/lib/python3.12/urllib/parse.py"", line 108>, callcount=2, reccallcount=0, totaltime=2.84e-07, inlinetime=2.84e-07)]"
93,"<code object copy at 0x5589637eecf0, file ""/home/adityamoger/anaconda3/envs/cocktail_3_dynamic_model/lib/python3.12/copy.py"", line 61>",3630,0,0.003995478,0.0029655050000000002,"[_lsprof.profiler_subentry(code=<code object _copy_immutable at 0x7eaea7410920, file ""/home/adityamoger/anaconda3/envs/cocktail_3_dynamic_model/lib/python3.12/copy.py"", line 102>, callcount=3630, reccallcount=0, totaltime=0.00037984000000000005, inlinetime=0.00037984000000000005), _lsprof.profiler_subentry(code=""<method 'get' of 'dict' objects>"", callcount=3630, reccallcount=0, totaltime=0.000650133, inlinetime=0.000650133)]"
94,"<code object _wrapreduction at 0x5589638a7cf0, file ""/home/adityamoger/anaconda3/envs/cocktail_3_dynamic_model/lib/python3.12/site-packages/numpy/_core/fromnumeric.py"", line 69>",12483,0,0.183242595,0.022785347,"[_lsprof.profiler_subentry(code=<code object max at 0x7eae6712b630, file ""/home/adityamoger/anaconda3/envs/cocktail_3_dynamic_model/lib/python3.12/site-packages/pandas/core/series.py"", line 6520>, callcount=1815, reccallcount=0, totaltime=0.078502395, inlinetime=0.0016054300000000001), _lsprof.profiler_subentry(code=<code object min at 0x7eae6712b530, file ""/home/adityamoger/anaconda3/envs/cocktail_3_dynamic_model/lib/python3.12/site-packages/pandas/core/series.py"", line 6510>, callcount=1815, reccallcount=0, totaltime=0.052288993000000006, inlinetime=0.001265976), _lsprof.profiler_subentry(code='<built-in method builtins.getattr>', callcount=12126, reccallcount=0, totaltime=0.006262122, inlinetime=0.006262122), _lsprof.profiler_subentry(code=""<method 'items' of 'dict' objects>"", callcount=12483, reccallcount=0, totaltime=0.0022994630000000003, inlinetime=0.0022994630000000003), _lsprof.profiler_subentry(code=""<method 'reduce' of 'numpy.ufunc' objects>"", callcount=8853, reccallcount=0, totaltime=0.021104275000000002, inlinetime=0.021104275000000002)]"
95,"<code object require at 0x5589638e42d0, file ""/home/adityamoger/anaconda3/envs/cocktail_3_dynamic_model/lib/python3.12/site-packages/numpy/_core/_asarray.py"", line 26>",7260,0,0.024773115000000002,0.013912259000000001,"[_lsprof.profiler_subentry(code=""<method 'upper' of 'str' objects>"", callcount=7260, reccallcount=0, totaltime=0.0018291310000000001, inlinetime=0.0018291310000000001), _lsprof.profiler_subentry(code='<built-in method numpy.array>', callcount=7260, reccallcount=0, totaltime=0.009031725, inlinetime=0.009031725)]"
96,"<code object _name_get at 0x5589638f10b0, file ""/home/adityamoger/anaconda3/envs/cocktail_3_dynamic_model/lib/python3.12/site-packages/numpy/_core/_dtype.py"", line 342>",4,0,2.1191e-05,8.547000000000001e-06,"[_lsprof.profiler_subentry(code=<code object _kind_name at 0x7eaea729d430, file ""/home/adityamoger/anaconda3/envs/cocktail_3_dynamic_model/lib/python3.12/site-packages/numpy/_core/_dtype.py"", line 23>, callcount=4, reccallcount=0, totaltime=8.240000000000001e-07, inlinetime=8.240000000000001e-07), _lsprof.profiler_subentry(code=<code object _name_includes_bit_suffix at 0x7eaea7271c30, file ""/home/adityamoger/anaconda3/envs/cocktail_3_dynamic_model/lib/python3.12/site-packages/numpy/_core/_dtype.py"", line 326>, callcount=4, reccallcount=0, totaltime=1.1419e-05, inlinetime=2.9760000000000004e-06), _lsprof.profiler_subentry(code='<built-in method builtins.issubclass>', callcount=4, reccallcount=0, totaltime=4.01e-07, inlinetime=4.01e-07)]"
97,"<code object _count_reduce_items at 0x5589638f1b40, file ""/home/adityamoger/anaconda3/envs/cocktail_3_dynamic_model/lib/python3.12/site-packages/numpy/_core/_methods.py"", line 75>",1816,0,0.004812977,0.004325701,"[_lsprof.profiler_subentry(code='<built-in method numpy.lib.array_utils.normalize_axis_index>', callcount=1816, reccallcount=0, totaltime=0.00048727600000000003, inlinetime=0.00048727600000000003)]"
98,"<code object _mean at 0x5589639237a0, file ""/home/adityamoger/anaconda3/envs/cocktail_3_dynamic_model/lib/python3.12/site-packages/numpy/_core/_methods.py"", line 117>",1816,0,0.02069851,0.005869229,"[_lsprof.profiler_subentry(code='<built-in method builtins.hasattr>', callcount=1816, reccallcount=0, totaltime=0.0005511670000000001, inlinetime=0.0005511670000000001), _lsprof.profiler_subentry(code='<built-in method builtins.isinstance>', callcount=1816, reccallcount=0, totaltime=0.00038410100000000003, inlinetime=0.00038410100000000003), _lsprof.profiler_subentry(code=""<method 'reduce' of 'numpy.ufunc' objects>"", callcount=1816, reccallcount=0, totaltime=0.003470452, inlinetime=0.003470452), _lsprof.profiler_subentry(code='<built-in method numpy.asanyarray>', callcount=1816, reccallcount=0, totaltime=0.004925085, inlinetime=0.004925085), _lsprof.profiler_subentry(code=<code object _count_reduce_items at 0x5589638f1b40, file ""/home/adityamoger/anaconda3/envs/cocktail_3_dynamic_model/lib/python3.12/site-packages/numpy/_core/_methods.py"", line 75>, callcount=1816, reccallcount=0, totaltime=0.004812977, inlinetime=0.004325701), _lsprof.profiler_subentry(code='<built-in method builtins.issubclass>', callcount=3632, reccallcount=0, totaltime=0.000685499, inlinetime=0.000685499)]"
99,"<code object _savez at 0x558963a50040, file ""/home/adityamoger/anaconda3/envs/cocktail_3_dynamic_model/lib/python3.12/site-packages/numpy/lib/_npyio_impl.py"", line 769>",50,0,0.049785324000000006,0.0008389980000000001,"[_lsprof.profiler_subentry(code='<built-in method posix.fspath>', callcount=50, reccallcount=0, totaltime=1.6034000000000003e-05, inlinetime=1.6034000000000003e-05), _lsprof.profiler_subentry(code=""<method 'endswith' of 'str' objects>"", callcount=50, reccallcount=0, totaltime=3.676e-05, inlinetime=3.676e-05), _lsprof.profiler_subentry(code=""<method '__exit__' of '_io._IOBase' objects>"", callcount=100, reccallcount=0, totaltime=0.015536795, inlinetime=9.0266e-05), _lsprof.profiler_subentry(code='<built-in method builtins.hasattr>', callcount=50, reccallcount=0, totaltime=1.2009000000000001e-05, inlinetime=1.2009000000000001e-05), _lsprof.profiler_subentry(code=<code object close at 0x5589647d5c70, file ""/home/adityamoger/anaconda3/envs/cocktail_3_dynamic_model/lib/python3.12/zipfile/__init__.py"", line 1931>, callcount=50, reccallcount=0, totaltime=0.010299598, inlinetime=0.000169987), _lsprof.profiler_subentry(code=<code object write_array at 0x558963a9d6b0, file ""/home/adityamoger/anaconda3/envs/cocktail_3_dynamic_model/lib/python3.12/site-packages/numpy/lib/_format_impl.py"", line 702>, callcount=100, reccallcount=0, totaltime=0.008697573, inlinetime=0.001013425), _lsprof.profiler_subentry(code=<code object zipfile_factory at 0x7eaea4dcae20, file ""/home/adityamoger/anaconda3/envs/cocktail_3_dynamic_model/lib/python3.12/site-packages/numpy/lib/_npyio_impl.py"", line 100>, callcount=50, reccallcount=0, totaltime=0.01167875, inlinetime=0.000196147), _lsprof.profiler_subentry(code=<code object open at 0x5589647efca0, file ""/home/adityamoger/anaconda3/envs/cocktail_3_dynamic_model/lib/python3.12/zipfile/__init__.py"", line 1561>, callcount=100, reccallcount=0, totaltime=0.0026278680000000002, inlinetime=0.00024750600000000004), _lsprof.profiler_subentry(code=""<method 'items' of 'dict' objects>"", callcount=50, reccallcount=0, totaltime=1.1641000000000001e-05, inlinetime=1.1641000000000001e-05), _lsprof.profiler_subentry(code='<built-in method numpy.asanyarray>', callcount=100, reccallcount=0, totaltime=2.9298000000000003e-05, inlinetime=2.9298000000000003e-05)]"
100,"<code object _write_array_header at 0x558963a5a490, file ""/home/adityamoger/anaconda3/envs/cocktail_3_dynamic_model/lib/python3.12/site-packages/numpy/lib/_format_impl.py"", line 445>",100,0,0.002193698,0.000539218,"[_lsprof.profiler_subentry(code='<built-in method builtins.sorted>', callcount=100, reccallcount=0, totaltime=0.00013096, inlinetime=0.00013096), _lsprof.profiler_subentry(code=""<method 'join' of 'str' objects>"", callcount=100, reccallcount=0, totaltime=3.4727e-05, inlinetime=3.4727e-05), _lsprof.profiler_subentry(code=<code object _wrap_header_guess_version at 0x7eaea4795420, file ""/home/adityamoger/anaconda3/envs/cocktail_3_dynamic_model/lib/python3.12/site-packages/numpy/lib/_format_impl.py"", line 421>, callcount=100, reccallcount=0, totaltime=0.0006009240000000001, inlinetime=5.2744e-05), _lsprof.profiler_subentry(code=<code object write at 0x5589647a9c50, file ""/home/adityamoger/anaconda3/envs/cocktail_3_dynamic_model/lib/python3.12/zipfile/__init__.py"", line 1192>, callcount=100, reccallcount=0, totaltime=0.000589772, inlinetime=0.000287473), _lsprof.profiler_subentry(code='<built-in method builtins.repr>', callcount=400, reccallcount=0, totaltime=0.000194078, inlinetime=0.000194078), _lsprof.profiler_subentry(code='<built-in method builtins.len>', callcount=200, reccallcount=0, totaltime=2.4017e-05, inlinetime=2.4017e-05), _lsprof.profiler_subentry(code=""<method 'append' of 'list' objects>"", callcount=400, reccallcount=0, totaltime=5.8457000000000006e-05, inlinetime=5.8457000000000006e-05), _lsprof.profiler_subentry(code=""<method 'items' of 'dict' objects>"", callcount=100, reccallcount=0, totaltime=2.1545e-05, inlinetime=2.1545e-05)]"
101,"<code object _wrap_header at 0x558963a5d660, file ""/home/adityamoger/anaconda3/envs/cocktail_3_dynamic_model/lib/python3.12/site-packages/numpy/lib/_format_impl.py"", line 397>",100,0,0.00054818,0.00034752700000000004,"[_lsprof.profiler_subentry(code=""<method 'encode' of 'str' objects>"", callcount=100, reccallcount=0, totaltime=3.3453e-05, inlinetime=3.3453e-05), _lsprof.profiler_subentry(code='<built-in method _struct.pack>', callcount=100, reccallcount=0, totaltime=2.2549e-05, inlinetime=2.2549e-05), _lsprof.profiler_subentry(code='<built-in method _struct.calcsize>', callcount=100, reccallcount=0, totaltime=1.7233000000000003e-05, inlinetime=1.7233000000000003e-05), _lsprof.profiler_subentry(code=<code object magic at 0x7eaea47f9a70, file ""/home/adityamoger/anaconda3/envs/cocktail_3_dynamic_model/lib/python3.12/site-packages/numpy/lib/_format_impl.py"", line 205>, callcount=100, reccallcount=0, totaltime=0.0001178, inlinetime=0.0001178), _lsprof.profiler_subentry(code='<built-in method builtins.len>', callcount=100, reccallcount=0, totaltime=9.618e-06, inlinetime=9.618e-06)]"
102,"<code object write_array at 0x558963a9d6b0, file ""/home/adityamoger/anaconda3/envs/cocktail_3_dynamic_model/lib/python3.12/site-packages/numpy/lib/_format_impl.py"", line 702>",100,0,0.008697573,0.001013425,"[_lsprof.profiler_subentry(code=<code object isfileobj at 0x7eae72b181b0, file ""/home/adityamoger/anaconda3/envs/cocktail_3_dynamic_model/lib/python3.12/site-packages/numpy/lib/_format_impl.py"", line 1026>, callcount=100, reccallcount=0, totaltime=9.6555e-05, inlinetime=5.1970000000000006e-05), _lsprof.profiler_subentry(code=""<method 'tobytes' of 'numpy.ndarray' objects>"", callcount=100, reccallcount=0, totaltime=0.000107707, inlinetime=0.000107707), _lsprof.profiler_subentry(code=<code object _check_version at 0x7eaea47c1c50, file ""/home/adityamoger/anaconda3/envs/cocktail_3_dynamic_model/lib/python3.12/site-packages/numpy/lib/_format_impl.py"", line 199>, callcount=100, reccallcount=0, totaltime=4.087e-05, inlinetime=4.087e-05), _lsprof.profiler_subentry(code=<code object write at 0x5589647a9c50, file ""/home/adityamoger/anaconda3/envs/cocktail_3_dynamic_model/lib/python3.12/zipfile/__init__.py"", line 1192>, callcount=100, reccallcount=0, totaltime=0.004622188, inlinetime=0.000221362), _lsprof.profiler_subentry(code=<code object header_data_from_array_1_0 at 0x7eaea47a73c0, file ""/home/adityamoger/anaconda3/envs/cocktail_3_dynamic_model/lib/python3.12/site-packages/numpy/lib/_format_impl.py"", line 368>, callcount=100, reccallcount=0, totaltime=0.000596824, inlinetime=0.000190155), _lsprof.profiler_subentry(code=<code object _write_array_header at 0x558963a5a490, file ""/home/adityamoger/anaconda3/envs/cocktail_3_dynamic_model/lib/python3.12/site-packages/numpy/lib/_format_impl.py"", line 445>, callcount=100, reccallcount=0, totaltime=0.002193698, inlinetime=0.000539218), _lsprof.profiler_subentry(code='<built-in method builtins.max>', callcount=100, reccallcount=0, totaltime=2.6306000000000002e-05, inlinetime=2.6306000000000002e-05)]"
103,"<code object drop_metadata at 0x558963aa0630, file ""/home/adityamoger/anaconda3/envs/cocktail_3_dynamic_model/lib/python3.12/site-packages/numpy/lib/_utils_impl.py"", line 719>",100,0,9.240600000000001e-05,9.240600000000001e-05,
104,"<code object dispatch_fill_zeros at 0x558963c9a2d0, file ""/home/adityamoger/anaconda3/envs/cocktail_3_dynamic_model/lib/python3.12/site-packages/pandas/core/ops/missing.py"", line 131>",29274,0,0.008776207000000001,0.008776207000000001,
105,"<code object emit_sounds at 0x558963d8bec0, file ""/home/adityamoger/Documents/GitHub/dynamic_model_of_cocktail_party_nightmare/dynamic_model/agents/bats.py"", line 155>",450000,0,4.377617743,0.8002089800000001,"[_lsprof.profiler_subentry(code=<code object __getitem__ at 0x55896466c320, file ""/home/adityamoger/anaconda3/envs/cocktail_3_dynamic_model/lib/python3.12/site-packages/pandas/core/frame.py"", line 4067>, callcount=467064, reccallcount=0, totaltime=1.7060971340000002, inlinetime=0.619026335), _lsprof.profiler_subentry(code=<code object __getitem__ at 0x5589648cf400, file ""/home/adityamoger/anaconda3/envs/cocktail_3_dynamic_model/lib/python3.12/site-packages/pandas/core/series.py"", line 1104>, callcount=467064, reccallcount=0, totaltime=1.420951716, inlinetime=0.436722139), _lsprof.profiler_subentry(code=""<method 'append' of 'list' objects>"", callcount=25596, reccallcount=0, totaltime=0.003955788, inlinetime=0.003955788), _lsprof.profiler_subentry(code=<code object __init__ at 0x7eae668512c0, file ""/home/adityamoger/Documents/GitHub/dynamic_model_of_cocktail_party_nightmare/dynamic_model/agents/sounds.py"", line 146>, callcount=8532, reccallcount=0, totaltime=0.44640412500000004, inlinetime=0.024132765)]"
106,"<code object cleanup_sounds at 0x558963dd8030, file ""/home/adityamoger/Documents/GitHub/dynamic_model_of_cocktail_party_nightmare/dynamic_model/agents/bats.py"", line 306>",50000,0,0.012005276,0.012005276,
107,"<code object __init__ at 0x5589642ea070, file ""/home/adityamoger/Documents/GitHub/dynamic_model_of_cocktail_party_nightmare/dynamic_model/agents/sounds.py"", line 13>",41519,0,1.183112576,0.098387551,"[_lsprof.profiler_subentry(code=<code object __getitem__ at 0x55896466c320, file ""/home/adityamoger/anaconda3/envs/cocktail_3_dynamic_model/lib/python3.12/site-packages/pandas/core/frame.py"", line 4067>, callcount=124557, reccallcount=0, totaltime=0.42047610700000004, inlinetime=0.14932978700000002), _lsprof.profiler_subentry(code=<code object __getitem__ at 0x5589648cf400, file ""/home/adityamoger/anaconda3/envs/cocktail_3_dynamic_model/lib/python3.12/site-packages/pandas/core/series.py"", line 1104>, callcount=124557, reccallcount=0, totaltime=0.36647703600000003, inlinetime=0.11110964000000001), _lsprof.profiler_subentry(code=<code object uuid4 at 0x7eaea791f880, file ""/home/adityamoger/anaconda3/envs/cocktail_3_dynamic_model/lib/python3.12/uuid.py"", line 723>, callcount=41519, reccallcount=0, totaltime=0.29777188200000004, inlinetime=0.052716823)]"
108,"<code object is_numeric_v_string_like at 0x558964436930, file ""/home/adityamoger/anaconda3/envs/cocktail_3_dynamic_model/lib/python3.12/site-packages/pandas/core/dtypes/common.py"", line 994>",29274,0,0.032696205,0.025507843000000002,"[_lsprof.profiler_subentry(code='<built-in method builtins.isinstance>', callcount=87822, reccallcount=0, totaltime=0.007188362, inlinetime=0.007188362)]"
109,"<code object _isna_string_dtype at 0x55896444f160, file ""/home/adityamoger/anaconda3/envs/cocktail_3_dynamic_model/lib/python3.12/site-packages/pandas/core/dtypes/missing.py"", line 305>",3630,0,0.018008772000000003,0.018008772000000003,
110,"<code object ensure_python_int at 0x558964457a40, file ""/home/adityamoger/anaconda3/envs/cocktail_3_dynamic_model/lib/python3.12/site-packages/pandas/core/dtypes/common.py"", line 93>",7260,0,0.002984365,0.002984365,
111,"<code object _isna_array at 0x55896446d570, file ""/home/adityamoger/anaconda3/envs/cocktail_3_dynamic_model/lib/python3.12/site-packages/pandas/core/dtypes/missing.py"", line 261>",21897,0,0.070764984,0.041171032,"[_lsprof.profiler_subentry(code=<code object is_string_or_object_np_dtype at 0x7eae70791430, file ""/home/adityamoger/anaconda3/envs/cocktail_3_dynamic_model/lib/python3.12/site-packages/pandas/core/dtypes/common.py"", line 531>, callcount=21897, reccallcount=0, totaltime=0.007583287, inlinetime=0.007583287), _lsprof.profiler_subentry(code=<code object _isna_string_dtype at 0x55896444f160, file ""/home/adityamoger/anaconda3/envs/cocktail_3_dynamic_model/lib/python3.12/site-packages/pandas/core/dtypes/missing.py"", line 305>, callcount=3630, reccallcount=0, totaltime=0.018008772000000003, inlinetime=0.018008772000000003), _lsprof.profiler_subentry(code='<built-in method builtins.isinstance>', callcount=43794, reccallcount=0, totaltime=0.004001893, inlinetime=0.004001893)]"
112,"<code object is_bool_dtype at 0x558964472c60, file ""/home/adityamoger/anaconda3/envs/cocktail_3_dynamic_model/lib/python3.12/site-packages/pandas/core/dtypes/common.py"", line 1200>",29274,0,0.065641603,0.02485472,"[_lsprof.profiler_subentry(code=<code object _get_dtype at 0x7eae6fc50f60, file ""/home/adityamoger/anaconda3/envs/cocktail_3_dynamic_model/lib/python3.12/site-packages/pandas/core/dtypes/common.py"", line 1409>, callcount=29274, reccallcount=0, totaltime=0.012256259, inlinetime=0.0069260500000000004), _lsprof.profiler_subentry(code='<built-in method builtins.isinstance>', callcount=87822, reccallcount=0, totaltime=0.025412704, inlinetime=0.012681566), _lsprof.profiler_subentry(code='<built-in method builtins.issubclass>', callcount=29274, reccallcount=0, totaltime=0.00311792, inlinetime=0.00311792)]"
113,"<code object pandas_dtype at 0x558964473530, file ""/home/adityamoger/anaconda3/envs/cocktail_3_dynamic_model/lib/python3.12/site-packages/pandas/core/dtypes/common.py"", line 1606>",65808,0,0.08711753200000001,0.040870627,"[_lsprof.profiler_subentry(code=<code object find at 0x7eae6fc1ddf0, file ""/home/adityamoger/anaconda3/envs/cocktail_3_dynamic_model/lib/python3.12/site-packages/pandas/core/dtypes/base.py"", line 549>, callcount=3630, reccallcount=0, totaltime=0.0029463270000000003, inlinetime=0.002111721), _lsprof.profiler_subentry(code=<code object __init__ at 0x7eaea7928d50, file ""/home/adityamoger/anaconda3/envs/cocktail_3_dynamic_model/lib/python3.12/warnings.py"", line 456>, callcount=3630, reccallcount=0, totaltime=0.001850204, inlinetime=0.001850204), _lsprof.profiler_subentry(code=<code object __enter__ at 0x55896369ae90, file ""/home/adityamoger/anaconda3/envs/cocktail_3_dynamic_model/lib/python3.12/warnings.py"", line 482>, callcount=3630, reccallcount=0, totaltime=0.004717692, inlinetime=0.004008468), _lsprof.profiler_subentry(code=<code object __exit__ at 0x7eaea78c9250, file ""/home/adityamoger/anaconda3/envs/cocktail_3_dynamic_model/lib/python3.12/warnings.py"", line 503>, callcount=3630, reccallcount=0, totaltime=0.003438052, inlinetime=0.003151589), _lsprof.profiler_subentry(code=<code object simplefilter at 0x7eaea7788670, file ""/home/adityamoger/anaconda3/envs/cocktail_3_dynamic_model/lib/python3.12/warnings.py"", line 166>, callcount=3630, reccallcount=0, totaltime=0.013083851, inlinetime=0.003445805), _lsprof.profiler_subentry(code='<built-in method builtins.isinstance>', callcount=131616, reccallcount=0, totaltime=0.018935966000000002, inlinetime=0.018935966000000002), _lsprof.profiler_subentry(code=<code object is_hashable at 0x7eae70793130, file ""/home/adityamoger/anaconda3/envs/cocktail_3_dynamic_model/lib/python3.12/site-packages/pandas/core/dtypes/inference.py"", line 334>, callcount=3630, reccallcount=0, totaltime=0.001274813, inlinetime=0.000830986)]"
114,"<code object _is_dtype_type at 0x558964473da0, file ""/home/adityamoger/anaconda3/envs/cocktail_3_dynamic_model/lib/python3.12/site-packages/pandas/core/dtypes/common.py"", line 1444>",54801,0,0.08973310300000001,0.039232186,"[_lsprof.profiler_subentry(code=<code object pandas_dtype at 0x558964473530, file ""/home/adityamoger/anaconda3/envs/cocktail_3_dynamic_model/lib/python3.12/site-packages/pandas/core/dtypes/common.py"", line 1606>, callcount=14637, reccallcount=0, totaltime=0.008703520000000001, inlinetime=0.005266827), _lsprof.profiler_subentry(code=<code object <lambda> at 0x7eae6fc711b0, file ""/home/adityamoger/anaconda3/envs/cocktail_3_dynamic_model/lib/python3.12/site-packages/pandas/core/dtypes/common.py"", line 125>, callcount=54801, reccallcount=0, totaltime=0.016605868, inlinetime=0.010366401), _lsprof.profiler_subentry(code=<code object dtype at 0x7eae67137d20, file ""/home/adityamoger/anaconda3/envs/cocktail_3_dynamic_model/lib/python3.12/site-packages/pandas/core/series.py"", line 707>, callcount=14637, reccallcount=0, totaltime=0.004566532, inlinetime=0.0025806830000000003), _lsprof.profiler_subentry(code='<built-in method builtins.hasattr>', callcount=14637, reccallcount=0, totaltime=0.01099896, inlinetime=0.004667582), _lsprof.profiler_subentry(code='<built-in method builtins.isinstance>', callcount=69438, reccallcount=0, totaltime=0.009626037, inlinetime=0.009626037)]"
115,"<code object _isna at 0x5589644761b0, file ""/home/adityamoger/anaconda3/envs/cocktail_3_dynamic_model/lib/python3.12/site-packages/pandas/core/dtypes/missing.py"", line 184>",51173,0,0.28511786,0.047729303,"[_lsprof.profiler_subentry(code=<code object __init__ at 0x5589648cdf90, file ""/home/adityamoger/anaconda3/envs/cocktail_3_dynamic_model/lib/python3.12/site-packages/pandas/core/series.py"", line 389>, callcount=3630, reccallcount=0, totaltime=0.12538944000000002, inlinetime=0.019760674000000002), _lsprof.profiler_subentry(code=<code object name at 0x7eae67166410, file ""/home/adityamoger/anaconda3/envs/cocktail_3_dynamic_model/lib/python3.12/site-packages/pandas/core/series.py"", line 734>, callcount=3630, reccallcount=0, totaltime=0.00038375700000000003, inlinetime=0.00038375700000000003), _lsprof.profiler_subentry(code=<code object _isna_array at 0x55896446d570, file ""/home/adityamoger/anaconda3/envs/cocktail_3_dynamic_model/lib/python3.12/site-packages/pandas/core/dtypes/missing.py"", line 261>, callcount=21897, reccallcount=0, totaltime=0.070764984, inlinetime=0.041171032), _lsprof.profiler_subentry(code=<code object _constructor at 0x7eae66f40850, file ""/home/adityamoger/anaconda3/envs/cocktail_3_dynamic_model/lib/python3.12/site-packages/pandas/core/series.py"", line 660>, callcount=3630, reccallcount=0, totaltime=0.00039597600000000003, inlinetime=0.00039597600000000003), _lsprof.profiler_subentry(code='<built-in method builtins.isinstance>', callcount=72951, reccallcount=0, totaltime=0.035945078000000005, inlinetime=0.016016824000000002), _lsprof.profiler_subentry(code=<code object _values at 0x7eae6712aa30, file ""/home/adityamoger/anaconda3/envs/cocktail_3_dynamic_model/lib/python3.12/site-packages/pandas/core/series.py"", line 831>, callcount=3630, reccallcount=0, totaltime=0.0045093220000000005, inlinetime=0.0012604010000000002)]"
116,"<code object _array_equivalent_object at 0x5589644765a0, file ""/home/adityamoger/anaconda3/envs/cocktail_3_dynamic_model/lib/python3.12/site-packages/pandas/core/dtypes/missing.py"", line 564>",3630,0,0.011139055,0.011139055,
117,"<code object na_value_for_dtype at 0x558964477f40, file ""/home/adityamoger/anaconda3/envs/cocktail_3_dynamic_model/lib/python3.12/site-packages/pandas/core/dtypes/missing.py"", line 673>",3632,0,0.002373847,0.001949771,"[_lsprof.profiler_subentry(code='<built-in method builtins.isinstance>', callcount=3632, reccallcount=0, totaltime=0.000424076, inlinetime=0.000424076)]"
118,"<code object array_equivalent at 0x5589644781e0, file ""/home/adityamoger/anaconda3/envs/cocktail_3_dynamic_model/lib/python3.12/site-packages/pandas/core/dtypes/missing.py"", line 466>",3630,0,0.018076568,0.006153623,"[_lsprof.profiler_subentry(code='<built-in method numpy.asarray>', callcount=7260, reccallcount=0, totaltime=0.0007838900000000001, inlinetime=0.0007838900000000001), _lsprof.profiler_subentry(code=<code object _array_equivalent_object at 0x5589644765a0, file ""/home/adityamoger/anaconda3/envs/cocktail_3_dynamic_model/lib/python3.12/site-packages/pandas/core/dtypes/missing.py"", line 564>, callcount=3630, reccallcount=0, totaltime=0.011139055, inlinetime=0.011139055)]"
119,"<code object is_valid_na_for_dtype at 0x558964478740, file ""/home/adityamoger/anaconda3/envs/cocktail_3_dynamic_model/lib/python3.12/site-packages/pandas/core/dtypes/missing.py"", line 728>",2,0,5.217e-06,3.5060000000000004e-06,"[_lsprof.profiler_subentry(code=<code object isna at 0x7eae6fc702d0, file ""/home/adityamoger/anaconda3/envs/cocktail_3_dynamic_model/lib/python3.12/site-packages/pandas/core/dtypes/missing.py"", line 101>, callcount=2, reccallcount=0, totaltime=1.3150000000000001e-06, inlinetime=5.51e-07), _lsprof.profiler_subentry(code='<built-in method builtins.isinstance>', callcount=2, reccallcount=0, totaltime=3.96e-07, inlinetime=3.96e-07)]"
120,"<code object ensure_dtype_can_hold_na at 0x558964479b50, file ""/home/adityamoger/anaconda3/envs/cocktail_3_dynamic_model/lib/python3.12/site-packages/pandas/core/dtypes/cast.py"", line 524>",2,0,1.63e-06,1.464e-06,"[_lsprof.profiler_subentry(code='<built-in method builtins.isinstance>', callcount=2, reccallcount=0, totaltime=1.66e-07, inlinetime=1.66e-07)]"
121,"<code object maybe_promote at 0x55896447f420, file ""/home/adityamoger/anaconda3/envs/cocktail_3_dynamic_model/lib/python3.12/site-packages/pandas/core/dtypes/cast.py"", line 550>",29274,0,0.078203811,0.071887877,"[_lsprof.profiler_subentry(code=<code object _maybe_promote_cached at 0x7eae6fc72170, file ""/home/adityamoger/anaconda3/envs/cocktail_3_dynamic_model/lib/python3.12/site-packages/pandas/core/dtypes/cast.py"", line 605>, callcount=2, reccallcount=0, totaltime=1.7368e-05, inlinetime=4.834000000000001e-06), _lsprof.profiler_subentry(code=""<method 'get' of 'dict' objects>"", callcount=29274, reccallcount=0, totaltime=0.006298566, inlinetime=0.006298566)]"
122,"<code object _maybe_promote at 0x558964483120, file ""/home/adityamoger/anaconda3/envs/cocktail_3_dynamic_model/lib/python3.12/site-packages/pandas/core/dtypes/cast.py"", line 613>",2,0,1.2534e-05,4.886e-06,"[_lsprof.profiler_subentry(code=<code object na_value_for_dtype at 0x558964477f40, file ""/home/adityamoger/anaconda3/envs/cocktail_3_dynamic_model/lib/python3.12/site-packages/pandas/core/dtypes/missing.py"", line 673>, callcount=2, reccallcount=0, totaltime=8.01e-07, inlinetime=6.61e-07), _lsprof.profiler_subentry(code=<code object is_valid_na_for_dtype at 0x558964478740, file ""/home/adityamoger/anaconda3/envs/cocktail_3_dynamic_model/lib/python3.12/site-packages/pandas/core/dtypes/missing.py"", line 728>, callcount=2, reccallcount=0, totaltime=5.217e-06, inlinetime=3.5060000000000004e-06), _lsprof.profiler_subentry(code=<code object ensure_dtype_can_hold_na at 0x558964479b50, file ""/home/adityamoger/anaconda3/envs/cocktail_3_dynamic_model/lib/python3.12/site-packages/pandas/core/dtypes/cast.py"", line 524>, callcount=2, reccallcount=0, totaltime=1.63e-06, inlinetime=1.464e-06)]"
123,"<code object concat_compat at 0x5589644874b0, file ""/home/adityamoger/anaconda3/envs/cocktail_3_dynamic_model/lib/python3.12/site-packages/pandas/core/dtypes/concat.py"", line 52>",10890,0,0.030405636000000003,0.026860342000000002,"[_lsprof.profiler_subentry(code=<code object cast at 0x7eaea74c05e0, file ""/home/adityamoger/anaconda3/envs/cocktail_3_dynamic_model/lib/python3.12/typing.py"", line 2132>, callcount=10890, reccallcount=0, totaltime=0.000823927, inlinetime=0.000823927), _lsprof.profiler_subentry(code=<code object concatenate at 0x7eaea72c0030, file ""/home/adityamoger/anaconda3/envs/cocktail_3_dynamic_model/lib/python3.12/site-packages/numpy/_core/multiarray.py"", line 188>, callcount=10890, reccallcount=0, totaltime=0.0009999850000000001, inlinetime=0.0009999850000000001), _lsprof.profiler_subentry(code='<built-in method builtins.isinstance>', callcount=10890, reccallcount=0, totaltime=0.0007395020000000001, inlinetime=0.0007395020000000001), _lsprof.profiler_subentry(code='<built-in method builtins.len>', callcount=10890, reccallcount=0, totaltime=0.00098188, inlinetime=0.00098188)]"
124,"<code object _try_cast at 0x55896448d090, file ""/home/adityamoger/anaconda3/envs/cocktail_3_dynamic_model/lib/python3.12/site-packages/pandas/core/construction.py"", line 766>",47541,0,0.053058445,0.034276345,"[_lsprof.profiler_subentry(code=<code object construct_1d_object_array_from_listlike at 0x7eae6fcb8f30, file ""/home/adityamoger/anaconda3/envs/cocktail_3_dynamic_model/lib/python3.12/site-packages/pandas/core/dtypes/cast.py"", line 1589>, callcount=3630, reccallcount=0, totaltime=0.0052891760000000005, inlinetime=0.0034842930000000003), _lsprof.profiler_subentry(code='<built-in method numpy.asarray>', callcount=43911, reccallcount=0, totaltime=0.010531494, inlinetime=0.010531494), _lsprof.profiler_subentry(code='<built-in method builtins.isinstance>', callcount=47541, reccallcount=0, totaltime=0.00296143, inlinetime=0.00296143)]"
125,"<code object take_nd at 0x558964495690, file ""/home/adityamoger/anaconda3/envs/cocktail_3_dynamic_model/lib/python3.12/site-packages/pandas/core/array_algos/take.py"", line 59>",29274,0,0.3524604,0.038637138,"[_lsprof.profiler_subentry(code='<built-in method numpy.asarray>', callcount=29274, reccallcount=0, totaltime=0.004136999000000001, inlinetime=0.004136999000000001), _lsprof.profiler_subentry(code=<code object _take_nd_ndarray at 0x558964496a90, file ""/home/adityamoger/anaconda3/envs/cocktail_3_dynamic_model/lib/python3.12/site-packages/pandas/core/array_algos/take.py"", line 120>, callcount=29274, reccallcount=0, totaltime=0.30666281100000004, inlinetime=0.12793505800000002), _lsprof.profiler_subentry(code='<built-in method builtins.isinstance>', callcount=29274, reccallcount=0, totaltime=0.0030234520000000003, inlinetime=0.0030234520000000003)]"
126,"<code object _take_nd_ndarray at 0x558964496a90, file ""/home/adityamoger/anaconda3/envs/cocktail_3_dynamic_model/lib/python3.12/site-packages/pandas/core/array_algos/take.py"", line 120>",29274,0,0.30666281100000004,0.12793505800000002,"[_lsprof.profiler_subentry(code='<built-in method numpy.empty>', callcount=29274, reccallcount=0, totaltime=0.012815542000000001, inlinetime=0.012815542000000001), _lsprof.profiler_subentry(code=<code object _take_preprocess_indexer_and_fill_value at 0x55896449f110, file ""/home/adityamoger/anaconda3/envs/cocktail_3_dynamic_model/lib/python3.12/site-packages/pandas/core/array_algos/take.py"", line 564>, callcount=29274, reccallcount=0, totaltime=0.14800591100000002, inlinetime=0.048760627), _lsprof.profiler_subentry(code=<code object _get_take_nd_function at 0x7eae7073fb90, file ""/home/adityamoger/anaconda3/envs/cocktail_3_dynamic_model/lib/python3.12/site-packages/pandas/core/array_algos/take.py"", line 325>, callcount=29274, reccallcount=0, totaltime=0.014478141000000002, inlinetime=0.014447075), _lsprof.profiler_subentry(code='<built-in method builtins.len>', callcount=29274, reccallcount=0, totaltime=0.003428159, inlinetime=0.003428159)]"
127,"<code object is_bool_indexer at 0x558964497320, file ""/home/adityamoger/anaconda3/envs/cocktail_3_dynamic_model/lib/python3.12/site-packages/pandas/core/common.py"", line 97>",14637,0,0.111807023,0.021664658,"[_lsprof.profiler_subentry(code=<code object dtype at 0x7eae67137d20, file ""/home/adityamoger/anaconda3/envs/cocktail_3_dynamic_model/lib/python3.12/site-packages/pandas/core/series.py"", line 707>, callcount=29274, reccallcount=0, totaltime=0.030740171000000004, inlinetime=0.006675169000000001), _lsprof.profiler_subentry(code=<code object is_bool_dtype at 0x558964472c60, file ""/home/adityamoger/anaconda3/envs/cocktail_3_dynamic_model/lib/python3.12/site-packages/pandas/core/dtypes/common.py"", line 1200>, callcount=14637, reccallcount=0, totaltime=0.034563993, inlinetime=0.013457039), _lsprof.profiler_subentry(code='<built-in method builtins.isinstance>', callcount=29274, reccallcount=0, totaltime=0.024838201, inlinetime=0.007637114)]"
128,"<code object sanitize_array at 0x558964499490, file ""/home/adityamoger/anaconda3/envs/cocktail_3_dynamic_model/lib/python3.12/site-packages/pandas/core/construction.py"", line 517>",72951,0,0.7178082360000001,0.22460116300000002,"[_lsprof.profiler_subentry(code=<code object cast at 0x7eaea74c05e0, file ""/home/adityamoger/anaconda3/envs/cocktail_3_dynamic_model/lib/python3.12/typing.py"", line 2132>, callcount=83841, reccallcount=0, totaltime=0.006286051, inlinetime=0.006286051), _lsprof.profiler_subentry(code=<code object extract_array at 0x7eae6fc3e3f0, file ""/home/adityamoger/anaconda3/envs/cocktail_3_dynamic_model/lib/python3.12/site-packages/pandas/core/construction.py"", line 416>, callcount=72951, reccallcount=0, totaltime=0.024277908, inlinetime=0.019595545000000002), _lsprof.profiler_subentry(code=<code object _sanitize_non_ordered at 0x7eae6fcb91b0, file ""/home/adityamoger/anaconda3/envs/cocktail_3_dynamic_model/lib/python3.12/site-packages/pandas/core/construction.py"", line 685>, callcount=14520, reccallcount=0, totaltime=0.0047077230000000005, inlinetime=0.003329269), _lsprof.profiler_subentry(code=<code object maybe_convert_platform at 0x7eae7078ea70, file ""/home/adityamoger/anaconda3/envs/cocktail_3_dynamic_model/lib/python3.12/site-packages/pandas/core/dtypes/cast.py"", line 123>, callcount=10890, reccallcount=0, totaltime=0.10661324100000001, inlinetime=0.051686131), _lsprof.profiler_subentry(code=<code object maybe_infer_to_datetimelike at 0x7eae706da830, file ""/home/adityamoger/anaconda3/envs/cocktail_3_dynamic_model/lib/python3.12/site-packages/pandas/core/dtypes/cast.py"", line 1164>, callcount=10890, reccallcount=0, totaltime=0.06515430300000001, inlinetime=0.043199227), _lsprof.profiler_subentry(code=<code object _sanitize_ndim at 0x5589644a3cf0, file ""/home/adityamoger/anaconda3/envs/cocktail_3_dynamic_model/lib/python3.12/site-packages/pandas/core/construction.py"", line 693>, callcount=72951, reccallcount=0, totaltime=0.06330556400000001, inlinetime=0.033001216), _lsprof.profiler_subentry(code=<code object _sanitize_str_dtypes at 0x55896449a450, file ""/home/adityamoger/anaconda3/envs/cocktail_3_dynamic_model/lib/python3.12/site-packages/pandas/core/construction.py"", line 732>, callcount=72951, reccallcount=0, totaltime=0.029392155000000003, inlinetime=0.022705854), _lsprof.profiler_subentry(code=<code object _try_cast at 0x55896448d090, file ""/home/adityamoger/anaconda3/envs/cocktail_3_dynamic_model/lib/python3.12/site-packages/pandas/core/construction.py"", line 766>, callcount=47541, reccallcount=0, totaltime=0.053058445, inlinetime=0.034276345), _lsprof.profiler_subentry(code='<built-in method builtins.hasattr>', callcount=14520, reccallcount=0, totaltime=0.0013102930000000001, inlinetime=0.0013102930000000001), _lsprof.profiler_subentry(code='<built-in method builtins.isinstance>', callcount=714990, reccallcount=0, totaltime=0.13780124400000002, inlinetime=0.07947836600000001), _lsprof.profiler_subentry(code='<built-in method builtins.len>', callcount=14520, reccallcount=0, totaltime=0.001300146, inlinetime=0.001300146)]"
129,"<code object _sanitize_str_dtypes at 0x55896449a450, file ""/home/adityamoger/anaconda3/envs/cocktail_3_dynamic_model/lib/python3.12/site-packages/pandas/core/construction.py"", line 732>",72951,0,0.029392155000000003,0.022705854,"[_lsprof.profiler_subentry(code='<built-in method builtins.issubclass>', callcount=72951, reccallcount=0, totaltime=0.006686301, inlinetime=0.006686301)]"
130,"<code object logical_op at 0x55896449a930, file ""/home/adityamoger/anaconda3/envs/cocktail_3_dynamic_model/lib/python3.12/site-packages/pandas/core/ops/array_ops.py"", line 393>",14637,0,0.13171428400000001,0.036519128000000005,"[_lsprof.profiler_subentry(code=<code object ensure_wrapped_if_datetimelike at 0x55896449ea40, file ""/home/adityamoger/anaconda3/envs/cocktail_3_dynamic_model/lib/python3.12/site-packages/pandas/core/construction.py"", line 481>, callcount=14637, reccallcount=0, totaltime=0.006085915000000001, inlinetime=0.005138206), _lsprof.profiler_subentry(code=<code object should_extension_dispatch at 0x7eae6fcbf550, file ""/home/adityamoger/anaconda3/envs/cocktail_3_dynamic_model/lib/python3.12/site-packages/pandas/core/ops/dispatch.py"", line 17>, callcount=14637, reccallcount=0, totaltime=0.022324835, inlinetime=0.003812175), _lsprof.profiler_subentry(code=<code object fill_bool at 0x7eae6fa643b0, file ""/home/adityamoger/anaconda3/envs/cocktail_3_dynamic_model/lib/python3.12/site-packages/pandas/core/ops/array_ops.py"", line 410>, callcount=29274, reccallcount=0, totaltime=0.029028636000000003, inlinetime=0.013900979), _lsprof.profiler_subentry(code=<code object na_logical_op at 0x5589644abf30, file ""/home/adityamoger/anaconda3/envs/cocktail_3_dynamic_model/lib/python3.12/site-packages/pandas/core/ops/array_ops.py"", line 352>, callcount=14637, reccallcount=0, totaltime=0.034577706, inlinetime=0.010091146), _lsprof.profiler_subentry(code='<built-in method builtins.hasattr>', callcount=14637, reccallcount=0, totaltime=0.001953254, inlinetime=0.001953254), _lsprof.profiler_subentry(code='<built-in method builtins.isinstance>', callcount=14637, reccallcount=0, totaltime=0.00122481, inlinetime=0.00122481)]"
131,"<code object check_array_indexer at 0x55896449cab0, file ""/home/adityamoger/anaconda3/envs/cocktail_3_dynamic_model/lib/python3.12/site-packages/pandas/core/indexers/utils.py"", line 419>",14637,0,0.37284404200000004,0.04110782,"[_lsprof.profiler_subentry(code='<built-in method numpy.asarray>', callcount=14637, reccallcount=0, totaltime=0.264256125, inlinetime=0.032571652), _lsprof.profiler_subentry(code=<code object dtype at 0x7eae67137d20, file ""/home/adityamoger/anaconda3/envs/cocktail_3_dynamic_model/lib/python3.12/site-packages/pandas/core/series.py"", line 707>, callcount=14637, reccallcount=0, totaltime=0.004271503, inlinetime=0.0024385770000000004), _lsprof.profiler_subentry(code=<code object is_bool_dtype at 0x558964472c60, file ""/home/adityamoger/anaconda3/envs/cocktail_3_dynamic_model/lib/python3.12/site-packages/pandas/core/dtypes/common.py"", line 1200>, callcount=14637, reccallcount=0, totaltime=0.031077610000000002, inlinetime=0.011397681000000002), _lsprof.profiler_subentry(code=<code object is_array_like at 0x7eae70792e30, file ""/home/adityamoger/anaconda3/envs/cocktail_3_dynamic_model/lib/python3.12/site-packages/pandas/core/dtypes/inference.py"", line 195>, callcount=14637, reccallcount=0, totaltime=0.017887707000000003, inlinetime=0.008367283), _lsprof.profiler_subentry(code=<code object ndim at 0x7eae67911550, file ""/home/adityamoger/anaconda3/envs/cocktail_3_dynamic_model/lib/python3.12/site-packages/pandas/core/base.py"", line 367>, callcount=29274, reccallcount=0, totaltime=0.002014178, inlinetime=0.002014178), _lsprof.profiler_subentry(code='<built-in method builtins.isinstance>', callcount=29274, reccallcount=0, totaltime=0.0024336690000000003, inlinetime=0.0024336690000000003), _lsprof.profiler_subentry(code='<built-in method builtins.len>', callcount=29274, reccallcount=0, totaltime=0.00979543, inlinetime=0.006012842)]"
132,"<code object _get_take_nd_function_cached at 0x55896449e7a0, file ""/home/adityamoger/anaconda3/envs/cocktail_3_dynamic_model/lib/python3.12/site-packages/pandas/core/array_algos/take.py"", line 287>",2,0,3.1066000000000004e-05,8.508e-06,"[_lsprof.profiler_subentry(code=<code object _name_get at 0x5589638f10b0, file ""/home/adityamoger/anaconda3/envs/cocktail_3_dynamic_model/lib/python3.12/site-packages/numpy/_core/_dtype.py"", line 342>, callcount=4, reccallcount=0, totaltime=2.1191e-05, inlinetime=8.547000000000001e-06), _lsprof.profiler_subentry(code=""<method 'get' of 'dict' objects>"", callcount=2, reccallcount=0, totaltime=1.367e-06, inlinetime=1.367e-06)]"
133,"<code object ensure_wrapped_if_datetimelike at 0x55896449ea40, file ""/home/adityamoger/anaconda3/envs/cocktail_3_dynamic_model/lib/python3.12/site-packages/pandas/core/construction.py"", line 481>",135246,0,0.053116204,0.043988349,"[_lsprof.profiler_subentry(code='<built-in method builtins.isinstance>', callcount=135246, reccallcount=0, totaltime=0.009127855, inlinetime=0.009127855)]"
134,"<code object _take_preprocess_indexer_and_fill_value at 0x55896449f110, file ""/home/adityamoger/anaconda3/envs/cocktail_3_dynamic_model/lib/python3.12/site-packages/pandas/core/array_algos/take.py"", line 564>",29274,0,0.14800591100000002,0.048760627,"[_lsprof.profiler_subentry(code=""<method 'any' of 'numpy.ndarray' objects>"", callcount=14637, reccallcount=0, totaltime=0.021041473, inlinetime=0.005818498), _lsprof.profiler_subentry(code=<code object maybe_promote at 0x55896447f420, file ""/home/adityamoger/anaconda3/envs/cocktail_3_dynamic_model/lib/python3.12/site-packages/pandas/core/dtypes/cast.py"", line 550>, callcount=29274, reccallcount=0, totaltime=0.078203811, inlinetime=0.071887877)]"
135,"<code object maybe_convert_indices at 0x5589644a05f0, file ""/home/adityamoger/anaconda3/envs/cocktail_3_dynamic_model/lib/python3.12/site-packages/pandas/core/indexers/utils.py"", line 239>",14637,0,0.108723647,0.063400225,"[_lsprof.profiler_subentry(code=""<method 'any' of 'numpy.ndarray' objects>"", callcount=29274, reccallcount=0, totaltime=0.043793586, inlinetime=0.012219028000000002), _lsprof.profiler_subentry(code='<built-in method builtins.isinstance>', callcount=14637, reccallcount=0, totaltime=0.0015298360000000001, inlinetime=0.0015298360000000001)]"
136,"<code object _maybe_null_out at 0x5589644a0830, file ""/home/adityamoger/anaconda3/envs/cocktail_3_dynamic_model/lib/python3.12/site-packages/pandas/core/nanops.py"", line 1499>",3630,0,0.014582906000000001,0.0020512950000000003,"[_lsprof.profiler_subentry(code=<code object check_below_min_count at 0x7eae6faf8ab0, file ""/home/adityamoger/anaconda3/envs/cocktail_3_dynamic_model/lib/python3.12/site-packages/pandas/core/nanops.py"", line 1547>, callcount=3630, reccallcount=0, totaltime=0.012531611000000002, inlinetime=0.003228687)]"
137,"<code object _sanitize_ndim at 0x5589644a3cf0, file ""/home/adityamoger/anaconda3/envs/cocktail_3_dynamic_model/lib/python3.12/site-packages/pandas/core/construction.py"", line 693>",72951,0,0.06330556400000001,0.033001216,"[_lsprof.profiler_subentry(code=<code object _maybe_repeat at 0x7eae6fcb92f0, file ""/home/adityamoger/anaconda3/envs/cocktail_3_dynamic_model/lib/python3.12/site-packages/pandas/core/construction.py"", line 755>, callcount=72951, reccallcount=0, totaltime=0.022080268, inlinetime=0.016655279000000002), _lsprof.profiler_subentry(code='<built-in method builtins.getattr>', callcount=72951, reccallcount=0, totaltime=0.00822408, inlinetime=0.00822408)]"
138,"<code object _get_values at 0x5589644aa5e0, file ""/home/adityamoger/anaconda3/envs/cocktail_3_dynamic_model/lib/python3.12/site-packages/pandas/core/nanops.py"", line 253>",18267,0,0.17176100200000002,0.023061126,"[_lsprof.profiler_subentry(code=""<method 'any' of 'numpy.ndarray' objects>"", callcount=18267, reccallcount=0, totaltime=0.038163113000000005, inlinetime=0.00832324), _lsprof.profiler_subentry(code=<code object _maybe_get_mask at 0x7eae6faf8810, file ""/home/adityamoger/anaconda3/envs/cocktail_3_dynamic_model/lib/python3.12/site-packages/pandas/core/nanops.py"", line 209>, callcount=18267, reccallcount=0, totaltime=0.10264250200000001, inlinetime=0.009231908), _lsprof.profiler_subentry(code=<code object _get_fill_value at 0x7eae6faec990, file ""/home/adityamoger/anaconda3/envs/cocktail_3_dynamic_model/lib/python3.12/site-packages/pandas/core/nanops.py"", line 187>, callcount=18267, reccallcount=0, totaltime=0.007894261, inlinetime=0.003866702)]"
139,"<code object comparison_op at 0x5589644ab7b0, file ""/home/adityamoger/anaconda3/envs/cocktail_3_dynamic_model/lib/python3.12/site-packages/pandas/core/ops/array_ops.py"", line 288>",29274,0,0.38046535800000003,0.084342304,"[_lsprof.profiler_subentry(code=<code object ensure_wrapped_if_datetimelike at 0x55896449ea40, file ""/home/adityamoger/anaconda3/envs/cocktail_3_dynamic_model/lib/python3.12/site-packages/pandas/core/construction.py"", line 481>, callcount=58548, reccallcount=0, totaltime=0.022160689, inlinetime=0.017800897), _lsprof.profiler_subentry(code=<code object isna at 0x7eae6fc702d0, file ""/home/adityamoger/anaconda3/envs/cocktail_3_dynamic_model/lib/python3.12/site-packages/pandas/core/dtypes/missing.py"", line 101>, callcount=29274, reccallcount=0, totaltime=0.023621743, inlinetime=0.008345574), _lsprof.profiler_subentry(code=<code object should_extension_dispatch at 0x7eae6fcbf550, file ""/home/adityamoger/anaconda3/envs/cocktail_3_dynamic_model/lib/python3.12/site-packages/pandas/core/ops/dispatch.py"", line 17>, callcount=29274, reccallcount=0, totaltime=0.041017105000000005, inlinetime=0.008051185), _lsprof.profiler_subentry(code=<code object is_numeric_v_string_like at 0x558964436930, file ""/home/adityamoger/anaconda3/envs/cocktail_3_dynamic_model/lib/python3.12/site-packages/pandas/core/dtypes/common.py"", line 994>, callcount=29274, reccallcount=0, totaltime=0.032696205, inlinetime=0.025507843000000002), _lsprof.profiler_subentry(code=<code object _na_arithmetic_op at 0x5589644e2560, file ""/home/adityamoger/anaconda3/envs/cocktail_3_dynamic_model/lib/python3.12/site-packages/pandas/core/ops/array_ops.py"", line 189>, callcount=29274, reccallcount=0, totaltime=0.145032938, inlinetime=0.041670115), _lsprof.profiler_subentry(code='<built-in method builtins.isinstance>', callcount=117096, reccallcount=0, totaltime=0.031594374, inlinetime=0.019413896)]"
140,"<code object na_logical_op at 0x5589644abf30, file ""/home/adityamoger/anaconda3/envs/cocktail_3_dynamic_model/lib/python3.12/site-packages/pandas/core/ops/array_ops.py"", line 352>",14637,0,0.034577706,0.010091146,"[_lsprof.profiler_subentry(code='<built-in method _operator.and_>', callcount=14637, reccallcount=0, totaltime=0.011921952000000001, inlinetime=0.011921952000000001), _lsprof.profiler_subentry(code=""<method 'reshape' of 'numpy.ndarray' objects>"", callcount=14637, reccallcount=0, totaltime=0.012564608000000001, inlinetime=0.012564608000000001)]"
141,"<code object _maybe_match_name at 0x5589644b5800, file ""/home/adityamoger/anaconda3/envs/cocktail_3_dynamic_model/lib/python3.12/site-packages/pandas/core/ops/common.py"", line 103>",14637,0,0.024286003,0.012124821000000001,"[_lsprof.profiler_subentry(code=<code object name at 0x7eae67166410, file ""/home/adityamoger/anaconda3/envs/cocktail_3_dynamic_model/lib/python3.12/site-packages/pandas/core/series.py"", line 734>, callcount=43911, reccallcount=0, totaltime=0.00255857, inlinetime=0.00255857), _lsprof.profiler_subentry(code='<built-in method builtins.hasattr>', callcount=29274, reccallcount=0, totaltime=0.009602612, inlinetime=0.007424297000000001)]"
142,"<code object _na_arithmetic_op at 0x5589644e2560, file ""/home/adityamoger/anaconda3/envs/cocktail_3_dynamic_model/lib/python3.12/site-packages/pandas/core/ops/array_ops.py"", line 189>",29274,0,0.145032938,0.041670115,"[_lsprof.profiler_subentry(code=<code object evaluate at 0x7eae6fa61590, file ""/home/adityamoger/anaconda3/envs/cocktail_3_dynamic_model/lib/python3.12/site-packages/pandas/core/computation/expressions.py"", line 226>, callcount=29274, reccallcount=0, totaltime=0.092684109, inlinetime=0.015360117000000001), _lsprof.profiler_subentry(code=<code object dispatch_fill_zeros at 0x558963c9a2d0, file ""/home/adityamoger/anaconda3/envs/cocktail_3_dynamic_model/lib/python3.12/site-packages/pandas/core/ops/missing.py"", line 131>, callcount=29274, reccallcount=0, totaltime=0.008776207000000001, inlinetime=0.008776207000000001), _lsprof.profiler_subentry(code='<built-in method builtins.isinstance>', callcount=29274, reccallcount=0, totaltime=0.0019025070000000001, inlinetime=0.0019025070000000001)]"
143,"<code object _evaluate_numexpr at 0x5589644e63e0, file ""/home/adityamoger/anaconda3/envs/cocktail_3_dynamic_model/lib/python3.12/site-packages/pandas/core/computation/expressions.py"", line 95>",29274,0,0.07732399200000001,0.022645633000000002,"[_lsprof.profiler_subentry(code=<code object _can_use_numexpr at 0x7eae7078fdf0, file ""/home/adityamoger/anaconda3/envs/cocktail_3_dynamic_model/lib/python3.12/site-packages/pandas/core/computation/expressions.py"", line 76>, callcount=29274, reccallcount=0, totaltime=0.00648692, inlinetime=0.00648692), _lsprof.profiler_subentry(code=<code object _evaluate_standard at 0x7eae6fcd1c30, file ""/home/adityamoger/anaconda3/envs/cocktail_3_dynamic_model/lib/python3.12/site-packages/pandas/core/computation/expressions.py"", line 67>, callcount=29274, reccallcount=0, totaltime=0.048191439, inlinetime=0.008195103)]"
144,"<code object nanmean at 0x5589644f1310, file ""/home/adityamoger/anaconda3/envs/cocktail_3_dynamic_model/lib/python3.12/site-packages/pandas/core/nanops.py"", line 671>",14637,0,0.270642241,0.041545529000000005,"[_lsprof.profiler_subentry(code=<code object _get_values at 0x5589644aa5e0, file ""/home/adityamoger/anaconda3/envs/cocktail_3_dynamic_model/lib/python3.12/site-packages/pandas/core/nanops.py"", line 253>, callcount=14637, reccallcount=0, totaltime=0.127479632, inlinetime=0.01832199), _lsprof.profiler_subentry(code=""<method 'sum' of 'numpy.ndarray' objects>"", callcount=14637, reccallcount=0, totaltime=0.026317012, inlinetime=0.008188757000000001), _lsprof.profiler_subentry(code=<code object _get_dtype_max at 0x7eae6fa85c30, file ""/home/adityamoger/anaconda3/envs/cocktail_3_dynamic_model/lib/python3.12/site-packages/pandas/core/nanops.py"", line 324>, callcount=14637, reccallcount=0, totaltime=0.012567925, inlinetime=0.012567925), _lsprof.profiler_subentry(code=<code object _get_counts at 0x55896451cca0, file ""/home/adityamoger/anaconda3/envs/cocktail_3_dynamic_model/lib/python3.12/site-packages/pandas/core/nanops.py"", line 1458>, callcount=14637, reccallcount=0, totaltime=0.053184028, inlinetime=0.015449832), _lsprof.profiler_subentry(code=<code object _ensure_numeric at 0x558964519c50, file ""/home/adityamoger/anaconda3/envs/cocktail_3_dynamic_model/lib/python3.12/site-packages/pandas/core/nanops.py"", line 1678>, callcount=14637, reccallcount=0, totaltime=0.009548115000000001, inlinetime=0.007421387000000001)]"
145,"<code object f at 0x5589644f6250, file ""/home/adityamoger/anaconda3/envs/cocktail_3_dynamic_model/lib/python3.12/site-packages/pandas/core/nanops.py"", line 111>",18267,0,0.384222889,0.019100315,"[_lsprof.profiler_subentry(code=<code object new_func at 0x7eae6fa81d70, file ""/home/adityamoger/anaconda3/envs/cocktail_3_dynamic_model/lib/python3.12/site-packages/pandas/core/nanops.py"", line 389>, callcount=18267, reccallcount=0, totaltime=0.36357578, inlinetime=0.017711309), _lsprof.profiler_subentry(code='<built-in method builtins.len>', callcount=18267, reccallcount=0, totaltime=0.001546794, inlinetime=0.001546794)]"
146,"<code object nanany at 0x5589644fbd80, file ""/home/adityamoger/anaconda3/envs/cocktail_3_dynamic_model/lib/python3.12/site-packages/pandas/core/nanops.py"", line 482>",3630,0,0.021381401,0.002249984,"[_lsprof.profiler_subentry(code=""<method 'any' of 'numpy.ndarray' objects>"", callcount=3630, reccallcount=0, totaltime=0.019131417, inlinetime=0.0024260310000000004)]"
147,"<code object _ensure_numeric at 0x558964519c50, file ""/home/adityamoger/anaconda3/envs/cocktail_3_dynamic_model/lib/python3.12/site-packages/pandas/core/nanops.py"", line 1678>",14637,0,0.009548115000000001,0.007421387000000001,"[_lsprof.profiler_subentry(code='<built-in method builtins.isinstance>', callcount=14637, reccallcount=0, totaltime=0.002126728, inlinetime=0.002126728)]"
148,"<code object _get_counts at 0x55896451cca0, file ""/home/adityamoger/anaconda3/envs/cocktail_3_dynamic_model/lib/python3.12/site-packages/pandas/core/nanops.py"", line 1458>",14637,0,0.053184028,0.015449832,"[_lsprof.profiler_subentry(code=""<method 'sum' of 'numpy.ndarray' objects>"", callcount=14637, reccallcount=0, totaltime=0.037734196000000005, inlinetime=0.007538806)]"
149,"<code object __finalize__ at 0x5589645bde30, file ""/home/adityamoger/anaconda3/envs/cocktail_3_dynamic_model/lib/python3.12/site-packages/pandas/core/generic.py"", line 6255>",84172,0,0.274475749,0.19260644400000002,"[_lsprof.profiler_subentry(code=<code object attrs at 0x7eae6778edb0, file ""/home/adityamoger/anaconda3/envs/cocktail_3_dynamic_model/lib/python3.12/site-packages/pandas/core/generic.py"", line 363>, callcount=84172, reccallcount=0, totaltime=0.009512241000000001, inlinetime=0.009512241000000001), _lsprof.profiler_subentry(code=<code object flags at 0x7eae6778ee90, file ""/home/adityamoger/anaconda3/envs/cocktail_3_dynamic_model/lib/python3.12/site-packages/pandas/core/generic.py"", line 405>, callcount=168344, reccallcount=0, totaltime=0.01369363, inlinetime=0.01369363), _lsprof.profiler_subentry(code='<built-in method builtins.getattr>', callcount=51171, reccallcount=0, totaltime=0.007322984, inlinetime=0.007322984), _lsprof.profiler_subentry(code=<code object allows_duplicate_labels at 0x7eae6778c2d0, file ""/home/adityamoger/anaconda3/envs/cocktail_3_dynamic_model/lib/python3.12/site-packages/pandas/core/flags.py"", line 55>, callcount=84172, reccallcount=0, totaltime=0.00825432, inlinetime=0.00825432), _lsprof.profiler_subentry(code='<built-in method builtins.isinstance>', callcount=135343, reccallcount=0, totaltime=0.012248127000000001, inlinetime=0.012248127000000001), _lsprof.profiler_subentry(code=<code object allows_duplicate_labels at 0x7eae677785f0, file ""/home/adityamoger/anaconda3/envs/cocktail_3_dynamic_model/lib/python3.12/site-packages/pandas/core/flags.py"", line 87>, callcount=84172, reccallcount=0, totaltime=0.030838003000000003, inlinetime=0.030838003000000003)]"
150,"<code object __setattr__ at 0x5589645cc5a0, file ""/home/adityamoger/anaconda3/envs/cocktail_3_dynamic_model/lib/python3.12/site-packages/pandas/core/generic.py"", line 6320>",190435,0,0.44937839,0.16459152900000001,"[_lsprof.profiler_subentry(code=<code object name at 0x7eae67166410, file ""/home/adityamoger/anaconda3/envs/cocktail_3_dynamic_model/lib/python3.12/site-packages/pandas/core/series.py"", line 734>, callcount=98712, reccallcount=0, totaltime=0.06550478300000001, inlinetime=0.026326791000000002), _lsprof.profiler_subentry(code=<code object name at 0x7eae6724bc30, file ""/home/adityamoger/anaconda3/envs/cocktail_3_dynamic_model/lib/python3.12/site-packages/pandas/core/series.py"", line 784>, callcount=98712, reccallcount=0, totaltime=0.21928207800000002, inlinetime=0.07392884400000001)]"
151,"<code object __init__ at 0x5589645da370, file ""/home/adityamoger/anaconda3/envs/cocktail_3_dynamic_model/lib/python3.12/site-packages/pandas/core/frame.py"", line 694>",3630,0,1.5931154220000001,0.018030191,"[_lsprof.profiler_subentry(code=<code object _get_option at 0x7eae70c23c30, file ""/home/adityamoger/anaconda3/envs/cocktail_3_dynamic_model/lib/python3.12/site-packages/pandas/_config/config.py"", line 145>, callcount=3630, reccallcount=0, totaltime=0.016690579, inlinetime=0.0036012120000000003), _lsprof.profiler_subentry(code=<code object dict_to_mgr at 0x5589647af230, file ""/home/adityamoger/anaconda3/envs/cocktail_3_dynamic_model/lib/python3.12/site-packages/pandas/core/internals/construction.py"", line 423>, callcount=3630, reccallcount=0, totaltime=1.5459355330000002, inlinetime=0.032599015), _lsprof.profiler_subentry(code=<code object mgr_to_mgr at 0x5589647ae150, file ""/home/adityamoger/anaconda3/envs/cocktail_3_dynamic_model/lib/python3.12/site-packages/pandas/core/internals/construction.py"", line 196>, callcount=3630, reccallcount=0, totaltime=0.0013407410000000001, inlinetime=0.001060172), _lsprof.profiler_subentry(code='<built-in method builtins.getattr>', callcount=3630, reccallcount=0, totaltime=0.0005001620000000001, inlinetime=0.0005001620000000001), _lsprof.profiler_subentry(code='<built-in method builtins.isinstance>', callcount=25410, reccallcount=0, totaltime=0.0032091330000000003, inlinetime=0.0032091330000000003), _lsprof.profiler_subentry(code=<code object __init__ at 0x7eae6798a170, file ""/home/adityamoger/anaconda3/envs/cocktail_3_dynamic_model/lib/python3.12/site-packages/pandas/core/generic.py"", line 278>, callcount=3630, reccallcount=0, totaltime=0.007409083, inlinetime=0.006182372)]"
152,"<code object reindex at 0x5589645e1da0, file ""/home/adityamoger/anaconda3/envs/cocktail_3_dynamic_model/lib/python3.12/site-packages/pandas/core/generic.py"", line 5362>",3630,0,0.175461788,0.007785508000000001,"[_lsprof.profiler_subentry(code='<built-in method builtins.all>', callcount=3630, reccallcount=0, totaltime=0.08536840300000001, inlinetime=0.002293274), _lsprof.profiler_subentry(code=<code object clean_reindex_fill_method at 0x7eae6fa547b0, file ""/home/adityamoger/anaconda3/envs/cocktail_3_dynamic_model/lib/python3.12/site-packages/pandas/core/missing.py"", line 1073>, callcount=3630, reccallcount=0, totaltime=0.0004891990000000001, inlinetime=0.0004891990000000001), _lsprof.profiler_subentry(code=<code object copy at 0x7eae67510330, file ""/home/adityamoger/anaconda3/envs/cocktail_3_dynamic_model/lib/python3.12/site-packages/pandas/core/generic.py"", line 6681>, callcount=3630, reccallcount=0, totaltime=0.08109782800000001, inlinetime=0.006470490000000001), _lsprof.profiler_subentry(code=""<method 'items' of 'dict' objects>"", callcount=3630, reccallcount=0, totaltime=0.0007208500000000001, inlinetime=0.0007208500000000001)]"
153,"<code object __init__ at 0x5589645e80e0, file ""/home/adityamoger/anaconda3/envs/cocktail_3_dynamic_model/lib/python3.12/site-packages/pandas/io/parsers/readers.py"", line 1575>",3630,0,0.62490897,0.016645844,"[_lsprof.profiler_subentry(code=<code object _validate_skipfooter at 0x7eae66bbdfb0, file ""/home/adityamoger/anaconda3/envs/cocktail_3_dynamic_model/lib/python3.12/site-packages/pandas/io/parsers/readers.py"", line 2365>, callcount=3630, reccallcount=0, totaltime=0.0014878600000000001, inlinetime=0.001090362), _lsprof.profiler_subentry(code=<code object _extract_dialect at 0x7eae66a1c9d0, file ""/home/adityamoger/anaconda3/envs/cocktail_3_dynamic_model/lib/python3.12/site-packages/pandas/io/parsers/readers.py"", line 2267>, callcount=3630, reccallcount=0, totaltime=0.00105313, inlinetime=0.0007700420000000001), _lsprof.profiler_subentry(code=<code object _get_options_with_defaults at 0x5589649ff790, file ""/home/adityamoger/anaconda3/envs/cocktail_3_dynamic_model/lib/python3.12/site-packages/pandas/io/parsers/readers.py"", line 1627>, callcount=3630, reccallcount=0, totaltime=0.035410907000000005, inlinetime=0.025573575), _lsprof.profiler_subentry(code=""<method 'pop' of 'dict' objects>"", callcount=7260, reccallcount=0, totaltime=0.001283407, inlinetime=0.001283407), _lsprof.profiler_subentry(code=<code object _check_file_or_buffer at 0x7eae66fefab0, file ""/home/adityamoger/anaconda3/envs/cocktail_3_dynamic_model/lib/python3.12/site-packages/pandas/io/parsers/readers.py"", line 1674>, callcount=3630, reccallcount=0, totaltime=0.0041085950000000005, inlinetime=0.0017721350000000002), _lsprof.profiler_subentry(code=<code object _clean_options at 0x558964a29730, file ""/home/adityamoger/anaconda3/envs/cocktail_3_dynamic_model/lib/python3.12/site-packages/pandas/io/parsers/readers.py"", line 1685>, callcount=3630, reccallcount=0, totaltime=0.032049037, inlinetime=0.019395835), _lsprof.profiler_subentry(code=<code object _make_engine at 0x5589649fede0, file ""/home/adityamoger/anaconda3/envs/cocktail_3_dynamic_model/lib/python3.12/site-packages/pandas/io/parsers/readers.py"", line 1848>, callcount=3630, reccallcount=0, totaltime=0.531557802, inlinetime=0.029799057), _lsprof.profiler_subentry(code=""<method 'get' of 'dict' objects>"", callcount=14520, reccallcount=0, totaltime=0.001312388, inlinetime=0.001312388)]"
154,"<code object take at 0x5589645fac70, file ""/home/adityamoger/anaconda3/envs/cocktail_3_dynamic_model/lib/python3.12/site-packages/pandas/core/generic.py"", line 4046>",14637,0,1.069640791,0.049716857,"[_lsprof.profiler_subentry(code='<built-in method numpy.asarray>', callcount=14637, reccallcount=0, totaltime=0.0032323670000000003, inlinetime=0.0032323670000000003), _lsprof.profiler_subentry(code=<code object __call__ at 0x7eae6fa84e30, file ""/home/adityamoger/anaconda3/envs/cocktail_3_dynamic_model/lib/python3.12/site-packages/pandas/compat/numpy/function.py"", line 64>, callcount=14637, reccallcount=0, totaltime=0.0028221020000000004, inlinetime=0.0028221020000000004), _lsprof.profiler_subentry(code=<code object _get_block_manager_axis at 0x7eae67953bd0, file ""/home/adityamoger/anaconda3/envs/cocktail_3_dynamic_model/lib/python3.12/site-packages/pandas/core/generic.py"", line 592>, callcount=14637, reccallcount=0, totaltime=0.010403469, inlinetime=0.007229832), _lsprof.profiler_subentry(code=<code object take at 0x7eae671c5fd0, file ""/home/adityamoger/anaconda3/envs/cocktail_3_dynamic_model/lib/python3.12/site-packages/pandas/core/internals/managers.py"", line 869>, callcount=14637, reccallcount=0, totaltime=0.909829215, inlinetime=0.030689759), _lsprof.profiler_subentry(code=<code object _constructor_from_mgr at 0x7eae677b1610, file ""/home/adityamoger/anaconda3/envs/cocktail_3_dynamic_model/lib/python3.12/site-packages/pandas/core/frame.py"", line 659>, callcount=14637, reccallcount=0, totaltime=0.048044055, inlinetime=0.010613121000000001), _lsprof.profiler_subentry(code='<built-in method builtins.isinstance>', callcount=14637, reccallcount=0, totaltime=0.001580456, inlinetime=0.001580456), _lsprof.profiler_subentry(code=<code object using_copy_on_write at 0x7eae70c23930, file ""/home/adityamoger/anaconda3/envs/cocktail_3_dynamic_model/lib/python3.12/site-packages/pandas/_config/__init__.py"", line 34>, callcount=14637, reccallcount=0, totaltime=0.002217934, inlinetime=0.002217934), _lsprof.profiler_subentry(code=<code object __finalize__ at 0x5589645bde30, file ""/home/adityamoger/anaconda3/envs/cocktail_3_dynamic_model/lib/python3.12/site-packages/pandas/core/generic.py"", line 6255>, callcount=14637, reccallcount=0, totaltime=0.041794336, inlinetime=0.029184968000000002)]"
155,"<code object check_bool_indexer at 0x5589646001b0, file ""/home/adityamoger/anaconda3/envs/cocktail_3_dynamic_model/lib/python3.12/site-packages/pandas/core/indexing.py"", line 2632>",14637,0,0.502510562,0.01981368,"[_lsprof.profiler_subentry(code=<code object is_object_dtype at 0x7eae706f7990, file ""/home/adityamoger/anaconda3/envs/cocktail_3_dynamic_model/lib/python3.12/site-packages/pandas/core/dtypes/common.py"", line 139>, callcount=14637, reccallcount=0, totaltime=0.066324567, inlinetime=0.010252635000000001), _lsprof.profiler_subentry(code=<code object equals at 0x7eae675d66f0, file ""/home/adityamoger/anaconda3/envs/cocktail_3_dynamic_model/lib/python3.12/site-packages/pandas/core/indexes/range.py"", line 553>, callcount=14637, reccallcount=0, totaltime=0.0035211680000000003, inlinetime=0.0026223450000000003), _lsprof.profiler_subentry(code=<code object is_array_like at 0x7eae70792e30, file ""/home/adityamoger/anaconda3/envs/cocktail_3_dynamic_model/lib/python3.12/site-packages/pandas/core/dtypes/inference.py"", line 195>, callcount=14637, reccallcount=0, totaltime=0.026280395, inlinetime=0.015664757), _lsprof.profiler_subentry(code=<code object check_array_indexer at 0x55896449cab0, file ""/home/adityamoger/anaconda3/envs/cocktail_3_dynamic_model/lib/python3.12/site-packages/pandas/core/indexers/utils.py"", line 419>, callcount=14637, reccallcount=0, totaltime=0.37284404200000004, inlinetime=0.04110782), _lsprof.profiler_subentry(code='<built-in method builtins.isinstance>', callcount=14637, reccallcount=0, totaltime=0.013726710000000001, inlinetime=0.003650705)]"
156,"<code object take_nd at 0x558964654150, file ""/home/adityamoger/anaconda3/envs/cocktail_3_dynamic_model/lib/python3.12/site-packages/pandas/core/internals/blocks.py"", line 1353>",29274,0,0.42632951300000005,0.042053875000000004,"[_lsprof.profiler_subentry(code=<code object take_nd at 0x558964495690, file ""/home/adityamoger/anaconda3/envs/cocktail_3_dynamic_model/lib/python3.12/site-packages/pandas/core/array_algos/take.py"", line 59>, callcount=29274, reccallcount=0, totaltime=0.3524604, inlinetime=0.038637138), _lsprof.profiler_subentry(code=<code object make_block_same_class at 0x7eae6759f090, file ""/home/adityamoger/anaconda3/envs/cocktail_3_dynamic_model/lib/python3.12/site-packages/pandas/core/internals/blocks.py"", line 294>, callcount=29274, reccallcount=0, totaltime=0.027817479000000003, inlinetime=0.027817479000000003), _lsprof.profiler_subentry(code='<built-in method builtins.isinstance>', callcount=29274, reccallcount=0, totaltime=0.003997759, inlinetime=0.003997759)]"
157,"<code object __new__ at 0x558964659080, file ""/home/adityamoger/anaconda3/envs/cocktail_3_dynamic_model/lib/python3.12/site-packages/pandas/core/indexes/base.py"", line 475>",10890,0,0.439564962,0.070129036,"[_lsprof.profiler_subentry(code='<built-in method builtins.all>', callcount=3630, reccallcount=0, totaltime=0.0026278820000000002, inlinetime=0.0013137250000000002), _lsprof.profiler_subentry(code=<code object maybe_extract_name at 0x7eae67507cb0, file ""/home/adityamoger/anaconda3/envs/cocktail_3_dynamic_model/lib/python3.12/site-packages/pandas/core/indexes/base.py"", line 7716>, callcount=10890, reccallcount=0, totaltime=0.014767137000000001, inlinetime=0.004298691), _lsprof.profiler_subentry(code=<code object is_ea_or_datetimelike_dtype at 0x7eae6fc59a10, file ""/home/adityamoger/anaconda3/envs/cocktail_3_dynamic_model/lib/python3.12/site-packages/pandas/core/dtypes/common.py"", line 1341>, callcount=21780, reccallcount=0, totaltime=0.008470798, inlinetime=0.006937655), _lsprof.profiler_subentry(code=<code object sanitize_array at 0x558964499490, file ""/home/adityamoger/anaconda3/envs/cocktail_3_dynamic_model/lib/python3.12/site-packages/pandas/core/construction.py"", line 517>, callcount=10890, reccallcount=0, totaltime=0.26979232200000003, inlinetime=0.051627092000000006), _lsprof.profiler_subentry(code=<code object ensure_wrapped_if_datetimelike at 0x55896449ea40, file ""/home/adityamoger/anaconda3/envs/cocktail_3_dynamic_model/lib/python3.12/site-packages/pandas/core/construction.py"", line 481>, callcount=10890, reccallcount=0, totaltime=0.0048998670000000005, inlinetime=0.004156812), _lsprof.profiler_subentry(code=<code object _dtype_to_subclass at 0x7eae674f0dc0, file ""/home/adityamoger/anaconda3/envs/cocktail_3_dynamic_model/lib/python3.12/site-packages/pandas/core/indexes/base.py"", line 610>, callcount=10890, reccallcount=0, totaltime=0.005262074, inlinetime=0.003969426), _lsprof.profiler_subentry(code=<code object _ensure_array at 0x7eae67505790, file ""/home/adityamoger/anaconda3/envs/cocktail_3_dynamic_model/lib/python3.12/site-packages/pandas/core/indexes/base.py"", line 592>, callcount=10890, reccallcount=0, totaltime=0.005400491, inlinetime=0.005400491), _lsprof.profiler_subentry(code=<code object _simple_new at 0x7eae674f11a0, file ""/home/adityamoger/anaconda3/envs/cocktail_3_dynamic_model/lib/python3.12/site-packages/pandas/core/indexes/base.py"", line 650>, callcount=10890, reccallcount=0, totaltime=0.029359896000000003, inlinetime=0.022962224), _lsprof.profiler_subentry(code=<code object <genexpr> at 0x7eae67554330, file ""/home/adityamoger/anaconda3/envs/cocktail_3_dynamic_model/lib/python3.12/site-packages/pandas/core/indexes/base.py"", line 541>, callcount=3630, reccallcount=0, totaltime=0.0008493880000000001, inlinetime=0.0008493880000000001), _lsprof.profiler_subentry(code='<built-in method builtins.hasattr>', callcount=10890, reccallcount=0, totaltime=0.0012352230000000001, inlinetime=0.0012352230000000001), _lsprof.profiler_subentry(code='<built-in method builtins.getattr>', callcount=10890, reccallcount=0, totaltime=0.0008311350000000001, inlinetime=0.0008311350000000001), _lsprof.profiler_subentry(code='<built-in method builtins.isinstance>', callcount=65340, reccallcount=0, totaltime=0.023993308, inlinetime=0.011883983), _lsprof.profiler_subentry(code='<built-in method builtins.len>', callcount=21780, reccallcount=0, totaltime=0.0019464050000000002, inlinetime=0.0019464050000000002)]"
158,"<code object _engine at 0x55896465a6b0, file ""/home/adityamoger/anaconda3/envs/cocktail_3_dynamic_model/lib/python3.12/site-packages/pandas/core/indexes/base.py"", line 843>",3630,0,0.053769007,0.018032398,"[_lsprof.profiler_subentry(code=<code object cast at 0x7eaea74c05e0, file ""/home/adityamoger/anaconda3/envs/cocktail_3_dynamic_model/lib/python3.12/typing.py"", line 2132>, callcount=3630, reccallcount=0, totaltime=0.000266522, inlinetime=0.000266522), _lsprof.profiler_subentry(code=<code object dtype at 0x7eae67564210, file ""/home/adityamoger/anaconda3/envs/cocktail_3_dynamic_model/lib/python3.12/site-packages/pandas/core/indexes/base.py"", line 981>, callcount=3630, reccallcount=0, totaltime=0.0005086250000000001, inlinetime=0.0005086250000000001), _lsprof.profiler_subentry(code=<code object is_object_dtype at 0x7eae706f7990, file ""/home/adityamoger/anaconda3/envs/cocktail_3_dynamic_model/lib/python3.12/site-packages/pandas/core/dtypes/common.py"", line 139>, callcount=3630, reccallcount=0, totaltime=0.007163358000000001, inlinetime=0.002923216), _lsprof.profiler_subentry(code=<code object _values at 0x7eae67570810, file ""/home/adityamoger/anaconda3/envs/cocktail_3_dynamic_model/lib/python3.12/site-packages/pandas/core/indexes/base.py"", line 5154>, callcount=3630, reccallcount=0, totaltime=0.00023980800000000002, inlinetime=0.00023980800000000002), _lsprof.profiler_subentry(code=<code object _get_engine_target at 0x558964714e50, file ""/home/adityamoger/anaconda3/envs/cocktail_3_dynamic_model/lib/python3.12/site-packages/pandas/core/indexes/base.py"", line 5180>, callcount=3630, reccallcount=0, totaltime=0.011772179, inlinetime=0.0041768890000000005), _lsprof.profiler_subentry(code=<code object needs_i8_conversion at 0x7eae6fcb8530, file ""/home/adityamoger/anaconda3/envs/cocktail_3_dynamic_model/lib/python3.12/site-packages/pandas/core/dtypes/common.py"", line 1042>, callcount=3630, reccallcount=0, totaltime=0.002204035, inlinetime=0.00154696), _lsprof.profiler_subentry(code=<code object is_string_dtype at 0x7eae6fcb82b0, file ""/home/adityamoger/anaconda3/envs/cocktail_3_dynamic_model/lib/python3.12/site-packages/pandas/core/dtypes/common.py"", line 538>, callcount=3630, reccallcount=0, totaltime=0.007869191000000001, inlinetime=0.0024336360000000003), _lsprof.profiler_subentry(code=<code object _engine_type at 0x7eae674f5a50, file ""/home/adityamoger/anaconda3/envs/cocktail_3_dynamic_model/lib/python3.12/site-packages/pandas/core/indexes/base.py"", line 456>, callcount=3630, reccallcount=0, totaltime=0.003723548, inlinetime=0.0025026410000000003), _lsprof.profiler_subentry(code='<built-in method builtins.isinstance>', callcount=7260, reccallcount=0, totaltime=0.001989343, inlinetime=0.001126833)]"
159,"<code object __getitem__ at 0x55896466c320, file ""/home/adityamoger/anaconda3/envs/cocktail_3_dynamic_model/lib/python3.12/site-packages/pandas/core/frame.py"", line 4067>",7534355,0,28.599872382,9.434823622000001,"[_lsprof.profiler_subentry(code=<code object is_unique at 0x7eae67564e40, file ""/home/adityamoger/anaconda3/envs/cocktail_3_dynamic_model/lib/python3.12/site-packages/pandas/core/indexes/base.py"", line 2320>, callcount=3630, reccallcount=0, totaltime=0.06750539400000001, inlinetime=0.013736387000000001), _lsprof.profiler_subentry(code=<code object is_bool_indexer at 0x558964497320, file ""/home/adityamoger/anaconda3/envs/cocktail_3_dynamic_model/lib/python3.12/site-packages/pandas/core/common.py"", line 97>, callcount=14637, reccallcount=0, totaltime=0.111807023, inlinetime=0.021664658), _lsprof.profiler_subentry(code=<code object _getitem_bool_array at 0x55896466cb80, file ""/home/adityamoger/anaconda3/envs/cocktail_3_dynamic_model/lib/python3.12/site-packages/pandas/core/frame.py"", line 4135>, callcount=14637, reccallcount=0, totaltime=1.789568575, inlinetime=0.035427665000000004), _lsprof.profiler_subentry(code=<code object check_dict_or_set_indexers at 0x7eae6798b130, file ""/home/adityamoger/anaconda3/envs/cocktail_3_dynamic_model/lib/python3.12/site-packages/pandas/core/indexing.py"", line 2765>, callcount=7534355, reccallcount=0, totaltime=4.220540864, inlinetime=2.472438438), _lsprof.profiler_subentry(code='<built-in method builtins.isinstance>', callcount=7548992, reccallcount=0, totaltime=0.6409576810000001, inlinetime=0.6409576810000001), _lsprof.profiler_subentry(code=<code object apply_if_callable at 0x7eae6fc81b60, file ""/home/adityamoger/anaconda3/envs/cocktail_3_dynamic_model/lib/python3.12/site-packages/pandas/core/common.py"", line 372>, callcount=7534355, reccallcount=0, totaltime=1.3663204720000002, inlinetime=0.9213132500000001), _lsprof.profiler_subentry(code=<code object is_hashable at 0x7eae70793130, file ""/home/adityamoger/anaconda3/envs/cocktail_3_dynamic_model/lib/python3.12/site-packages/pandas/core/dtypes/inference.py"", line 334>, callcount=7534355, reccallcount=0, totaltime=1.710880589, inlinetime=1.078008442), _lsprof.profiler_subentry(code=<code object __contains__ at 0x7eae674f6760, file ""/home/adityamoger/anaconda3/envs/cocktail_3_dynamic_model/lib/python3.12/site-packages/pandas/core/indexes/base.py"", line 5335>, callcount=7519718, reccallcount=0, totaltime=2.598792585, inlinetime=2.038412209), _lsprof.profiler_subentry(code=<code object _get_item_cache at 0x558964671040, file ""/home/adityamoger/anaconda3/envs/cocktail_3_dynamic_model/lib/python3.12/site-packages/pandas/core/frame.py"", line 4631>, callcount=7519718, reccallcount=0, totaltime=6.658675577, inlinetime=3.7512291710000003)]"
160,"<code object _getitem_bool_array at 0x55896466cb80, file ""/home/adityamoger/anaconda3/envs/cocktail_3_dynamic_model/lib/python3.12/site-packages/pandas/core/frame.py"", line 4135>",14637,0,1.789568575,0.035427665000000004,"[_lsprof.profiler_subentry(code=<code object equals at 0x7eae675d66f0, file ""/home/adityamoger/anaconda3/envs/cocktail_3_dynamic_model/lib/python3.12/site-packages/pandas/core/indexes/range.py"", line 553>, callcount=14637, reccallcount=0, totaltime=0.004344378, inlinetime=0.0034553860000000004), _lsprof.profiler_subentry(code=<code object check_bool_indexer at 0x5589646001b0, file ""/home/adityamoger/anaconda3/envs/cocktail_3_dynamic_model/lib/python3.12/site-packages/pandas/core/indexing.py"", line 2632>, callcount=14637, reccallcount=0, totaltime=0.502510562, inlinetime=0.01981368), _lsprof.profiler_subentry(code=""<method 'all' of 'numpy.ndarray' objects>"", callcount=14637, reccallcount=0, totaltime=0.037911822000000005, inlinetime=0.008277892), _lsprof.profiler_subentry(code=""<method 'nonzero' of 'numpy.ndarray' objects>"", callcount=14637, reccallcount=0, totaltime=0.01203271, inlinetime=0.01203271), _lsprof.profiler_subentry(code=<code object _take_with_is_copy at 0x7eae677b2740, file ""/home/adityamoger/anaconda3/envs/cocktail_3_dynamic_model/lib/python3.12/site-packages/pandas/core/generic.py"", line 4161>, callcount=14637, reccallcount=0, totaltime=1.1672469520000002, inlinetime=0.025589808000000002), _lsprof.profiler_subentry(code='<built-in method builtins.isinstance>', callcount=14637, reccallcount=0, totaltime=0.00087582, inlinetime=0.00087582), _lsprof.profiler_subentry(code='<built-in method builtins.len>', callcount=29274, reccallcount=0, totaltime=0.029218666, inlinetime=0.007223340000000001)]"
161,"<code object _ixs at 0x5589646703a0, file ""/home/adityamoger/anaconda3/envs/cocktail_3_dynamic_model/lib/python3.12/site-packages/pandas/core/frame.py"", line 3988>",18364,0,0.38547296000000003,0.029314788,"[_lsprof.profiler_subentry(code=<code object __getitem__ at 0x5589647157d0, file ""/home/adityamoger/anaconda3/envs/cocktail_3_dynamic_model/lib/python3.12/site-packages/pandas/core/indexes/base.py"", line 5385>, callcount=18364, reccallcount=0, totaltime=0.023293348000000002, inlinetime=0.018229046000000002), _lsprof.profiler_subentry(code=<code object iget at 0x7eae67090030, file ""/home/adityamoger/anaconda3/envs/cocktail_3_dynamic_model/lib/python3.12/site-packages/pandas/core/internals/managers.py"", line 1012>, callcount=18364, reccallcount=0, totaltime=0.12273400400000001, inlinetime=0.07323360500000001), _lsprof.profiler_subentry(code=<code object _box_col_values at 0x7eae6773de60, file ""/home/adityamoger/anaconda3/envs/cocktail_3_dynamic_model/lib/python3.12/site-packages/pandas/core/frame.py"", line 4613>, callcount=18364, reccallcount=0, totaltime=0.17928217400000002, inlinetime=0.023414477000000003), _lsprof.profiler_subentry(code=<code object _set_as_cached at 0x7eae67121fb0, file ""/home/adityamoger/anaconda3/envs/cocktail_3_dynamic_model/lib/python3.12/site-packages/pandas/core/series.py"", line 1480>, callcount=18364, reccallcount=0, totaltime=0.030848646, inlinetime=0.014257351000000001)]"
162,"<code object _get_item_cache at 0x558964671040, file ""/home/adityamoger/anaconda3/envs/cocktail_3_dynamic_model/lib/python3.12/site-packages/pandas/core/frame.py"", line 4631>",7519718,0,6.658675577,3.7512291710000003,"[_lsprof.profiler_subentry(code=<code object using_copy_on_write at 0x7eae70c23930, file ""/home/adityamoger/anaconda3/envs/cocktail_3_dynamic_model/lib/python3.12/site-packages/pandas/_config/__init__.py"", line 34>, callcount=7519718, reccallcount=0, totaltime=0.806186719, inlinetime=0.806186719), _lsprof.profiler_subentry(code=<code object warn_copy_on_write at 0x7eae70c23a30, file ""/home/adityamoger/anaconda3/envs/cocktail_3_dynamic_model/lib/python3.12/site-packages/pandas/_config/__init__.py"", line 42>, callcount=7519718, reccallcount=0, totaltime=0.778618759, inlinetime=0.778618759), _lsprof.profiler_subentry(code=""<method 'get' of 'dict' objects>"", callcount=7519718, reccallcount=0, totaltime=0.9144302710000001, inlinetime=0.9144302710000001), _lsprof.profiler_subentry(code=<code object get_loc at 0x55896470b3f0, file ""/home/adityamoger/anaconda3/envs/cocktail_3_dynamic_model/lib/python3.12/site-packages/pandas/core/indexes/base.py"", line 3784>, callcount=18364, reccallcount=0, totaltime=0.015543602, inlinetime=0.013618626), _lsprof.profiler_subentry(code=<code object _ixs at 0x5589646703a0, file ""/home/adityamoger/anaconda3/envs/cocktail_3_dynamic_model/lib/python3.12/site-packages/pandas/core/frame.py"", line 3988>, callcount=18364, reccallcount=0, totaltime=0.38547296000000003, inlinetime=0.029314788), _lsprof.profiler_subentry(code=<code object __setattr__ at 0x5589645cc5a0, file ""/home/adityamoger/anaconda3/envs/cocktail_3_dynamic_model/lib/python3.12/site-packages/pandas/core/generic.py"", line 6320>, callcount=18364, reccallcount=0, totaltime=0.007194095, inlinetime=0.007194095)]"
163,"<code object _get_value at 0x5589646b2440, file ""/home/adityamoger/anaconda3/envs/cocktail_3_dynamic_model/lib/python3.12/site-packages/pandas/core/series.py"", line 1229>",7472177,0,9.469703148,3.6343928350000003,"[_lsprof.profiler_subentry(code=<code object get_loc at 0x558964748930, file ""/home/adityamoger/anaconda3/envs/cocktail_3_dynamic_model/lib/python3.12/site-packages/pandas/core/indexes/range.py"", line 408>, callcount=7472177, reccallcount=0, totaltime=3.482667155, inlinetime=2.4193259470000004), _lsprof.profiler_subentry(code=<code object _values at 0x7eae6712aa30, file ""/home/adityamoger/anaconda3/envs/cocktail_3_dynamic_model/lib/python3.12/site-packages/pandas/core/series.py"", line 831>, callcount=7472177, reccallcount=0, totaltime=2.3526431580000002, inlinetime=1.445092845)]"
164,"<code object take at 0x5589646e96b0, file ""/home/adityamoger/anaconda3/envs/cocktail_3_dynamic_model/lib/python3.12/site-packages/pandas/core/indexes/range.py"", line 1148>",14637,0,0.196958127,0.065273547,"[_lsprof.profiler_subentry(code=<code object _simple_new at 0x7eae674f11a0, file ""/home/adityamoger/anaconda3/envs/cocktail_3_dynamic_model/lib/python3.12/site-packages/pandas/core/indexes/base.py"", line 650>, callcount=14637, reccallcount=0, totaltime=0.03783367, inlinetime=0.027951056000000002), _lsprof.profiler_subentry(code=""<method 'max' of 'numpy.ndarray' objects>"", callcount=14637, reccallcount=0, totaltime=0.033822580000000005, inlinetime=0.007570386), _lsprof.profiler_subentry(code=""<method 'min' of 'numpy.ndarray' objects>"", callcount=14637, reccallcount=0, totaltime=0.025203474, inlinetime=0.00652534), _lsprof.profiler_subentry(code=""<method 'astype' of 'numpy.ndarray' objects>"", callcount=14637, reccallcount=0, totaltime=0.008812442, inlinetime=0.008812442), _lsprof.profiler_subentry(code=<code object dtype at 0x7eae675dde40, file ""/home/adityamoger/anaconda3/envs/cocktail_3_dynamic_model/lib/python3.12/site-packages/pandas/core/indexes/range.py"", line 376>, callcount=14637, reccallcount=0, totaltime=0.0013395360000000001, inlinetime=0.0013395360000000001), _lsprof.profiler_subentry(code=<code object _maybe_disallow_fill at 0x7eae67510f30, file ""/home/adityamoger/anaconda3/envs/cocktail_3_dynamic_model/lib/python3.12/site-packages/pandas/core/indexes/base.py"", line 1183>, callcount=14637, reccallcount=0, totaltime=0.002805947, inlinetime=0.002805947), _lsprof.profiler_subentry(code=<code object step at 0x7eae67567e10, file ""/home/adityamoger/anaconda3/envs/cocktail_3_dynamic_model/lib/python3.12/site-packages/pandas/core/indexes/range.py"", line 315>, callcount=14637, reccallcount=0, totaltime=0.002124743, inlinetime=0.002124743), _lsprof.profiler_subentry(code=<code object start at 0x7eae67567c30, file ""/home/adityamoger/anaconda3/envs/cocktail_3_dynamic_model/lib/python3.12/site-packages/pandas/core/indexes/range.py"", line 280>, callcount=14637, reccallcount=0, totaltime=0.0014140700000000001, inlinetime=0.0014140700000000001), _lsprof.profiler_subentry(code=<code object _constructor at 0x7eae675ddca0, file ""/home/adityamoger/anaconda3/envs/cocktail_3_dynamic_model/lib/python3.12/site-packages/pandas/core/indexes/range.py"", line 231>, callcount=1815, reccallcount=0, totaltime=0.000164623, inlinetime=0.000164623), _lsprof.profiler_subentry(code=<code object name at 0x7eae67803c90, file ""/home/adityamoger/anaconda3/envs/cocktail_3_dynamic_model/lib/python3.12/site-packages/pandas/core/indexes/base.py"", line 1678>, callcount=14637, reccallcount=0, totaltime=0.002381579, inlinetime=0.002381579), _lsprof.profiler_subentry(code='<built-in method builtins.len>', callcount=43911, reccallcount=0, totaltime=0.015781916, inlinetime=0.008714147)]"
165,"<code object get_loc at 0x55896470b3f0, file ""/home/adityamoger/anaconda3/envs/cocktail_3_dynamic_model/lib/python3.12/site-packages/pandas/core/indexes/base.py"", line 3784>",18364,0,0.015543602,0.013618626,"[_lsprof.profiler_subentry(code=<code object _maybe_cast_indexer at 0x7eae6755a730, file ""/home/adityamoger/anaconda3/envs/cocktail_3_dynamic_model/lib/python3.12/site-packages/pandas/core/indexes/base.py"", line 6688>, callcount=18364, reccallcount=0, totaltime=0.0019249760000000001, inlinetime=0.0019249760000000001)]"
166,"<code object _get_engine_target at 0x558964714e50, file ""/home/adityamoger/anaconda3/envs/cocktail_3_dynamic_model/lib/python3.12/site-packages/pandas/core/indexes/base.py"", line 5180>",3630,0,0.011772179,0.0041768890000000005,"[_lsprof.profiler_subentry(code=<code object _values at 0x7eae67570810, file ""/home/adityamoger/anaconda3/envs/cocktail_3_dynamic_model/lib/python3.12/site-packages/pandas/core/indexes/base.py"", line 5154>, callcount=7260, reccallcount=0, totaltime=0.0006667200000000001, inlinetime=0.0006667200000000001), _lsprof.profiler_subentry(code='<built-in method builtins.isinstance>', callcount=10890, reccallcount=0, totaltime=0.00692857, inlinetime=0.0029459160000000002)]"
167,"<code object __getitem__ at 0x5589647157d0, file ""/home/adityamoger/anaconda3/envs/cocktail_3_dynamic_model/lib/python3.12/site-packages/pandas/core/indexes/base.py"", line 5385>",36728,0,0.037479367,0.029218147000000003,"[_lsprof.profiler_subentry(code=<code object cast_scalar_indexer at 0x7eae6fcf0160, file ""/home/adityamoger/anaconda3/envs/cocktail_3_dynamic_model/lib/python3.12/site-packages/pandas/core/common.py"", line 152>, callcount=36728, reccallcount=0, totaltime=0.00826122, inlinetime=0.00826122)]"
168,"<code object equals at 0x558964716e50, file ""/home/adityamoger/anaconda3/envs/cocktail_3_dynamic_model/lib/python3.12/site-packages/pandas/core/indexes/base.py"", line 5564>",18267,0,0.09370344200000001,0.025127397000000003,"[_lsprof.profiler_subentry(code=<code object is_ at 0x7eae67521290, file ""/home/adityamoger/anaconda3/envs/cocktail_3_dynamic_model/lib/python3.12/site-packages/pandas/core/indexes/base.py"", line 792>, callcount=18267, reccallcount=0, totaltime=0.011614132000000001, inlinetime=0.008601475), _lsprof.profiler_subentry(code=<code object dtype at 0x7eae67564210, file ""/home/adityamoger/anaconda3/envs/cocktail_3_dynamic_model/lib/python3.12/site-packages/pandas/core/indexes/base.py"", line 981>, callcount=7260, reccallcount=0, totaltime=0.001088371, inlinetime=0.001088371), _lsprof.profiler_subentry(code=<code object is_object_dtype at 0x7eae706f7990, file ""/home/adityamoger/anaconda3/envs/cocktail_3_dynamic_model/lib/python3.12/site-packages/pandas/core/dtypes/common.py"", line 139>, callcount=7260, reccallcount=0, totaltime=0.013371762, inlinetime=0.004969356), _lsprof.profiler_subentry(code=<code object _values at 0x7eae67570810, file ""/home/adityamoger/anaconda3/envs/cocktail_3_dynamic_model/lib/python3.12/site-packages/pandas/core/indexes/base.py"", line 5154>, callcount=10890, reccallcount=0, totaltime=0.000896582, inlinetime=0.000896582), _lsprof.profiler_subentry(code=<code object array_equivalent at 0x5589644781e0, file ""/home/adityamoger/anaconda3/envs/cocktail_3_dynamic_model/lib/python3.12/site-packages/pandas/core/dtypes/missing.py"", line 466>, callcount=3630, reccallcount=0, totaltime=0.018076568, inlinetime=0.006153623), _lsprof.profiler_subentry(code='<built-in method builtins.isinstance>', callcount=32787, reccallcount=0, totaltime=0.00600279, inlinetime=0.0038465870000000003), _lsprof.profiler_subentry(code='<built-in method builtins.len>', callcount=36534, reccallcount=0, totaltime=0.01752584, inlinetime=0.008636708)]"
169,"<code object ensure_index at 0x558964727360, file ""/home/adityamoger/anaconda3/envs/cocktail_3_dynamic_model/lib/python3.12/site-packages/pandas/core/indexes/base.py"", line 7621>",124122,0,0.520928401,0.054987685,"[_lsprof.profiler_subentry(code=<code object _instancecheck at 0x7eae70792830, file ""/home/adityamoger/anaconda3/envs/cocktail_3_dynamic_model/lib/python3.12/site-packages/pandas/core/dtypes/generic.py"", line 42>, callcount=14520, reccallcount=0, totaltime=0.006745608, inlinetime=0.002926502), _lsprof.profiler_subentry(code=<code object __new__ at 0x558964659080, file ""/home/adityamoger/anaconda3/envs/cocktail_3_dynamic_model/lib/python3.12/site-packages/pandas/core/indexes/base.py"", line 475>, callcount=10890, reccallcount=0, totaltime=0.439564962, inlinetime=0.070129036), _lsprof.profiler_subentry(code='<built-in method builtins.isinstance>', callcount=145902, reccallcount=0, totaltime=0.018781411, inlinetime=0.013396670000000001), _lsprof.profiler_subentry(code='<built-in method builtins.len>', callcount=7260, reccallcount=0, totaltime=0.0008487350000000001, inlinetime=0.0008487350000000001)]"
170,"<code object apply at 0x558964729de0, file ""/home/adityamoger/anaconda3/envs/cocktail_3_dynamic_model/lib/python3.12/site-packages/pandas/core/internals/managers.py"", line 317>",3630,0,0.029787947000000002,0.01010596,"[_lsprof.profiler_subentry(code=<code object copy at 0x7eae671c5450, file ""/home/adityamoger/anaconda3/envs/cocktail_3_dynamic_model/lib/python3.12/site-packages/pandas/core/internals/blocks.py"", line 816>, callcount=3630, reccallcount=0, totaltime=0.00871248, inlinetime=0.00871248), _lsprof.profiler_subentry(code=<code object extend_blocks at 0x7eae67545b60, file ""/home/adityamoger/anaconda3/envs/cocktail_3_dynamic_model/lib/python3.12/site-packages/pandas/core/internals/blocks.py"", line 2868>, callcount=3630, reccallcount=0, totaltime=0.004099641, inlinetime=0.0024079030000000003), _lsprof.profiler_subentry(code=<code object from_blocks at 0x7eae6725d330, file ""/home/adityamoger/anaconda3/envs/cocktail_3_dynamic_model/lib/python3.12/site-packages/pandas/core/internals/managers.py"", line 1850>, callcount=3630, reccallcount=0, totaltime=0.005491332000000001, inlinetime=0.004124972), _lsprof.profiler_subentry(code='<built-in method builtins.getattr>', callcount=3630, reccallcount=0, totaltime=0.0008688620000000001, inlinetime=0.0008688620000000001), _lsprof.profiler_subentry(code='<built-in method builtins.callable>', callcount=3630, reccallcount=0, totaltime=0.0005096720000000001, inlinetime=0.0005096720000000001)]"
171,"<code object __new__ at 0x558964742b00, file ""/home/adityamoger/anaconda3/envs/cocktail_3_dynamic_model/lib/python3.12/site-packages/pandas/core/indexes/range.py"", line 137>",3630,0,0.038895003000000004,0.013114339000000001,"[_lsprof.profiler_subentry(code=<code object _validate_dtype at 0x7eae6759d470, file ""/home/adityamoger/anaconda3/envs/cocktail_3_dynamic_model/lib/python3.12/site-packages/pandas/core/indexes/range.py"", line 216>, callcount=3630, reccallcount=0, totaltime=0.0005325050000000001, inlinetime=0.0005325050000000001), _lsprof.profiler_subentry(code=<code object maybe_extract_name at 0x7eae67507cb0, file ""/home/adityamoger/anaconda3/envs/cocktail_3_dynamic_model/lib/python3.12/site-packages/pandas/core/indexes/base.py"", line 7716>, callcount=3630, reccallcount=0, totaltime=0.008461371, inlinetime=0.002323641), _lsprof.profiler_subentry(code=<code object all_none at 0x7eae6fc813e0, file ""/home/adityamoger/anaconda3/envs/cocktail_3_dynamic_model/lib/python3.12/site-packages/pandas/core/common.py"", line 188>, callcount=3630, reccallcount=0, totaltime=0.005497343, inlinetime=0.003301852), _lsprof.profiler_subentry(code=<code object ensure_python_int at 0x558964457a40, file ""/home/adityamoger/anaconda3/envs/cocktail_3_dynamic_model/lib/python3.12/site-packages/pandas/core/dtypes/common.py"", line 93>, callcount=7260, reccallcount=0, totaltime=0.002984365, inlinetime=0.002984365), _lsprof.profiler_subentry(code=<code object _simple_new at 0x7eae671c4310, file ""/home/adityamoger/anaconda3/envs/cocktail_3_dynamic_model/lib/python3.12/site-packages/pandas/core/indexes/range.py"", line 201>, callcount=3630, reccallcount=0, totaltime=0.007783918000000001, inlinetime=0.00416727), _lsprof.profiler_subentry(code='<built-in method builtins.isinstance>', callcount=7260, reccallcount=0, totaltime=0.000521162, inlinetime=0.000521162)]"
172,"<code object get_loc at 0x558964748930, file ""/home/adityamoger/anaconda3/envs/cocktail_3_dynamic_model/lib/python3.12/site-packages/pandas/core/indexes/range.py"", line 408>",7472177,0,3.482667155,2.4193259470000004,"[_lsprof.profiler_subentry(code=""<method 'index' of 'range' objects>"", callcount=7472177, reccallcount=0, totaltime=1.063341208, inlinetime=1.063341208)]"
173,"<code object reindex_indexer at 0x558964762f30, file ""/home/adityamoger/anaconda3/envs/cocktail_3_dynamic_model/lib/python3.12/site-packages/pandas/core/internals/managers.py"", line 623>",14637,0,0.530929297,0.060068298000000006,"[_lsprof.profiler_subentry(code=<code object fill_value at 0x7eae671d9e30, file ""/home/adityamoger/anaconda3/envs/cocktail_3_dynamic_model/lib/python3.12/site-packages/pandas/core/internals/blocks.py"", line 255>, callcount=3630, reccallcount=0, totaltime=0.004353695, inlinetime=0.001980649), _lsprof.profiler_subentry(code=<code object take_nd at 0x558964654150, file ""/home/adityamoger/anaconda3/envs/cocktail_3_dynamic_model/lib/python3.12/site-packages/pandas/core/internals/blocks.py"", line 1353>, callcount=29274, reccallcount=0, totaltime=0.42632951300000005, inlinetime=0.042053875000000004), _lsprof.profiler_subentry(code=<code object from_blocks at 0x7eae671feb10, file ""/home/adityamoger/anaconda3/envs/cocktail_3_dynamic_model/lib/python3.12/site-packages/pandas/core/internals/managers.py"", line 948>, callcount=14637, reccallcount=0, totaltime=0.019892378000000002, inlinetime=0.017949989), _lsprof.profiler_subentry(code='<built-in method builtins.isinstance>', callcount=14637, reccallcount=0, totaltime=0.001201241, inlinetime=0.001201241), _lsprof.profiler_subentry(code=<code object using_copy_on_write at 0x7eae70c23930, file ""/home/adityamoger/anaconda3/envs/cocktail_3_dynamic_model/lib/python3.12/site-packages/pandas/_config/__init__.py"", line 34>, callcount=14637, reccallcount=0, totaltime=0.002324647, inlinetime=0.002324647), _lsprof.profiler_subentry(code=<code object blknos at 0x7eae67268930, file ""/home/adityamoger/anaconda3/envs/cocktail_3_dynamic_model/lib/python3.12/site-packages/pandas/core/internals/managers.py"", line 180>, callcount=14637, reccallcount=0, totaltime=0.0027214770000000004, inlinetime=0.0027214770000000004), _lsprof.profiler_subentry(code=<code object blklocs at 0x7eae67268b70, file ""/home/adityamoger/anaconda3/envs/cocktail_3_dynamic_model/lib/python3.12/site-packages/pandas/core/internals/managers.py"", line 196>, callcount=14637, reccallcount=0, totaltime=0.002576183, inlinetime=0.002576183), _lsprof.profiler_subentry(code=""<method 'copy' of 'numpy.ndarray' objects>"", callcount=29274, reccallcount=0, totaltime=0.011461865, inlinetime=0.011461865)]"
174,"<code object arrays_to_mgr at 0x558964796990, file ""/home/adityamoger/anaconda3/envs/cocktail_3_dynamic_model/lib/python3.12/site-packages/pandas/core/internals/construction.py"", line 96>",3630,0,0.247447416,0.007147972000000001,"[_lsprof.profiler_subentry(code=<code object ensure_index at 0x558964727360, file ""/home/adityamoger/anaconda3/envs/cocktail_3_dynamic_model/lib/python3.12/site-packages/pandas/core/indexes/base.py"", line 7621>, callcount=7260, reccallcount=0, totaltime=0.001989171, inlinetime=0.0014108240000000002), _lsprof.profiler_subentry(code=<code object _homogenize at 0x5589647bdb00, file ""/home/adityamoger/anaconda3/envs/cocktail_3_dynamic_model/lib/python3.12/site-packages/pandas/core/internals/construction.py"", line 596>, callcount=3630, reccallcount=0, totaltime=0.09901385900000001, inlinetime=0.013878553), _lsprof.profiler_subentry(code=<code object create_block_manager_from_column_arrays at 0x7eae675cfc50, file ""/home/adityamoger/anaconda3/envs/cocktail_3_dynamic_model/lib/python3.12/site-packages/pandas/core/internals/managers.py"", line 2121>, callcount=3630, reccallcount=0, totaltime=0.13709221500000002, inlinetime=0.009643424000000001), _lsprof.profiler_subentry(code='<built-in method builtins.len>', callcount=7260, reccallcount=0, totaltime=0.002204199, inlinetime=0.0013428230000000002)]"
175,"<code object write at 0x5589647a9c50, file ""/home/adityamoger/anaconda3/envs/cocktail_3_dynamic_model/lib/python3.12/zipfile/__init__.py"", line 1192>",200,0,0.005211960000000001,0.000508835,"[_lsprof.profiler_subentry(code='<built-in method zlib.crc32>', callcount=200, reccallcount=0, totaltime=0.000329568, inlinetime=0.000329568), _lsprof.profiler_subentry(code=<code object _fileobj at 0x7eae67134120, file ""/home/adityamoger/anaconda3/envs/cocktail_3_dynamic_model/lib/python3.12/zipfile/__init__.py"", line 1185>, callcount=200, reccallcount=0, totaltime=3.6604000000000004e-05, inlinetime=3.6604000000000004e-05), _lsprof.profiler_subentry(code=""<method 'compress' of 'zlib.Compress' objects>"", callcount=200, reccallcount=0, totaltime=0.00422501, inlinetime=0.00422501), _lsprof.profiler_subentry(code=""<method 'write' of '_io.BufferedRandom' objects>"", callcount=200, reccallcount=0, totaltime=5.3634e-05, inlinetime=5.3634e-05), _lsprof.profiler_subentry(code='<built-in method builtins.isinstance>', callcount=200, reccallcount=0, totaltime=2.2376e-05, inlinetime=2.2376e-05), _lsprof.profiler_subentry(code='<built-in method builtins.len>', callcount=400, reccallcount=0, totaltime=3.5933e-05, inlinetime=3.5933e-05)]"
176,"<code object mgr_to_mgr at 0x5589647ae150, file ""/home/adityamoger/anaconda3/envs/cocktail_3_dynamic_model/lib/python3.12/site-packages/pandas/core/internals/construction.py"", line 196>",3630,0,0.0013407410000000001,0.001060172,"[_lsprof.profiler_subentry(code='<built-in method builtins.isinstance>', callcount=3630, reccallcount=0, totaltime=0.00028056900000000004, inlinetime=0.00028056900000000004)]"
177,"<code object dict_to_mgr at 0x5589647af230, file ""/home/adityamoger/anaconda3/envs/cocktail_3_dynamic_model/lib/python3.12/site-packages/pandas/core/internals/construction.py"", line 423>",3630,0,1.5459355330000002,0.032599015,"[_lsprof.profiler_subentry(code=<code object __init__ at 0x5589648cdf90, file ""/home/adityamoger/anaconda3/envs/cocktail_3_dynamic_model/lib/python3.12/site-packages/pandas/core/series.py"", line 389>, callcount=3630, reccallcount=0, totaltime=0.8448850210000001, inlinetime=0.024666588000000003), _lsprof.profiler_subentry(code=<code object ensure_index at 0x558964727360, file ""/home/adityamoger/anaconda3/envs/cocktail_3_dynamic_model/lib/python3.12/site-packages/pandas/core/indexes/base.py"", line 7621>, callcount=7260, reccallcount=0, totaltime=0.15141041200000002, inlinetime=0.012714709000000001), _lsprof.profiler_subentry(code=<code object arrays_to_mgr at 0x558964796990, file ""/home/adityamoger/anaconda3/envs/cocktail_3_dynamic_model/lib/python3.12/site-packages/pandas/core/internals/construction.py"", line 96>, callcount=3630, reccallcount=0, totaltime=0.247447416, inlinetime=0.007147972000000001), _lsprof.profiler_subentry(code=<code object isna at 0x7eae66f54a80, file ""/home/adityamoger/anaconda3/envs/cocktail_3_dynamic_model/lib/python3.12/site-packages/pandas/core/series.py"", line 5784>, callcount=3630, reccallcount=0, totaltime=0.201918646, inlinetime=0.001534053), _lsprof.profiler_subentry(code=<code object any at 0x7eae670d75d0, file ""/home/adityamoger/anaconda3/envs/cocktail_3_dynamic_model/lib/python3.12/site-packages/pandas/core/series.py"", line 6470>, callcount=3630, reccallcount=0, totaltime=0.042809794000000005, inlinetime=0.008396523000000001), _lsprof.profiler_subentry(code=<code object __iter__ at 0x7eae6fb35e90, file ""/home/adityamoger/anaconda3/envs/cocktail_3_dynamic_model/lib/python3.12/site-packages/pandas/core/base.py"", line 840>, callcount=3630, reccallcount=0, totaltime=0.010320212, inlinetime=0.006091048), _lsprof.profiler_subentry(code=<code object __len__ at 0x7eae67137e10, file ""/home/adityamoger/anaconda3/envs/cocktail_3_dynamic_model/lib/python3.12/site-packages/pandas/core/series.py"", line 914>, callcount=3630, reccallcount=0, totaltime=0.005663425000000001, inlinetime=0.0006908820000000001), _lsprof.profiler_subentry(code='<built-in method builtins.isinstance>', callcount=32670, reccallcount=0, totaltime=0.008881592, inlinetime=0.004307942)]"
178,"<code object _maybe_memory_map at 0x5589647b35a0, file ""/home/adityamoger/anaconda3/envs/cocktail_3_dynamic_model/lib/python3.12/site-packages/pandas/io/common.py"", line 1117>",3631,0,0.00328312,0.002550699,"[_lsprof.profiler_subentry(code='<built-in method builtins.hasattr>', callcount=3631, reccallcount=0, totaltime=0.000507122, inlinetime=0.000507122), _lsprof.profiler_subentry(code='<built-in method builtins.isinstance>', callcount=3631, reccallcount=0, totaltime=0.000225299, inlinetime=0.000225299)]"
179,"<code object validate_header_arg at 0x5589647b8910, file ""/home/adityamoger/anaconda3/envs/cocktail_3_dynamic_model/lib/python3.12/site-packages/pandas/io/common.py"", line 207>",3630,0,0.0034546470000000004,0.0030922130000000003,"[_lsprof.profiler_subentry(code=<code object cast at 0x7eaea74c05e0, file ""/home/adityamoger/anaconda3/envs/cocktail_3_dynamic_model/lib/python3.12/typing.py"", line 2132>, callcount=3630, reccallcount=0, totaltime=0.000362434, inlinetime=0.000362434)]"
180,"<code object close at 0x5589647b8c00, file ""/home/adityamoger/anaconda3/envs/cocktail_3_dynamic_model/lib/python3.12/site-packages/pandas/io/common.py"", line 131>",3631,0,0.019355676000000002,0.003734883,"[_lsprof.profiler_subentry(code=""<method 'close' of '_io.TextIOWrapper' objects>"", callcount=3630, reccallcount=0, totaltime=0.015607538, inlinetime=0.015607538), _lsprof.profiler_subentry(code=""<method 'close' of '_io.BufferedWriter' objects>"", callcount=1, reccallcount=0, totaltime=1.3255000000000001e-05, inlinetime=1.3255000000000001e-05)]"
181,"<code object _homogenize at 0x5589647bdb00, file ""/home/adityamoger/anaconda3/envs/cocktail_3_dynamic_model/lib/python3.12/site-packages/pandas/core/internals/construction.py"", line 596>",3630,0,0.09901385900000001,0.013878553,"[_lsprof.profiler_subentry(code=<code object sanitize_array at 0x558964499490, file ""/home/adityamoger/anaconda3/envs/cocktail_3_dynamic_model/lib/python3.12/site-packages/pandas/core/construction.py"", line 517>, callcount=10890, reccallcount=0, totaltime=0.064116003, inlinetime=0.027784594000000003), _lsprof.profiler_subentry(code=<code object require_length_match at 0x7eae6fcb96b0, file ""/home/adityamoger/anaconda3/envs/cocktail_3_dynamic_model/lib/python3.12/site-packages/pandas/core/common.py"", line 568>, callcount=10890, reccallcount=0, totaltime=0.009552127, inlinetime=0.002771481), _lsprof.profiler_subentry(code='<built-in method builtins.isinstance>', callcount=21780, reccallcount=0, totaltime=0.008118725, inlinetime=0.003823162), _lsprof.profiler_subentry(code=""<method 'append' of 'list' objects>"", callcount=21780, reccallcount=0, totaltime=0.003348451, inlinetime=0.003348451)]"
182,"<code object copy at 0x5589647be180, file ""/home/adityamoger/anaconda3/envs/cocktail_3_dynamic_model/lib/python3.12/site-packages/pandas/core/internals/managers.py"", line 557>",3630,0,0.037970019,0.006752524,"[_lsprof.profiler_subentry(code=<code object apply at 0x558964729de0, file ""/home/adityamoger/anaconda3/envs/cocktail_3_dynamic_model/lib/python3.12/site-packages/pandas/core/internals/managers.py"", line 317>, callcount=3630, reccallcount=0, totaltime=0.029787947000000002, inlinetime=0.01010596), _lsprof.profiler_subentry(code=<code object ndim at 0x7eae6722e590, file ""/home/adityamoger/anaconda3/envs/cocktail_3_dynamic_model/lib/python3.12/site-packages/pandas/core/internals/managers.py"", line 1828>, callcount=3630, reccallcount=0, totaltime=0.000389725, inlinetime=0.000389725), _lsprof.profiler_subentry(code=<code object using_copy_on_write at 0x7eae70c23930, file ""/home/adityamoger/anaconda3/envs/cocktail_3_dynamic_model/lib/python3.12/site-packages/pandas/_config/__init__.py"", line 34>, callcount=3630, reccallcount=0, totaltime=0.001039823, inlinetime=0.001039823)]"
183,"<code object _form_blocks at 0x5589647c63e0, file ""/home/adityamoger/anaconda3/envs/cocktail_3_dynamic_model/lib/python3.12/site-packages/pandas/core/internals/managers.py"", line 2190>",3630,0,0.102559174,0.039106504,"[_lsprof.profiler_subentry(code=<code object get_block_type at 0x7eae675af7b0, file ""/home/adityamoger/anaconda3/envs/cocktail_3_dynamic_model/lib/python3.12/site-packages/pandas/core/internals/blocks.py"", line 2747>, callcount=7260, reccallcount=0, totaltime=0.005005962, inlinetime=0.0034367380000000004), _lsprof.profiler_subentry(code=<code object _grouping_func at 0x7eae672696b0, file ""/home/adityamoger/anaconda3/envs/cocktail_3_dynamic_model/lib/python3.12/site-packages/pandas/core/internals/managers.py"", line 2177>, callcount=10890, reccallcount=0, totaltime=0.006928317000000001, inlinetime=0.00400509), _lsprof.profiler_subentry(code=<code object _stack_arrays at 0x7eae672713b0, file ""/home/adityamoger/anaconda3/envs/cocktail_3_dynamic_model/lib/python3.12/site-packages/pandas/core/internals/managers.py"", line 2246>, callcount=7260, reccallcount=0, totaltime=0.022798814, inlinetime=0.018451557), _lsprof.profiler_subentry(code=<code object require at 0x5589638e42d0, file ""/home/adityamoger/anaconda3/envs/cocktail_3_dynamic_model/lib/python3.12/site-packages/numpy/_core/_asarray.py"", line 26>, callcount=7260, reccallcount=0, totaltime=0.024773115000000002, inlinetime=0.013912259000000001), _lsprof.profiler_subentry(code='<built-in method builtins.isinstance>', callcount=7260, reccallcount=0, totaltime=0.0014404980000000001, inlinetime=0.0014404980000000001), _lsprof.profiler_subentry(code=""<method 'append' of 'list' objects>"", callcount=7260, reccallcount=0, totaltime=0.001201582, inlinetime=0.001201582), _lsprof.profiler_subentry(code='<built-in method builtins.issubclass>', callcount=7260, reccallcount=0, totaltime=0.001304382, inlinetime=0.001304382)]"
184,"<code object _sanitize_filename at 0x5589647cf190, file ""/home/adityamoger/anaconda3/envs/cocktail_3_dynamic_model/lib/python3.12/zipfile/__init__.py"", line 341>",100,0,0.00017844100000000002,0.000111501,"[_lsprof.profiler_subentry(code=""<method 'find' of 'str' objects>"", callcount=100, reccallcount=0, totaltime=4.8110000000000005e-05, inlinetime=4.8110000000000005e-05), _lsprof.profiler_subentry(code='<built-in method builtins.chr>', callcount=100, reccallcount=0, totaltime=1.883e-05, inlinetime=1.883e-05)]"
185,"<code object close at 0x5589647d5c70, file ""/home/adityamoger/anaconda3/envs/cocktail_3_dynamic_model/lib/python3.12/zipfile/__init__.py"", line 1931>",100,0,0.010308982000000001,0.000179371,"[_lsprof.profiler_subentry(code=<code object _fpclose at 0x7eae670f12e0, file ""/home/adityamoger/anaconda3/envs/cocktail_3_dynamic_model/lib/python3.12/zipfile/__init__.py"", line 2047>, callcount=50, reccallcount=0, totaltime=0.009354711, inlinetime=4.6668e-05), _lsprof.profiler_subentry(code=<code object _write_end_record at 0x5589647f2800, file ""/home/adityamoger/anaconda3/envs/cocktail_3_dynamic_model/lib/python3.12/zipfile/__init__.py"", line 1953>, callcount=50, reccallcount=0, totaltime=0.0007378840000000001, inlinetime=0.000403198), _lsprof.profiler_subentry(code=""<method '__exit__' of '_thread.RLock' objects>"", callcount=50, reccallcount=0, totaltime=1.3911000000000001e-05, inlinetime=1.3911000000000001e-05), _lsprof.profiler_subentry(code=""<method 'seek' of '_io.BufferedRandom' objects>"", callcount=50, reccallcount=0, totaltime=2.3105e-05, inlinetime=2.3105e-05)]"
186,"<code object _get_filepath_or_buffer at 0x5589647d8fd0, file ""/home/adityamoger/anaconda3/envs/cocktail_3_dynamic_model/lib/python3.12/site-packages/pandas/io/common.py"", line 304>",3631,0,0.107109728,0.018873077000000002,"[_lsprof.profiler_subentry(code=<code object stringify_path at 0x7eae671c7280, file ""/home/adityamoger/anaconda3/envs/cocktail_3_dynamic_model/lib/python3.12/site-packages/pandas/io/common.py"", line 248>, callcount=3631, reccallcount=0, totaltime=0.016529081, inlinetime=0.003394779), _lsprof.profiler_subentry(code=<code object _expand_user at 0x7eae6725eaf0, file ""/home/adityamoger/anaconda3/envs/cocktail_3_dynamic_model/lib/python3.12/site-packages/pandas/io/common.py"", line 188>, callcount=3631, reccallcount=0, totaltime=0.004862353000000001, inlinetime=0.001431301), _lsprof.profiler_subentry(code=<code object get_compression_method at 0x7eae671c7560, file ""/home/adityamoger/anaconda3/envs/cocktail_3_dynamic_model/lib/python3.12/site-packages/pandas/io/common.py"", line 515>, callcount=3631, reccallcount=0, totaltime=0.00394717, inlinetime=0.0011544860000000001), _lsprof.profiler_subentry(code=<code object infer_compression at 0x7eae67091770, file ""/home/adityamoger/anaconda3/envs/cocktail_3_dynamic_model/lib/python3.12/site-packages/pandas/io/common.py"", line 550>, callcount=3631, reccallcount=0, totaltime=0.030217698, inlinetime=0.012564842000000001), _lsprof.profiler_subentry(code=<code object is_url at 0x7eae6726a0d0, file ""/home/adityamoger/anaconda3/envs/cocktail_3_dynamic_model/lib/python3.12/site-packages/pandas/io/common.py"", line 160>, callcount=3631, reccallcount=0, totaltime=0.023185885, inlinetime=0.004306329), _lsprof.profiler_subentry(code=<code object is_fsspec_url at 0x7eae67236b80, file ""/home/adityamoger/anaconda3/envs/cocktail_3_dynamic_model/lib/python3.12/site-packages/pandas/io/common.py"", line 292>, callcount=3631, reccallcount=0, totaltime=0.00725999, inlinetime=0.0031013290000000003), _lsprof.profiler_subentry(code=<code object __init__ at 0x7eae670fdac0, file ""<string>"", line 2>, callcount=3631, reccallcount=0, totaltime=0.0013269940000000002, inlinetime=0.0013269940000000002), _lsprof.profiler_subentry(code='<built-in method builtins.isinstance>', callcount=7262, reccallcount=0, totaltime=0.00090748, inlinetime=0.00090748)]"
187,"<code object get_handle at 0x5589647db520, file ""/home/adityamoger/anaconda3/envs/cocktail_3_dynamic_model/lib/python3.12/site-packages/pandas/io/common.py"", line 664>",3631,0,0.236669812,0.025586007,"[_lsprof.profiler_subentry(code=""<method 'pop' of 'dict' objects>"", callcount=3631, reccallcount=0, totaltime=0.000772847, inlinetime=0.000772847), _lsprof.profiler_subentry(code=<code object _is_binary_mode at 0x7eae6709c6f0, file ""/home/adityamoger/anaconda3/envs/cocktail_3_dynamic_model/lib/python3.12/site-packages/pandas/io/common.py"", line 1165>, callcount=7261, reccallcount=0, totaltime=0.026667587000000003, inlinetime=0.009580883), _lsprof.profiler_subentry(code='<built-in method _codecs.lookup>', callcount=3631, reccallcount=0, totaltime=0.0033071290000000002, inlinetime=0.0033071290000000002), _lsprof.profiler_subentry(code='<built-in method _codecs.lookup_error>', callcount=3631, reccallcount=0, totaltime=0.0012209500000000002, inlinetime=0.0012209500000000002), _lsprof.profiler_subentry(code=<code object _get_filepath_or_buffer at 0x5589647d8fd0, file ""/home/adityamoger/anaconda3/envs/cocktail_3_dynamic_model/lib/python3.12/site-packages/pandas/io/common.py"", line 304>, callcount=3631, reccallcount=0, totaltime=0.107109728, inlinetime=0.018873077000000002), _lsprof.profiler_subentry(code=<code object _maybe_memory_map at 0x5589647b35a0, file ""/home/adityamoger/anaconda3/envs/cocktail_3_dynamic_model/lib/python3.12/site-packages/pandas/io/common.py"", line 1117>, callcount=3631, reccallcount=0, totaltime=0.00328312, inlinetime=0.002550699), _lsprof.profiler_subentry(code=""<method 'reverse' of 'list' objects>"", callcount=3631, reccallcount=0, totaltime=0.0007003280000000001, inlinetime=0.0007003280000000001), _lsprof.profiler_subentry(code=<code object __init__ at 0x7eae67120ed0, file ""<string>"", line 2>, callcount=3631, reccallcount=0, totaltime=0.0012398040000000002, inlinetime=0.0012398040000000002), _lsprof.profiler_subentry(code=<code object check_parent_directory at 0x7eae6725ed50, file ""/home/adityamoger/anaconda3/envs/cocktail_3_dynamic_model/lib/python3.12/site-packages/pandas/io/common.py"", line 605>, callcount=1, reccallcount=0, totaltime=6.0999e-05, inlinetime=5.403000000000001e-06), _lsprof.profiler_subentry(code='<built-in method _io.open>', callcount=3631, reccallcount=0, totaltime=0.064143736, inlinetime=0.060472377), _lsprof.profiler_subentry(code='<built-in method builtins.hasattr>', callcount=3630, reccallcount=0, totaltime=0.000981404, inlinetime=0.000981404), _lsprof.profiler_subentry(code='<built-in method builtins.isinstance>', callcount=10893, reccallcount=0, totaltime=0.000862391, inlinetime=0.000862391), _lsprof.profiler_subentry(code=""<method 'append' of 'list' objects>"", callcount=3631, reccallcount=0, totaltime=0.0007337820000000001, inlinetime=0.0007337820000000001)]"
188,"<code object __init__ at 0x5589647df4c0, file ""/home/adityamoger/anaconda3/envs/cocktail_3_dynamic_model/lib/python3.12/zipfile/__init__.py"", line 387>",100,0,0.00031184400000000003,0.000133403,"[_lsprof.profiler_subentry(code=<code object _sanitize_filename at 0x5589647cf190, file ""/home/adityamoger/anaconda3/envs/cocktail_3_dynamic_model/lib/python3.12/zipfile/__init__.py"", line 341>, callcount=100, reccallcount=0, totaltime=0.00017844100000000002, inlinetime=0.000111501)]"
189,"<code object FileHeader at 0x5589647e99d0, file ""/home/adityamoger/anaconda3/envs/cocktail_3_dynamic_model/lib/python3.12/zipfile/__init__.py"", line 446>",200,0,0.001241356,0.000659064,"[_lsprof.profiler_subentry(code='<built-in method _struct.pack>', callcount=400, reccallcount=0, totaltime=0.000209106, inlinetime=0.000209106), _lsprof.profiler_subentry(code=<code object _encodeFilenameFlags at 0x7eae6722b0a0, file ""/home/adityamoger/anaconda3/envs/cocktail_3_dynamic_model/lib/python3.12/zipfile/__init__.py"", line 494>, callcount=200, reccallcount=0, totaltime=0.000157123, inlinetime=9.175200000000001e-05), _lsprof.profiler_subentry(code='<built-in method _struct.calcsize>', callcount=200, reccallcount=0, totaltime=8.683600000000001e-05, inlinetime=8.683600000000001e-05), _lsprof.profiler_subentry(code='<built-in method builtins.len>', callcount=400, reccallcount=0, totaltime=3.3693000000000004e-05, inlinetime=3.3693000000000004e-05), _lsprof.profiler_subentry(code='<built-in method builtins.max>', callcount=400, reccallcount=0, totaltime=9.553400000000001e-05, inlinetime=9.553400000000001e-05)]"
190,"<code object __init__ at 0x5589647ed700, file ""/home/adityamoger/anaconda3/envs/cocktail_3_dynamic_model/lib/python3.12/zipfile/__init__.py"", line 1284>",50,0,0.011472147,0.000385092,"[_lsprof.profiler_subentry(code='<built-in method _io.open>', callcount=50, reccallcount=0, totaltime=0.010800384000000001, inlinetime=0.010800384000000001), _lsprof.profiler_subentry(code=<code object _check_compression at 0x7eae6722b870, file ""/home/adityamoger/anaconda3/envs/cocktail_3_dynamic_model/lib/python3.12/zipfile/__init__.py"", line 718>, callcount=50, reccallcount=0, totaltime=2.3524e-05, inlinetime=2.3524e-05), _lsprof.profiler_subentry(code=<code object RLock at 0x7eaea755a330, file ""/home/adityamoger/anaconda3/envs/cocktail_3_dynamic_model/lib/python3.12/threading.py"", line 124>, callcount=50, reccallcount=0, totaltime=3.7257e-05, inlinetime=3.7257e-05), _lsprof.profiler_subentry(code=""<method 'tell' of '_io.BufferedRandom' objects>"", callcount=50, reccallcount=0, totaltime=2.4964e-05, inlinetime=2.4964e-05), _lsprof.profiler_subentry(code=""<method 'seek' of '_io.BufferedRandom' objects>"", callcount=50, reccallcount=0, totaltime=5.4014e-05, inlinetime=5.4014e-05), _lsprof.profiler_subentry(code='<built-in method builtins.isinstance>', callcount=100, reccallcount=0, totaltime=0.00014691200000000002, inlinetime=7.2481e-05)]"
191,"<code object _writecheck at 0x5589647ee450, file ""/home/adityamoger/anaconda3/envs/cocktail_3_dynamic_model/lib/python3.12/zipfile/__init__.py"", line 1795>",100,0,0.00011888600000000001,9.825800000000001e-05,"[_lsprof.profiler_subentry(code=<code object _check_compression at 0x7eae6722b870, file ""/home/adityamoger/anaconda3/envs/cocktail_3_dynamic_model/lib/python3.12/zipfile/__init__.py"", line 718>, callcount=100, reccallcount=0, totaltime=2.0628e-05, inlinetime=2.0628e-05)]"
192,"<code object close at 0x5589647ee750, file ""/home/adityamoger/anaconda3/envs/cocktail_3_dynamic_model/lib/python3.12/zipfile/__init__.py"", line 1211>",100,0,0.015446529,0.000565484,"[_lsprof.profiler_subentry(code='<function _ZipWriteFile.close at 0x7eae6711b920>', callcount=100, reccallcount=0, totaltime=4.9300000000000006e-05, inlinetime=4.9300000000000006e-05), _lsprof.profiler_subentry(code=""<method 'flush' of 'zlib.Compress' objects>"", callcount=100, reccallcount=0, totaltime=0.0045856410000000005, inlinetime=0.0045856410000000005), _lsprof.profiler_subentry(code=<code object _fileobj at 0x7eae67134120, file ""/home/adityamoger/anaconda3/envs/cocktail_3_dynamic_model/lib/python3.12/zipfile/__init__.py"", line 1185>, callcount=500, reccallcount=0, totaltime=6.266e-05, inlinetime=6.266e-05), _lsprof.profiler_subentry(code=<code object FileHeader at 0x5589647e99d0, file ""/home/adityamoger/anaconda3/envs/cocktail_3_dynamic_model/lib/python3.12/zipfile/__init__.py"", line 446>, callcount=100, reccallcount=0, totaltime=0.000538116, inlinetime=0.000301387), _lsprof.profiler_subentry(code=""<method 'tell' of '_io.BufferedRandom' objects>"", callcount=100, reccallcount=0, totaltime=5.4857e-05, inlinetime=5.4857e-05), _lsprof.profiler_subentry(code=""<method 'write' of '_io.BufferedRandom' objects>"", callcount=200, reccallcount=0, totaltime=0.000368796, inlinetime=0.000368796), _lsprof.profiler_subentry(code=""<method 'seek' of '_io.BufferedRandom' objects>"", callcount=200, reccallcount=0, totaltime=0.009193447, inlinetime=0.009193447), _lsprof.profiler_subentry(code='<built-in method builtins.len>', callcount=100, reccallcount=0, totaltime=1.0158e-05, inlinetime=1.0158e-05), _lsprof.profiler_subentry(code=""<method 'append' of 'list' objects>"", callcount=100, reccallcount=0, totaltime=1.807e-05, inlinetime=1.807e-05)]"
193,"<code object open at 0x5589647efca0, file ""/home/adityamoger/anaconda3/envs/cocktail_3_dynamic_model/lib/python3.12/zipfile/__init__.py"", line 1561>",100,0,0.0026278680000000002,0.00024750600000000004,"[_lsprof.profiler_subentry(code=<code object __init__ at 0x5589647df4c0, file ""/home/adityamoger/anaconda3/envs/cocktail_3_dynamic_model/lib/python3.12/zipfile/__init__.py"", line 387>, callcount=100, reccallcount=0, totaltime=0.00031184400000000003, inlinetime=0.000133403), _lsprof.profiler_subentry(code=<code object _open_to_write at 0x5589647f0710, file ""/home/adityamoger/anaconda3/envs/cocktail_3_dynamic_model/lib/python3.12/zipfile/__init__.py"", line 1663>, callcount=100, reccallcount=0, totaltime=0.002048154, inlinetime=0.000385212), _lsprof.profiler_subentry(code='<built-in method builtins.isinstance>', callcount=100, reccallcount=0, totaltime=2.0364e-05, inlinetime=2.0364e-05)]"
194,"<code object _open_to_write at 0x5589647f0710, file ""/home/adityamoger/anaconda3/envs/cocktail_3_dynamic_model/lib/python3.12/zipfile/__init__.py"", line 1663>",100,0,0.002048154,0.000385212,"[_lsprof.profiler_subentry(code=<code object FileHeader at 0x5589647e99d0, file ""/home/adityamoger/anaconda3/envs/cocktail_3_dynamic_model/lib/python3.12/zipfile/__init__.py"", line 446>, callcount=100, reccallcount=0, totaltime=0.00070324, inlinetime=0.00035767700000000004), _lsprof.profiler_subentry(code=<code object _writecheck at 0x5589647ee450, file ""/home/adityamoger/anaconda3/envs/cocktail_3_dynamic_model/lib/python3.12/zipfile/__init__.py"", line 1795>, callcount=100, reccallcount=0, totaltime=0.00011888600000000001, inlinetime=9.825800000000001e-05), _lsprof.profiler_subentry(code=<code object __init__ at 0x7eae670f0e90, file ""/home/adityamoger/anaconda3/envs/cocktail_3_dynamic_model/lib/python3.12/zipfile/__init__.py"", line 1175>, callcount=100, reccallcount=0, totaltime=0.0007061600000000001, inlinetime=0.000203236), _lsprof.profiler_subentry(code=""<method 'tell' of '_io.BufferedRandom' objects>"", callcount=100, reccallcount=0, totaltime=3.6195e-05, inlinetime=3.6195e-05), _lsprof.profiler_subentry(code=""<method 'write' of '_io.BufferedRandom' objects>"", callcount=100, reccallcount=0, totaltime=4.0947e-05, inlinetime=4.0947e-05), _lsprof.profiler_subentry(code=""<method 'seek' of '_io.BufferedRandom' objects>"", callcount=100, reccallcount=0, totaltime=5.7514000000000005e-05, inlinetime=5.7514000000000005e-05)]"
195,"<code object _write_end_record at 0x5589647f2800, file ""/home/adityamoger/anaconda3/envs/cocktail_3_dynamic_model/lib/python3.12/zipfile/__init__.py"", line 1953>",50,0,0.0007378840000000001,0.000403198,"[_lsprof.profiler_subentry(code=""<method 'flush' of '_io.BufferedRandom' objects>"", callcount=50, reccallcount=0, totaltime=6.1844e-05, inlinetime=6.1844e-05), _lsprof.profiler_subentry(code='<built-in method _struct.pack>', callcount=150, reccallcount=0, totaltime=7.153900000000001e-05, inlinetime=7.153900000000001e-05), _lsprof.profiler_subentry(code=<code object _encodeFilenameFlags at 0x7eae6722b0a0, file ""/home/adityamoger/anaconda3/envs/cocktail_3_dynamic_model/lib/python3.12/zipfile/__init__.py"", line 494>, callcount=100, reccallcount=0, totaltime=4.7534e-05, inlinetime=2.9911000000000002e-05), _lsprof.profiler_subentry(code=""<method 'tell' of '_io.BufferedRandom' objects>"", callcount=50, reccallcount=0, totaltime=1.9484000000000002e-05, inlinetime=1.9484000000000002e-05), _lsprof.profiler_subentry(code=""<method 'write' of '_io.BufferedRandom' objects>"", callcount=500, reccallcount=0, totaltime=7.296100000000001e-05, inlinetime=7.296100000000001e-05), _lsprof.profiler_subentry(code='<built-in method builtins.len>', callcount=400, reccallcount=0, totaltime=2.7638000000000002e-05, inlinetime=2.7638000000000002e-05), _lsprof.profiler_subentry(code='<built-in method builtins.max>', callcount=200, reccallcount=0, totaltime=3.3686e-05, inlinetime=3.3686e-05)]"
196,"<code object _get_compressor at 0x558964803a20, file ""/home/adityamoger/anaconda3/envs/cocktail_3_dynamic_model/lib/python3.12/zipfile/__init__.py"", line 737>",100,0,0.0005029240000000001,8.398100000000001e-05,"[_lsprof.profiler_subentry(code='<built-in method zlib.compressobj>', callcount=100, reccallcount=0, totaltime=0.000418943, inlinetime=0.000418943)]"
197,"<code object generate_sound_profile at 0x55896480c760, file ""/home/adityamoger/Documents/GitHub/dynamic_model_of_cocktail_party_nightmare/dynamic_model/supporting_files/snr_implementation.py"", line 276>",1815,0,0.14176997500000002,0.064178763,"[_lsprof.profiler_subentry(code=<code object sound_within_time_interval at 0x7eae668d4530, file ""/home/adityamoger/Documents/GitHub/dynamic_model_of_cocktail_party_nightmare/dynamic_model/supporting_files/snr_implementation.py"", line 170>, callcount=5344, reccallcount=0, totaltime=0.0015440340000000001, inlinetime=0.0015440340000000001), _lsprof.profiler_subentry(code=<code object ones at 0x7eaea729d930, file ""/home/adityamoger/anaconda3/envs/cocktail_3_dynamic_model/lib/python3.12/site-packages/numpy/_core/numeric.py"", line 171>, callcount=1815, reccallcount=0, totaltime=0.005163684, inlinetime=0.003910426), _lsprof.profiler_subentry(code='<built-in method builtins.len>', callcount=5445, reccallcount=0, totaltime=0.0007138310000000001, inlinetime=0.0007138310000000001), _lsprof.profiler_subentry(code=<code object _round_dispatcher at 0x7eaea4dba3f0, file ""/home/adityamoger/anaconda3/envs/cocktail_3_dynamic_model/lib/python3.12/site-packages/numpy/_core/fromnumeric.py"", line 3613>, callcount=6171, reccallcount=0, totaltime=0.0006076930000000001, inlinetime=0.0006076930000000001), _lsprof.profiler_subentry(code=<code object round at 0x7eaea72d6250, file ""/home/adityamoger/anaconda3/envs/cocktail_3_dynamic_model/lib/python3.12/site-packages/numpy/_core/fromnumeric.py"", line 3617>, callcount=6171, reccallcount=0, totaltime=0.030498948, inlinetime=0.002876435), _lsprof.profiler_subentry(code='<built-in method numpy.arange>', callcount=1815, reccallcount=0, totaltime=0.004170211, inlinetime=0.004170211), _lsprof.profiler_subentry(code='<built-in method numpy.zeros>', callcount=1815, reccallcount=0, totaltime=0.0015407980000000001, inlinetime=0.0015407980000000001), _lsprof.profiler_subentry(code='<built-in method numpy.array>', callcount=1815, reccallcount=0, totaltime=0.0021722620000000003, inlinetime=0.0021722620000000003), _lsprof.profiler_subentry(code=<code object where at 0x7eaea72628d0, file ""/home/adityamoger/anaconda3/envs/cocktail_3_dynamic_model/lib/python3.12/site-packages/numpy/_core/multiarray.py"", line 391>, callcount=6902, reccallcount=0, totaltime=0.000696014, inlinetime=0.000696014), _lsprof.profiler_subentry(code=<code object find_sum_of_db at 0x7eae6687da50, file ""/home/adityamoger/Documents/GitHub/dynamic_model_of_cocktail_party_nightmare/dynamic_model/supporting_files/snr_implementation.py"", line 151>, callcount=14637, reccallcount=0, totaltime=0.017540748000000002, inlinetime=0.014208035), _lsprof.profiler_subentry(code=<code object __eq__ at 0x7eaea790d6b0, file ""/home/adityamoger/anaconda3/envs/cocktail_3_dynamic_model/lib/python3.12/uuid.py"", line 240>, callcount=7159, reccallcount=0, totaltime=0.002532107, inlinetime=0.0019702490000000003), _lsprof.profiler_subentry(code=<code object _min_dispatcher at 0x7eaea4db9fe0, file ""/home/adityamoger/anaconda3/envs/cocktail_3_dynamic_model/lib/python3.12/site-packages/numpy/_core/fromnumeric.py"", line 3184>, callcount=1815, reccallcount=0, totaltime=0.00020489100000000001, inlinetime=0.00020489100000000001), _lsprof.profiler_subentry(code=<code object min at 0x7eaea72c1680, file ""/home/adityamoger/anaconda3/envs/cocktail_3_dynamic_model/lib/python3.12/site-packages/numpy/_core/fromnumeric.py"", line 3189>, callcount=1815, reccallcount=0, totaltime=0.010205991000000001, inlinetime=0.0014229090000000002)]"
198,"<code object _construct_result at 0x558964831dc0, file ""/home/adityamoger/anaconda3/envs/cocktail_3_dynamic_model/lib/python3.12/site-packages/pandas/core/series.py"", line 6212>",43911,0,1.8953699800000001,0.09630329500000001,"[_lsprof.profiler_subentry(code=<code object __init__ at 0x5589648cdf90, file ""/home/adityamoger/anaconda3/envs/cocktail_3_dynamic_model/lib/python3.12/site-packages/pandas/core/series.py"", line 389>, callcount=43911, reccallcount=0, totaltime=1.5137696850000002, inlinetime=0.235832528), _lsprof.profiler_subentry(code=<code object _constructor at 0x7eae66f40850, file ""/home/adityamoger/anaconda3/envs/cocktail_3_dynamic_model/lib/python3.12/site-packages/pandas/core/series.py"", line 660>, callcount=43911, reccallcount=0, totaltime=0.004897095000000001, inlinetime=0.004897095000000001), _lsprof.profiler_subentry(code='<built-in method builtins.getattr>', callcount=43911, reccallcount=0, totaltime=0.004752317000000001, inlinetime=0.004752317000000001), _lsprof.profiler_subentry(code='<built-in method builtins.isinstance>', callcount=43911, reccallcount=0, totaltime=0.004075197, inlinetime=0.004075197), _lsprof.profiler_subentry(code=<code object __setattr__ at 0x5589645cc5a0, file ""/home/adityamoger/anaconda3/envs/cocktail_3_dynamic_model/lib/python3.12/site-packages/pandas/core/generic.py"", line 6320>, callcount=43911, reccallcount=0, totaltime=0.12138554900000001, inlinetime=0.032870043), _lsprof.profiler_subentry(code=<code object __finalize__ at 0x5589645bde30, file ""/home/adityamoger/anaconda3/envs/cocktail_3_dynamic_model/lib/python3.12/site-packages/pandas/core/generic.py"", line 6255>, callcount=43911, reccallcount=0, totaltime=0.15018684200000001, inlinetime=0.105133285)]"
199,"<code object _align_for_op at 0x558964847a30, file ""/home/adityamoger/anaconda3/envs/cocktail_3_dynamic_model/lib/python3.12/site-packages/pandas/core/series.py"", line 6148>",14637,0,0.016557121,0.010723175000000001,"[_lsprof.profiler_subentry(code=<code object equals at 0x7eae675d66f0, file ""/home/adityamoger/anaconda3/envs/cocktail_3_dynamic_model/lib/python3.12/site-packages/pandas/core/indexes/range.py"", line 553>, callcount=14637, reccallcount=0, totaltime=0.004821618000000001, inlinetime=0.0038746220000000003), _lsprof.profiler_subentry(code='<built-in method builtins.isinstance>', callcount=14637, reccallcount=0, totaltime=0.001012328, inlinetime=0.001012328)]"
200,"<code object _init_dict at 0x558964851a90, file ""/home/adityamoger/anaconda3/envs/cocktail_3_dynamic_model/lib/python3.12/site-packages/pandas/core/series.py"", line 607>",3630,0,0.5279258680000001,0.014916936,"[_lsprof.profiler_subentry(code=""<method 'keys' of 'dict' objects>"", callcount=3630, reccallcount=0, totaltime=0.0008039540000000001, inlinetime=0.0008039540000000001), _lsprof.profiler_subentry(code=""<method 'values' of 'dict' objects>"", callcount=3630, reccallcount=0, totaltime=0.000566795, inlinetime=0.000566795), _lsprof.profiler_subentry(code=<code object __init__ at 0x5589648cdf90, file ""/home/adityamoger/anaconda3/envs/cocktail_3_dynamic_model/lib/python3.12/site-packages/pandas/core/series.py"", line 389>, callcount=3630, reccallcount=0, totaltime=0.33014664400000004, inlinetime=0.027705567), _lsprof.profiler_subentry(code=<code object reindex at 0x7eae66f545d0, file ""/home/adityamoger/anaconda3/envs/cocktail_3_dynamic_model/lib/python3.12/site-packages/pandas/core/series.py"", line 5147>, callcount=3630, reccallcount=0, totaltime=0.181491539, inlinetime=0.006029751000000001)]"
201,"<code object __init__ at 0x5589648cdf90, file ""/home/adityamoger/anaconda3/envs/cocktail_3_dynamic_model/lib/python3.12/site-packages/pandas/core/series.py"", line 389>",54801,3630,2.484044146,0.307965357,"[_lsprof.profiler_subentry(code=<code object maybe_extract_name at 0x7eae67507cb0, file ""/home/adityamoger/anaconda3/envs/cocktail_3_dynamic_model/lib/python3.12/site-packages/pandas/core/indexes/base.py"", line 7716>, callcount=54801, reccallcount=0, totaltime=0.08360843100000001, inlinetime=0.024375743000000002), _lsprof.profiler_subentry(code=<code object _get_option at 0x7eae70c23c30, file ""/home/adityamoger/anaconda3/envs/cocktail_3_dynamic_model/lib/python3.12/site-packages/pandas/_config/config.py"", line 145>, callcount=51171, reccallcount=0, totaltime=0.15853920700000002, inlinetime=0.032823587), _lsprof.profiler_subentry(code=<code object ensure_index at 0x558964727360, file ""/home/adityamoger/anaconda3/envs/cocktail_3_dynamic_model/lib/python3.12/site-packages/pandas/core/indexes/base.py"", line 7621>, callcount=54801, reccallcount=0, totaltime=0.351879559, inlinetime=0.029512181000000002), _lsprof.profiler_subentry(code=<code object sanitize_array at 0x558964499490, file ""/home/adityamoger/anaconda3/envs/cocktail_3_dynamic_model/lib/python3.12/site-packages/pandas/core/construction.py"", line 517>, callcount=51171, reccallcount=0, totaltime=0.38389991100000004, inlinetime=0.145189477), _lsprof.profiler_subentry(code=<code object _validate_dtype at 0x7eae6798f210, file ""/home/adityamoger/anaconda3/envs/cocktail_3_dynamic_model/lib/python3.12/site-packages/pandas/core/generic.py"", line 511>, callcount=51171, reccallcount=0, totaltime=0.100328523, inlinetime=0.021914511), _lsprof.profiler_subentry(code=<code object _init_dict at 0x558964851a90, file ""/home/adityamoger/anaconda3/envs/cocktail_3_dynamic_model/lib/python3.12/site-packages/pandas/core/series.py"", line 607>, callcount=3630, reccallcount=0, totaltime=0.5279258680000001, inlinetime=0.014916936), _lsprof.profiler_subentry(code=<code object maybe_iterable_to_list at 0x7eae6fc1b280, file ""/home/adityamoger/anaconda3/envs/cocktail_3_dynamic_model/lib/python3.12/site-packages/pandas/core/common.py"", line 301>, callcount=3630, reccallcount=0, totaltime=0.008038265000000001, inlinetime=0.002946914), _lsprof.profiler_subentry(code=<code object require_length_match at 0x7eae6fcb96b0, file ""/home/adityamoger/anaconda3/envs/cocktail_3_dynamic_model/lib/python3.12/site-packages/pandas/core/common.py"", line 568>, callcount=51171, reccallcount=0, totaltime=0.046120404000000004, inlinetime=0.014466833), _lsprof.profiler_subentry(code=<code object from_array at 0x7eae67235bc0, file ""/home/adityamoger/anaconda3/envs/cocktail_3_dynamic_model/lib/python3.12/site-packages/pandas/core/internals/managers.py"", line 1863>, callcount=51171, reccallcount=0, totaltime=0.28231000700000003, inlinetime=0.08412283300000001), _lsprof.profiler_subentry(code=<code object _set_axis at 0x7eae6796efb0, file ""/home/adityamoger/anaconda3/envs/cocktail_3_dynamic_model/lib/python3.12/site-packages/pandas/core/generic.py"", line 807>, callcount=54801, reccallcount=0, totaltime=0.14722780800000002, inlinetime=0.041003337), _lsprof.profiler_subentry(code='<built-in method builtins.getattr>', callcount=54801, reccallcount=0, totaltime=0.006642452, inlinetime=0.006642452), _lsprof.profiler_subentry(code='<built-in method builtins.isinstance>', callcount=460188, reccallcount=0, totaltime=0.053087858, inlinetime=0.048716427), _lsprof.profiler_subentry(code='<built-in method builtins.len>', callcount=51171, reccallcount=0, totaltime=0.006706101000000001, inlinetime=0.006706101000000001), _lsprof.profiler_subentry(code=<code object __init__ at 0x7eae6798a170, file ""/home/adityamoger/anaconda3/envs/cocktail_3_dynamic_model/lib/python3.12/site-packages/pandas/core/generic.py"", line 278>, callcount=54801, reccallcount=0, totaltime=0.08666499100000001, inlinetime=0.067530427), _lsprof.profiler_subentry(code=<code object __setattr__ at 0x5589645cc5a0, file ""/home/adityamoger/anaconda3/envs/cocktail_3_dynamic_model/lib/python3.12/site-packages/pandas/core/generic.py"", line 6320>, callcount=54801, reccallcount=0, totaltime=0.263246048, inlinetime=0.066974693)]"
202,"<code object __getitem__ at 0x5589648cf400, file ""/home/adityamoger/anaconda3/envs/cocktail_3_dynamic_model/lib/python3.12/site-packages/pandas/core/series.py"", line 1104>",7472177,0,22.034896984000003,6.593193598,"[_lsprof.profiler_subentry(code=<code object check_dict_or_set_indexers at 0x7eae6798b130, file ""/home/adityamoger/anaconda3/envs/cocktail_3_dynamic_model/lib/python3.12/site-packages/pandas/core/indexing.py"", line 2765>, callcount=7472177, reccallcount=0, totaltime=4.05746567, inlinetime=2.377451223), _lsprof.profiler_subentry(code='<built-in method builtins.isinstance>', callcount=7472177, reccallcount=0, totaltime=0.618202011, inlinetime=0.618202011), _lsprof.profiler_subentry(code=<code object apply_if_callable at 0x7eae6fc81b60, file ""/home/adityamoger/anaconda3/envs/cocktail_3_dynamic_model/lib/python3.12/site-packages/pandas/core/common.py"", line 372>, callcount=7472177, reccallcount=0, totaltime=1.2963325570000002, inlinetime=0.8664839310000001), _lsprof.profiler_subentry(code=<code object _get_value at 0x5589646b2440, file ""/home/adityamoger/anaconda3/envs/cocktail_3_dynamic_model/lib/python3.12/site-packages/pandas/core/series.py"", line 1229>, callcount=7472177, reccallcount=0, totaltime=9.469703148, inlinetime=3.6343928350000003)]"
203,"<code object _clean_na_values at 0x55896499db50, file ""/home/adityamoger/anaconda3/envs/cocktail_3_dynamic_model/lib/python3.12/site-packages/pandas/io/parsers/readers.py"", line 2056>",3630,0,0.0017444650000000002,0.0017444650000000002,
204,"<code object _validate_parse_dates_presence at 0x5589649b5420, file ""/home/adityamoger/anaconda3/envs/cocktail_3_dynamic_model/lib/python3.12/site-packages/pandas/io/parsers/base_parser.py"", line 191>",3630,0,0.043327749000000006,0.007933224000000001,"[_lsprof.profiler_subentry(code=<code object is_dict_like at 0x7eae6fc59350, file ""/home/adityamoger/anaconda3/envs/cocktail_3_dynamic_model/lib/python3.12/site-packages/pandas/core/dtypes/inference.py"", line 273>, callcount=3630, reccallcount=0, totaltime=0.032333838000000004, inlinetime=0.027215246000000002), _lsprof.profiler_subentry(code='<built-in method builtins.sorted>', callcount=3630, reccallcount=0, totaltime=0.0022581650000000003, inlinetime=0.0022581650000000003), _lsprof.profiler_subentry(code=""<method 'join' of 'str' objects>"", callcount=3630, reccallcount=0, totaltime=0.0008025220000000001, inlinetime=0.0008025220000000001)]"
205,"<code object _read at 0x5589649d0c80, file ""/home/adityamoger/anaconda3/envs/cocktail_3_dynamic_model/lib/python3.12/site-packages/pandas/io/parsers/readers.py"", line 583>",3630,0,2.654518759,0.037359760000000006,"[_lsprof.profiler_subentry(code=<code object _validate_names at 0x7eae66bf9610, file ""/home/adityamoger/anaconda3/envs/cocktail_3_dynamic_model/lib/python3.12/site-packages/pandas/io/parsers/readers.py"", line 559>, callcount=3630, reccallcount=0, totaltime=0.0005204960000000001, inlinetime=0.0005204960000000001), _lsprof.profiler_subentry(code=<code object __init__ at 0x5589645e80e0, file ""/home/adityamoger/anaconda3/envs/cocktail_3_dynamic_model/lib/python3.12/site-packages/pandas/io/parsers/readers.py"", line 1575>, callcount=3630, reccallcount=0, totaltime=0.62490897, inlinetime=0.016645844), _lsprof.profiler_subentry(code=<code object __enter__ at 0x7eae66a21480, file ""/home/adityamoger/anaconda3/envs/cocktail_3_dynamic_model/lib/python3.12/site-packages/pandas/io/parsers/readers.py"", line 1987>, callcount=3630, reccallcount=0, totaltime=0.00032816400000000004, inlinetime=0.00032816400000000004), _lsprof.profiler_subentry(code=<code object read at 0x558964a2a920, file ""/home/adityamoger/anaconda3/envs/cocktail_3_dynamic_model/lib/python3.12/site-packages/pandas/io/parsers/readers.py"", line 1907>, callcount=3630, reccallcount=0, totaltime=1.9578513540000002, inlinetime=0.022515312000000003), _lsprof.profiler_subentry(code=<code object __exit__ at 0x7eae66a053e0, file ""/home/adityamoger/anaconda3/envs/cocktail_3_dynamic_model/lib/python3.12/site-packages/pandas/io/parsers/readers.py"", line 1990>, callcount=3630, reccallcount=0, totaltime=0.029635507000000002, inlinetime=0.0013935850000000001), _lsprof.profiler_subentry(code=""<method 'get' of 'dict' objects>"", callcount=29040, reccallcount=0, totaltime=0.003425585, inlinetime=0.003425585), _lsprof.profiler_subentry(code=<code object validate_integer at 0x7eae66a2c510, file ""/home/adityamoger/anaconda3/envs/cocktail_3_dynamic_model/lib/python3.12/site-packages/pandas/io/parsers/readers.py"", line 527>, callcount=3630, reccallcount=0, totaltime=0.000488923, inlinetime=0.000488923)]"
206,"<code object _check_data_length at 0x5589649d15c0, file ""/home/adityamoger/anaconda3/envs/cocktail_3_dynamic_model/lib/python3.12/site-packages/pandas/io/parsers/base_parser.py"", line 902>",3630,0,0.002107802,0.001529491,"[_lsprof.profiler_subentry(code='<built-in method builtins.len>', callcount=7260, reccallcount=0, totaltime=0.0005783110000000001, inlinetime=0.0005783110000000001)]"
207,"<code object read_csv at 0x5589649fd9d0, file ""/home/adityamoger/anaconda3/envs/cocktail_3_dynamic_model/lib/python3.12/site-packages/pandas/io/parsers/readers.py"", line 868>",3630,0,2.7109027820000002,0.029397066000000003,"[_lsprof.profiler_subentry(code=""<method 'update' of 'dict' objects>"", callcount=3630, reccallcount=0, totaltime=0.00211736, inlinetime=0.00211736), _lsprof.profiler_subentry(code='<built-in method builtins.locals>', callcount=3630, reccallcount=0, totaltime=0.014129059000000001, inlinetime=0.014129059000000001), _lsprof.profiler_subentry(code=""<method 'copy' of 'dict' objects>"", callcount=3630, reccallcount=0, totaltime=0.002053923, inlinetime=0.002053923), _lsprof.profiler_subentry(code=<code object _refine_defaults_read at 0x558964a11d10, file ""/home/adityamoger/anaconda3/envs/cocktail_3_dynamic_model/lib/python3.12/site-packages/pandas/io/parsers/readers.py"", line 2133>, callcount=3630, reccallcount=0, totaltime=0.008686615, inlinetime=0.007911164), _lsprof.profiler_subentry(code=<code object _read at 0x5589649d0c80, file ""/home/adityamoger/anaconda3/envs/cocktail_3_dynamic_model/lib/python3.12/site-packages/pandas/io/parsers/readers.py"", line 583>, callcount=3630, reccallcount=0, totaltime=2.654518759, inlinetime=0.037359760000000006)]"
208,"<code object _make_engine at 0x5589649fede0, file ""/home/adityamoger/anaconda3/envs/cocktail_3_dynamic_model/lib/python3.12/site-packages/pandas/io/parsers/readers.py"", line 1848>",3630,0,0.531557802,0.029799057,"[_lsprof.profiler_subentry(code=<code object get_handle at 0x5589647db520, file ""/home/adityamoger/anaconda3/envs/cocktail_3_dynamic_model/lib/python3.12/site-packages/pandas/io/common.py"", line 664>, callcount=3630, reccallcount=0, totaltime=0.236523636, inlinetime=0.025574223), _lsprof.profiler_subentry(code=<code object __init__ at 0x558964a1c1c0, file ""/home/adityamoger/anaconda3/envs/cocktail_3_dynamic_model/lib/python3.12/site-packages/pandas/io/parsers/c_parser_wrapper.py"", line 60>, callcount=3630, reccallcount=0, totaltime=0.262483732, inlinetime=0.13887501100000002), _lsprof.profiler_subentry(code='<built-in method builtins.isinstance>', callcount=3630, reccallcount=0, totaltime=0.0005610610000000001, inlinetime=0.0005610610000000001), _lsprof.profiler_subentry(code=""<method 'get' of 'dict' objects>"", callcount=21780, reccallcount=0, totaltime=0.0021903160000000003, inlinetime=0.0021903160000000003)]"
209,"<code object _get_options_with_defaults at 0x5589649ff790, file ""/home/adityamoger/anaconda3/envs/cocktail_3_dynamic_model/lib/python3.12/site-packages/pandas/io/parsers/readers.py"", line 1627>",3630,0,0.035410907000000005,0.025573575,"[_lsprof.profiler_subentry(code=""<method 'get' of 'dict' objects>"", callcount=134310, reccallcount=0, totaltime=0.008592063, inlinetime=0.008592063), _lsprof.profiler_subentry(code=""<method 'items' of 'dict' objects>"", callcount=7260, reccallcount=0, totaltime=0.001245269, inlinetime=0.001245269)]"
210,"<code object _refine_defaults_read at 0x558964a11d10, file ""/home/adityamoger/anaconda3/envs/cocktail_3_dynamic_model/lib/python3.12/site-packages/pandas/io/parsers/readers.py"", line 2133>",3630,0,0.008686615,0.007911164,"[_lsprof.profiler_subentry(code=<code object check_dtype_backend at 0x7eae6fcbe120, file ""/home/adityamoger/anaconda3/envs/cocktail_3_dynamic_model/lib/python3.12/site-packages/pandas/util/_validators.py"", line 450>, callcount=3630, reccallcount=0, totaltime=0.000775451, inlinetime=0.000775451)]"
211,"<code object _extract_multi_indexer_columns at 0x558964a15910, file ""/home/adityamoger/anaconda3/envs/cocktail_3_dynamic_model/lib/python3.12/site-packages/pandas/io/parsers/base_parser.py"", line 279>",3630,0,0.002292225,0.001844916,"[_lsprof.profiler_subentry(code='<built-in method builtins.len>', callcount=3630, reccallcount=0, totaltime=0.000447309, inlinetime=0.000447309)]"
212,"<code object _make_index at 0x558964a16a20, file ""/home/adityamoger/anaconda3/envs/cocktail_3_dynamic_model/lib/python3.12/site-packages/pandas/io/parsers/base_parser.py"", line 362>",3630,0,0.016618158,0.0031045440000000003,"[_lsprof.profiler_subentry(code=<code object is_index_col at 0x7eae66be24f0, file ""/home/adityamoger/anaconda3/envs/cocktail_3_dynamic_model/lib/python3.12/site-packages/pandas/io/parsers/base_parser.py"", line 1461>, callcount=3630, reccallcount=0, totaltime=0.000474804, inlinetime=0.000474804), _lsprof.profiler_subentry(code=<code object _maybe_make_multi_index_columns at 0x7eae66a00f30, file ""/home/adityamoger/anaconda3/envs/cocktail_3_dynamic_model/lib/python3.12/site-packages/pandas/io/parsers/base_parser.py"", line 350>, callcount=3630, reccallcount=0, totaltime=0.013038810000000001, inlinetime=0.0016040420000000002)]"
213,"<code object convert_sound_to_dictionary at 0x558964a18930, file ""/home/adityamoger/Documents/GitHub/dynamic_model_of_cocktail_party_nightmare/dynamic_model/agents/bats.py"", line 191>",108612,0,0.474575342,0.196395603,"[_lsprof.profiler_subentry(code='<built-in method builtins.getattr>', callcount=108612, reccallcount=0, totaltime=0.017654611, inlinetime=0.017654611), _lsprof.profiler_subentry(code='<built-in method builtins.isinstance>', callcount=108612, reccallcount=0, totaltime=0.009058091, inlinetime=0.009058091), _lsprof.profiler_subentry(code=<code object distance_to at 0x7eae668e08a0, file ""/home/adityamoger/Documents/GitHub/dynamic_model_of_cocktail_party_nightmare/dynamic_model/supporting_files/vectors.py"", line 54>, callcount=108612, reccallcount=0, totaltime=0.186563483, inlinetime=0.047838123), _lsprof.profiler_subentry(code=<code object __sub__ at 0x7eae66875cf0, file ""/home/adityamoger/Documents/GitHub/dynamic_model_of_cocktail_party_nightmare/dynamic_model/supporting_files/vectors.py"", line 15>, callcount=108612, reccallcount=0, totaltime=0.064903554, inlinetime=0.055122199000000004)]"
214,"<code object _set_noconvert_dtype_columns at 0x558964a19ee0, file ""/home/adityamoger/anaconda3/envs/cocktail_3_dynamic_model/lib/python3.12/site-packages/pandas/io/parsers/base_parser.py"", line 610>",3630,0,0.007142806000000001,0.005510771,"[_lsprof.profiler_subentry(code='<built-in method builtins.isinstance>', callcount=7260, reccallcount=0, totaltime=0.001159681, inlinetime=0.001159681), _lsprof.profiler_subentry(code='<built-in method builtins.callable>', callcount=3630, reccallcount=0, totaltime=0.000472354, inlinetime=0.000472354)]"
215,"<code object __init__ at 0x558964a1b3d0, file ""/home/adityamoger/anaconda3/envs/cocktail_3_dynamic_model/lib/python3.12/site-packages/pandas/io/parsers/base_parser.py"", line 115>",3630,0,0.041184287,0.024474781,"[_lsprof.profiler_subentry(code=""<method 'pop' of 'dict' objects>"", callcount=21780, reccallcount=0, totaltime=0.003038849, inlinetime=0.003038849), _lsprof.profiler_subentry(code=<code object _validate_parse_dates_arg at 0x7eae66a01570, file ""/home/adityamoger/anaconda3/envs/cocktail_3_dynamic_model/lib/python3.12/site-packages/pandas/io/parsers/base_parser.py"", line 1440>, callcount=3630, reccallcount=0, totaltime=0.0016433020000000001, inlinetime=0.0016433020000000001), _lsprof.profiler_subentry(code=<code object copy at 0x5589637eecf0, file ""/home/adityamoger/anaconda3/envs/cocktail_3_dynamic_model/lib/python3.12/copy.py"", line 61>, callcount=3630, reccallcount=0, totaltime=0.003995478, inlinetime=0.0029655050000000002), _lsprof.profiler_subentry(code=<code object _make_date_converter at 0x7eae66a2d6f0, file ""/home/adityamoger/anaconda3/envs/cocktail_3_dynamic_model/lib/python3.12/site-packages/pandas/io/parsers/base_parser.py"", line 1137>, callcount=3630, reccallcount=0, totaltime=0.0024945880000000003, inlinetime=0.0024945880000000003), _lsprof.profiler_subentry(code=<code object _validate_usecols_arg at 0x7eae66bfa290, file ""/home/adityamoger/anaconda3/envs/cocktail_3_dynamic_model/lib/python3.12/site-packages/pandas/io/parsers/base_parser.py"", line 995>, callcount=3630, reccallcount=0, totaltime=0.0007715430000000001, inlinetime=0.0007715430000000001), _lsprof.profiler_subentry(code=""<method 'get' of 'dict' objects>"", callcount=47190, reccallcount=0, totaltime=0.004765746, inlinetime=0.004765746)]"
216,"<code object __init__ at 0x558964a1c1c0, file ""/home/adityamoger/anaconda3/envs/cocktail_3_dynamic_model/lib/python3.12/site-packages/pandas/io/parsers/c_parser_wrapper.py"", line 60>",3630,0,0.262483732,0.13887501100000002,"[_lsprof.profiler_subentry(code=""<method 'pop' of 'dict' objects>"", callcount=18150, reccallcount=0, totaltime=0.002147617, inlinetime=0.002147617), _lsprof.profiler_subentry(code=<code object is_index_col at 0x7eae66be24f0, file ""/home/adityamoger/anaconda3/envs/cocktail_3_dynamic_model/lib/python3.12/site-packages/pandas/io/parsers/base_parser.py"", line 1461>, callcount=3630, reccallcount=0, totaltime=0.0005135490000000001, inlinetime=0.0005135490000000001), _lsprof.profiler_subentry(code=<code object __init__ at 0x558964a1b3d0, file ""/home/adityamoger/anaconda3/envs/cocktail_3_dynamic_model/lib/python3.12/site-packages/pandas/io/parsers/base_parser.py"", line 115>, callcount=3630, reccallcount=0, totaltime=0.041184287, inlinetime=0.024474781), _lsprof.profiler_subentry(code=<code object __get__ at 0x5589636d6220, file ""/home/adityamoger/anaconda3/envs/cocktail_3_dynamic_model/lib/python3.12/enum.py"", line 197>, callcount=3630, reccallcount=0, totaltime=0.002579342, inlinetime=0.0020543970000000003), _lsprof.profiler_subentry(code=<code object ensure_dtype_objs at 0x558964a22c10, file ""/home/adityamoger/anaconda3/envs/cocktail_3_dynamic_model/lib/python3.12/site-packages/pandas/io/parsers/c_parser_wrapper.py"", line 392>, callcount=3630, reccallcount=0, totaltime=0.002472527, inlinetime=0.001720612), _lsprof.profiler_subentry(code=<code object getstate at 0x55893d5a9380, file ""<frozen codecs>"", line 331>, callcount=7260, reccallcount=0, totaltime=0.001624989, inlinetime=0.001624989), _lsprof.profiler_subentry(code=<code object decode at 0x55893d5a9560, file ""<frozen codecs>"", line 319>, callcount=7260, reccallcount=0, totaltime=0.009188106000000001, inlinetime=0.005856296), _lsprof.profiler_subentry(code=<code object _extract_multi_indexer_columns at 0x558964a15910, file ""/home/adityamoger/anaconda3/envs/cocktail_3_dynamic_model/lib/python3.12/site-packages/pandas/io/parsers/base_parser.py"", line 279>, callcount=3630, reccallcount=0, totaltime=0.002292225, inlinetime=0.001844916), _lsprof.profiler_subentry(code=<code object _validate_parse_dates_presence at 0x5589649b5420, file ""/home/adityamoger/anaconda3/envs/cocktail_3_dynamic_model/lib/python3.12/site-packages/pandas/io/parsers/base_parser.py"", line 191>, callcount=3630, reccallcount=0, totaltime=0.043327749000000006, inlinetime=0.007933224000000001), _lsprof.profiler_subentry(code=<code object _set_noconvert_columns at 0x7eae66be9030, file ""/home/adityamoger/anaconda3/envs/cocktail_3_dynamic_model/lib/python3.12/site-packages/pandas/io/parsers/c_parser_wrapper.py"", line 201>, callcount=3630, reccallcount=0, totaltime=0.014698116, inlinetime=0.007555310000000001), _lsprof.profiler_subentry(code=<code object _has_complex_date_col at 0x7eae66a2d3b0, file ""/home/adityamoger/anaconda3/envs/cocktail_3_dynamic_model/lib/python3.12/site-packages/pandas/io/parsers/base_parser.py"", line 255>, callcount=3630, reccallcount=0, totaltime=0.001888218, inlinetime=0.0012883430000000002), _lsprof.profiler_subentry(code=""<method 'get' of 'dict' objects>"", callcount=3630, reccallcount=0, totaltime=0.000304885, inlinetime=0.000304885), _lsprof.profiler_subentry(code=""<method 'copy' of 'dict' objects>"", callcount=3630, reccallcount=0, totaltime=0.0013871110000000001, inlinetime=0.0013871110000000001)]"
217,"<code object read at 0x558964a218b0, file ""/home/adityamoger/anaconda3/envs/cocktail_3_dynamic_model/lib/python3.12/site-packages/pandas/io/parsers/c_parser_wrapper.py"", line 222>",3630,0,0.29563182800000004,0.171442894,"[_lsprof.profiler_subentry(code=<code object getstate at 0x55893d5a9380, file ""<frozen codecs>"", line 331>, callcount=3630, reccallcount=0, totaltime=0.00040132000000000004, inlinetime=0.00040132000000000004), _lsprof.profiler_subentry(code=<code object decode at 0x55893d5a9560, file ""<frozen codecs>"", line 319>, callcount=3630, reccallcount=0, totaltime=0.002550297, inlinetime=0.0018522360000000002), _lsprof.profiler_subentry(code='<built-in method builtins.sorted>', callcount=3630, reccallcount=0, totaltime=0.0030988920000000002, inlinetime=0.0030988920000000002), _lsprof.profiler_subentry(code=<code object _concatenate_chunks at 0x558964a22860, file ""/home/adityamoger/anaconda3/envs/cocktail_3_dynamic_model/lib/python3.12/site-packages/pandas/io/parsers/c_parser_wrapper.py"", line 355>, callcount=3630, reccallcount=0, totaltime=0.064115699, inlinetime=0.025392297), _lsprof.profiler_subentry(code=<code object is_potential_multi_index at 0x7eae670f01a0, file ""/home/adityamoger/anaconda3/envs/cocktail_3_dynamic_model/lib/python3.12/site-packages/pandas/io/common.py"", line 1204>, callcount=3630, reccallcount=0, totaltime=0.017856978000000003, inlinetime=0.007080663), _lsprof.profiler_subentry(code=<code object dedup_names at 0x7eae675472f0, file ""/home/adityamoger/anaconda3/envs/cocktail_3_dynamic_model/lib/python3.12/site-packages/pandas/io/common.py"", line 1233>, callcount=3630, reccallcount=0, totaltime=0.009124932, inlinetime=0.009124932), _lsprof.profiler_subentry(code=<code object _check_data_length at 0x5589649d15c0, file ""/home/adityamoger/anaconda3/envs/cocktail_3_dynamic_model/lib/python3.12/site-packages/pandas/io/parsers/base_parser.py"", line 902>, callcount=3630, reccallcount=0, totaltime=0.002107802, inlinetime=0.001529491), _lsprof.profiler_subentry(code=<code object _do_date_conversions at 0x7eae66bf9f70, file ""/home/adityamoger/anaconda3/envs/cocktail_3_dynamic_model/lib/python3.12/site-packages/pandas/io/parsers/base_parser.py"", line 880>, callcount=3630, reccallcount=0, totaltime=0.007615192000000001, inlinetime=0.004050161), _lsprof.profiler_subentry(code=<code object _make_index at 0x558964a16a20, file ""/home/adityamoger/anaconda3/envs/cocktail_3_dynamic_model/lib/python3.12/site-packages/pandas/io/parsers/base_parser.py"", line 362>, callcount=3630, reccallcount=0, totaltime=0.016618158, inlinetime=0.0031045440000000003), _lsprof.profiler_subentry(code=""<method 'items' of 'dict' objects>"", callcount=3630, reccallcount=0, totaltime=0.000699664, inlinetime=0.000699664)]"
218,"<code object _concatenate_chunks at 0x558964a22860, file ""/home/adityamoger/anaconda3/envs/cocktail_3_dynamic_model/lib/python3.12/site-packages/pandas/io/parsers/c_parser_wrapper.py"", line 355>",3630,0,0.064115699,0.025392297,"[_lsprof.profiler_subentry(code=""<method 'pop' of 'dict' objects>"", callcount=10890, reccallcount=0, totaltime=0.001950066, inlinetime=0.001950066), _lsprof.profiler_subentry(code=""<method 'keys' of 'dict' objects>"", callcount=3630, reccallcount=0, totaltime=0.000906263, inlinetime=0.000906263), _lsprof.profiler_subentry(code=""<method 'pop' of 'set' objects>"", callcount=10890, reccallcount=0, totaltime=0.001963549, inlinetime=0.001963549), _lsprof.profiler_subentry(code=<code object concat_compat at 0x5589644874b0, file ""/home/adityamoger/anaconda3/envs/cocktail_3_dynamic_model/lib/python3.12/site-packages/pandas/core/dtypes/concat.py"", line 52>, callcount=10890, reccallcount=0, totaltime=0.030405636000000003, inlinetime=0.026860342000000002), _lsprof.profiler_subentry(code='<built-in method builtins.isinstance>', callcount=21780, reccallcount=0, totaltime=0.002242574, inlinetime=0.002242574), _lsprof.profiler_subentry(code='<built-in method builtins.len>', callcount=10890, reccallcount=0, totaltime=0.001255314, inlinetime=0.001255314)]"
219,"<code object ensure_dtype_objs at 0x558964a22c10, file ""/home/adityamoger/anaconda3/envs/cocktail_3_dynamic_model/lib/python3.12/site-packages/pandas/io/parsers/c_parser_wrapper.py"", line 392>",3630,0,0.002472527,0.001720612,"[_lsprof.profiler_subentry(code='<built-in method builtins.isinstance>', callcount=7260, reccallcount=0, totaltime=0.000751915, inlinetime=0.000751915)]"
220,"<code object _clean_options at 0x558964a29730, file ""/home/adityamoger/anaconda3/envs/cocktail_3_dynamic_model/lib/python3.12/site-packages/pandas/io/parsers/readers.py"", line 1685>",3630,0,0.032049037,0.019395835,"[_lsprof.profiler_subentry(code='<built-in method sys.getfilesystemencoding>', callcount=3630, reccallcount=0, totaltime=0.001531292, inlinetime=0.001531292), _lsprof.profiler_subentry(code='<built-in method builtins.ord>', callcount=3630, reccallcount=0, totaltime=0.000614918, inlinetime=0.000614918), _lsprof.profiler_subentry(code=""<method 'encode' of 'str' objects>"", callcount=3630, reccallcount=0, totaltime=0.001446921, inlinetime=0.001446921), _lsprof.profiler_subentry(code=<code object validate_header_arg at 0x5589647b8910, file ""/home/adityamoger/anaconda3/envs/cocktail_3_dynamic_model/lib/python3.12/site-packages/pandas/io/common.py"", line 207>, callcount=3630, reccallcount=0, totaltime=0.0034546470000000004, inlinetime=0.0030922130000000003), _lsprof.profiler_subentry(code=<code object is_index_col at 0x7eae66be24f0, file ""/home/adityamoger/anaconda3/envs/cocktail_3_dynamic_model/lib/python3.12/site-packages/pandas/io/parsers/base_parser.py"", line 1461>, callcount=3630, reccallcount=0, totaltime=0.000527124, inlinetime=0.000527124), _lsprof.profiler_subentry(code=<code object _clean_na_values at 0x55896499db50, file ""/home/adityamoger/anaconda3/envs/cocktail_3_dynamic_model/lib/python3.12/site-packages/pandas/io/parsers/readers.py"", line 2056>, callcount=3630, reccallcount=0, totaltime=0.0017444650000000002, inlinetime=0.0017444650000000002), _lsprof.profiler_subentry(code='<built-in method builtins.isinstance>', callcount=3630, reccallcount=0, totaltime=0.0005165850000000001, inlinetime=0.0005165850000000001), _lsprof.profiler_subentry(code='<built-in method builtins.len>', callcount=10890, reccallcount=0, totaltime=0.001384175, inlinetime=0.001384175), _lsprof.profiler_subentry(code=""<method 'copy' of 'dict' objects>"", callcount=3630, reccallcount=0, totaltime=0.001433075, inlinetime=0.001433075)]"
221,"<code object read at 0x558964a2a920, file ""/home/adityamoger/anaconda3/envs/cocktail_3_dynamic_model/lib/python3.12/site-packages/pandas/io/parsers/readers.py"", line 1907>",3630,0,1.9578513540000002,0.022515312000000003,"[_lsprof.profiler_subentry(code=<code object read at 0x558964a218b0, file ""/home/adityamoger/anaconda3/envs/cocktail_3_dynamic_model/lib/python3.12/site-packages/pandas/io/parsers/c_parser_wrapper.py"", line 222>, callcount=3630, reccallcount=0, totaltime=0.29563182800000004, inlinetime=0.171442894), _lsprof.profiler_subentry(code='<built-in method builtins.iter>', callcount=3630, reccallcount=0, totaltime=0.000578004, inlinetime=0.000578004), _lsprof.profiler_subentry(code=""<method 'values' of 'dict' objects>"", callcount=3630, reccallcount=0, totaltime=0.000724235, inlinetime=0.000724235), _lsprof.profiler_subentry(code='<built-in method builtins.next>', callcount=3630, reccallcount=0, totaltime=0.0006506340000000001, inlinetime=0.0006506340000000001), _lsprof.profiler_subentry(code=<code object __new__ at 0x558964742b00, file ""/home/adityamoger/anaconda3/envs/cocktail_3_dynamic_model/lib/python3.12/site-packages/pandas/core/indexes/range.py"", line 137>, callcount=3630, reccallcount=0, totaltime=0.038895003000000004, inlinetime=0.013114339000000001), _lsprof.profiler_subentry(code=<code object __init__ at 0x5589645da370, file ""/home/adityamoger/anaconda3/envs/cocktail_3_dynamic_model/lib/python3.12/site-packages/pandas/core/frame.py"", line 694>, callcount=3630, reccallcount=0, totaltime=1.5931154220000001, inlinetime=0.018030191), _lsprof.profiler_subentry(code='<built-in method builtins.hasattr>', callcount=3630, reccallcount=0, totaltime=0.0022934070000000003, inlinetime=0.0022934070000000003), _lsprof.profiler_subentry(code='<built-in method builtins.isinstance>', callcount=3630, reccallcount=0, totaltime=0.00045378700000000004, inlinetime=0.00045378700000000004), _lsprof.profiler_subentry(code=<code object using_copy_on_write at 0x7eae70c23930, file ""/home/adityamoger/anaconda3/envs/cocktail_3_dynamic_model/lib/python3.12/site-packages/pandas/_config/__init__.py"", line 34>, callcount=3630, reccallcount=0, totaltime=0.001434252, inlinetime=0.001434252), _lsprof.profiler_subentry(code=""<method 'get' of 'dict' objects>"", callcount=3630, reccallcount=0, totaltime=0.0006857320000000001, inlinetime=0.0006857320000000001), _lsprof.profiler_subentry(code='<built-in method builtins.len>', callcount=3630, reccallcount=0, totaltime=0.000488288, inlinetime=0.000488288), _lsprof.profiler_subentry(code=<code object validate_integer at 0x7eae66a2c510, file ""/home/adityamoger/anaconda3/envs/cocktail_3_dynamic_model/lib/python3.12/site-packages/pandas/io/parsers/readers.py"", line 527>, callcount=3630, reccallcount=0, totaltime=0.00038545, inlinetime=0.00038545)]"
222,"<code object _process_date_conversion at 0x558964a362c0, file ""/home/adityamoger/anaconda3/envs/cocktail_3_dynamic_model/lib/python3.12/site-packages/pandas/io/parsers/base_parser.py"", line 1283>",3630,0,0.003565031,0.003300195,"[_lsprof.profiler_subentry(code='<built-in method builtins.isinstance>', callcount=3630, reccallcount=0, totaltime=0.000264836, inlinetime=0.000264836)]"
223,"<code object update at 0x558964ab5960, file ""/home/adityamoger/Documents/GitHub/dynamic_model_of_cocktail_party_nightmare/dynamic_model/agents/sounds.py"", line 52>",1464975,0,31.584040464,2.448147489,"[_lsprof.profiler_subentry(code=<code object __getitem__ at 0x55896466c320, file ""/home/adityamoger/anaconda3/envs/cocktail_3_dynamic_model/lib/python3.12/site-packages/pandas/core/frame.py"", line 4067>, callcount=1463711, reccallcount=0, totaltime=5.128431365, inlinetime=1.84007271), _lsprof.profiler_subentry(code=<code object __getitem__ at 0x5589648cf400, file ""/home/adityamoger/anaconda3/envs/cocktail_3_dynamic_model/lib/python3.12/site-packages/pandas/core/series.py"", line 1104>, callcount=1463711, reccallcount=0, totaltime=4.276263607000001, inlinetime=1.278236925), _lsprof.profiler_subentry(code='<built-in method math.log10>', callcount=1463711, reccallcount=0, totaltime=0.18586513400000002, inlinetime=0.18586513400000002), _lsprof.profiler_subentry(code=<code object check_if_sound_outside_arena at 0x7eae668756b0, file ""/home/adityamoger/Documents/GitHub/dynamic_model_of_cocktail_party_nightmare/dynamic_model/agents/sounds.py"", line 122>, callcount=1464975, reccallcount=0, totaltime=19.545332869000003, inlinetime=1.361833705)]"
224,"<code object update at 0x558964ad8990, file ""/home/adityamoger/Documents/GitHub/dynamic_model_of_cocktail_party_nightmare/dynamic_model/agents/bats.py"", line 102>",450000,0,48.581628654000006,0.55266917,"[_lsprof.profiler_subentry(code=<code object _round_dispatcher at 0x7eaea4dba3f0, file ""/home/adityamoger/anaconda3/envs/cocktail_3_dynamic_model/lib/python3.12/site-packages/numpy/_core/fromnumeric.py"", line 3613>, callcount=450000, reccallcount=0, totaltime=0.041824505000000005, inlinetime=0.041824505000000005), _lsprof.profiler_subentry(code=<code object round at 0x7eaea72d6250, file ""/home/adityamoger/anaconda3/envs/cocktail_3_dynamic_model/lib/python3.12/site-packages/numpy/_core/fromnumeric.py"", line 3617>, callcount=450000, reccallcount=0, totaltime=1.6045972510000002, inlinetime=0.179319159), _lsprof.profiler_subentry(code=<code object update_movement at 0x558964aea500, file ""/home/adityamoger/Documents/GitHub/dynamic_model_of_cocktail_party_nightmare/dynamic_model/agents/bats.py"", line 132>, callcount=50000, reccallcount=0, totaltime=1.355615672, inlinetime=0.142949403), _lsprof.profiler_subentry(code=""<method 'append' of 'list' objects>"", callcount=50000, reccallcount=0, totaltime=0.008617832, inlinetime=0.008617832), _lsprof.profiler_subentry(code=<code object emit_sounds at 0x558963d8bec0, file ""/home/adityamoger/Documents/GitHub/dynamic_model_of_cocktail_party_nightmare/dynamic_model/agents/bats.py"", line 155>, callcount=450000, reccallcount=0, totaltime=4.377617743, inlinetime=0.8002089800000001), _lsprof.profiler_subentry(code=<code object update_directon at 0x558964aede00, file ""/home/adityamoger/Documents/GitHub/dynamic_model_of_cocktail_party_nightmare/dynamic_model/agents/bats.py"", line 405>, callcount=50000, reccallcount=0, totaltime=25.927924156000003, inlinetime=0.169579519), _lsprof.profiler_subentry(code=<code object cleanup_sounds at 0x558963dd8030, file ""/home/adityamoger/Documents/GitHub/dynamic_model_of_cocktail_party_nightmare/dynamic_model/agents/bats.py"", line 306>, callcount=50000, reccallcount=0, totaltime=0.012005276, inlinetime=0.012005276), _lsprof.profiler_subentry(code=<code object detect_sounds at 0x7eae66888c70, file ""/home/adityamoger/Documents/GitHub/dynamic_model_of_cocktail_party_nightmare/dynamic_model/agents/bats.py"", line 287>, callcount=50000, reccallcount=0, totaltime=14.700757049000002, inlinetime=0.056955401)]"
225,"<code object given_time_and_angle_return_direction at 0x558964ada320, file ""/home/adityamoger/Documents/GitHub/dynamic_model_of_cocktail_party_nightmare/dynamic_model/supporting_files/supporting_functions_for_consistency.py"", line 221>",357,0,0.020227079000000002,0.004092087,"[_lsprof.profiler_subentry(code=<code object rotate at 0x7eae66a71960, file ""/home/adityamoger/Documents/GitHub/dynamic_model_of_cocktail_party_nightmare/dynamic_model/supporting_files/vectors.py"", line 111>, callcount=357, reccallcount=0, totaltime=0.000992016, inlinetime=0.0005808860000000001), _lsprof.profiler_subentry(code=<code object __getitem__ at 0x55896466c320, file ""/home/adityamoger/anaconda3/envs/cocktail_3_dynamic_model/lib/python3.12/site-packages/pandas/core/frame.py"", line 4067>, callcount=1785, reccallcount=0, totaltime=0.007364573, inlinetime=0.002635806), _lsprof.profiler_subentry(code=<code object __getitem__ at 0x5589648cf400, file ""/home/adityamoger/anaconda3/envs/cocktail_3_dynamic_model/lib/python3.12/site-packages/pandas/core/series.py"", line 1104>, callcount=1785, reccallcount=0, totaltime=0.006168448, inlinetime=0.0019297350000000001), _lsprof.profiler_subentry(code=<code object normalize at 0x7eae668dc570, file ""/home/adityamoger/Documents/GitHub/dynamic_model_of_cocktail_party_nightmare/dynamic_model/supporting_files/vectors.py"", line 43>, callcount=357, reccallcount=0, totaltime=0.0008440460000000001, inlinetime=0.000416419), _lsprof.profiler_subentry(code=<code object angle_between at 0x7eae66a5a9e0, file ""/home/adityamoger/Documents/GitHub/dynamic_model_of_cocktail_party_nightmare/dynamic_model/supporting_files/vectors.py"", line 65>, callcount=357, reccallcount=0, totaltime=0.0007659090000000001, inlinetime=0.000490581)]"
226,"<code object given_sound_objects_return_sounds_at_bat_position at 0x558964ada8a0, file ""/home/adityamoger/Documents/GitHub/dynamic_model_of_cocktail_party_nightmare/dynamic_model/agents/bats.py"", line 231>",100000,0,29.282450235000002,1.009482421,"[_lsprof.profiler_subentry(code=<code object __getitem__ at 0x55896466c320, file ""/home/adityamoger/anaconda3/envs/cocktail_3_dynamic_model/lib/python3.12/site-packages/pandas/core/frame.py"", line 4067>, callcount=217224, reccallcount=0, totaltime=0.7711089120000001, inlinetime=0.27534419600000004), _lsprof.profiler_subentry(code='<built-in method builtins.isinstance>', callcount=73910, reccallcount=0, totaltime=0.005933706, inlinetime=0.005933706), _lsprof.profiler_subentry(code=<code object __getitem__ at 0x5589648cf400, file ""/home/adityamoger/anaconda3/envs/cocktail_3_dynamic_model/lib/python3.12/site-packages/pandas/core/series.py"", line 1104>, callcount=217224, reccallcount=0, totaltime=0.6324595860000001, inlinetime=0.18918858500000002), _lsprof.profiler_subentry(code=""<method 'append' of 'list' objects>"", callcount=108612, reccallcount=0, totaltime=0.020854551000000002, inlinetime=0.020854551000000002), _lsprof.profiler_subentry(code=<code object angle_between at 0x7eae66a5a9e0, file ""/home/adityamoger/Documents/GitHub/dynamic_model_of_cocktail_party_nightmare/dynamic_model/supporting_files/vectors.py"", line 65>, callcount=108612, reccallcount=0, totaltime=0.14186368200000002, inlinetime=0.091004795), _lsprof.profiler_subentry(code=<code object contains_point at 0x7eae66ad62b0, file ""/home/adityamoger/Documents/GitHub/dynamic_model_of_cocktail_party_nightmare/dynamic_model/agents/sounds.py"", line 76>, callcount=723626, reccallcount=0, totaltime=3.2802530040000004, inlinetime=0.453064454), _lsprof.profiler_subentry(code=<code object update at 0x558964ab5960, file ""/home/adityamoger/Documents/GitHub/dynamic_model_of_cocktail_party_nightmare/dynamic_model/agents/sounds.py"", line 52>, callcount=955080, reccallcount=0, totaltime=20.530535853, inlinetime=1.5543020570000001), _lsprof.profiler_subentry(code=<code object call_directionality_factor at 0x7eae66847ab0, file ""/home/adityamoger/Documents/GitHub/dynamic_model_of_cocktail_party_nightmare/dynamic_model/supporting_files/utilities.py"", line 60>, callcount=108612, reccallcount=0, totaltime=0.10829741200000001, inlinetime=0.10829741200000001), _lsprof.profiler_subentry(code=<code object spl_at_receiver at 0x558964b12760, file ""/home/adityamoger/Documents/GitHub/dynamic_model_of_cocktail_party_nightmare/dynamic_model/agents/sounds.py"", line 98>, callcount=108612, reccallcount=0, totaltime=2.307085766, inlinetime=0.34912711700000004), _lsprof.profiler_subentry(code=<code object convert_sound_to_dictionary at 0x558964a18930, file ""/home/adityamoger/Documents/GitHub/dynamic_model_of_cocktail_party_nightmare/dynamic_model/agents/bats.py"", line 191>, callcount=108612, reccallcount=0, totaltime=0.474575342, inlinetime=0.196395603)]"
227,"<code object create_total_masking_profile at 0x558964adb150, file ""/home/adityamoger/Documents/GitHub/dynamic_model_of_cocktail_party_nightmare/dynamic_model/supporting_files/snr_implementation.py"", line 212>",599,0,0.07318967,0.022829189,"[_lsprof.profiler_subentry(code='<built-in method builtins.len>', callcount=599, reccallcount=0, totaltime=0.00018063200000000001, inlinetime=0.00018063200000000001), _lsprof.profiler_subentry(code=<code object _round_dispatcher at 0x7eaea4dba3f0, file ""/home/adityamoger/anaconda3/envs/cocktail_3_dynamic_model/lib/python3.12/site-packages/numpy/_core/fromnumeric.py"", line 3613>, callcount=4196, reccallcount=0, totaltime=0.000381376, inlinetime=0.000381376), _lsprof.profiler_subentry(code=<code object round at 0x7eaea72d6250, file ""/home/adityamoger/anaconda3/envs/cocktail_3_dynamic_model/lib/python3.12/site-packages/numpy/_core/fromnumeric.py"", line 3617>, callcount=4196, reccallcount=0, totaltime=0.016527821, inlinetime=0.001719912), _lsprof.profiler_subentry(code=<code object _max_dispatcher at 0x7eaea4db9f10, file ""/home/adityamoger/anaconda3/envs/cocktail_3_dynamic_model/lib/python3.12/site-packages/numpy/_core/fromnumeric.py"", line 3046>, callcount=599, reccallcount=0, totaltime=8.08e-05, inlinetime=8.08e-05), _lsprof.profiler_subentry(code=<code object max at 0x7eaea72c1460, file ""/home/adityamoger/anaconda3/envs/cocktail_3_dynamic_model/lib/python3.12/site-packages/numpy/_core/fromnumeric.py"", line 3051>, callcount=599, reccallcount=0, totaltime=0.01206595, inlinetime=0.001244485), _lsprof.profiler_subentry(code='<built-in method numpy.arange>', callcount=599, reccallcount=0, totaltime=0.002167375, inlinetime=0.002167375), _lsprof.profiler_subentry(code='<built-in method numpy.zeros>', callcount=599, reccallcount=0, totaltime=0.000848436, inlinetime=0.000848436), _lsprof.profiler_subentry(code='<built-in method numpy.array>', callcount=599, reccallcount=0, totaltime=0.000410229, inlinetime=0.000410229), _lsprof.profiler_subentry(code=""<method 'copy' of 'numpy.ndarray' objects>"", callcount=599, reccallcount=0, totaltime=0.0010246110000000001, inlinetime=0.0010246110000000001), _lsprof.profiler_subentry(code=<code object where at 0x7eaea72628d0, file ""/home/adityamoger/anaconda3/envs/cocktail_3_dynamic_model/lib/python3.12/site-packages/numpy/_core/multiarray.py"", line 391>, callcount=3597, reccallcount=0, totaltime=0.00041384, inlinetime=0.00041384), _lsprof.profiler_subentry(code=<code object find_sum_of_db at 0x7eae6687da50, file ""/home/adityamoger/Documents/GitHub/dynamic_model_of_cocktail_party_nightmare/dynamic_model/supporting_files/snr_implementation.py"", line 151>, callcount=1585, reccallcount=0, totaltime=0.016259411, inlinetime=0.010745628)]"
228,"<code object given_matrix_shortlist_response_cells at 0x558964ae08a0, file ""/home/adityamoger/Documents/GitHub/dynamic_model_of_cocktail_party_nightmare/dynamic_model/supporting_files/supporting_functions_for_consistency.py"", line 29>",632,0,0.014246817,0.010880555,"[_lsprof.profiler_subentry(code=<code object empty_like at 0x7eaea7262730, file ""/home/adityamoger/anaconda3/envs/cocktail_3_dynamic_model/lib/python3.12/site-packages/numpy/_core/multiarray.py"", line 115>, callcount=357, reccallcount=0, totaltime=4.9567e-05, inlinetime=4.9567e-05), _lsprof.profiler_subentry(code='<built-in method builtins.len>', callcount=632, reccallcount=0, totaltime=9.131800000000001e-05, inlinetime=9.131800000000001e-05), _lsprof.profiler_subentry(code=""<method 'append' of 'list' objects>"", callcount=2366, reccallcount=0, totaltime=0.00035646200000000004, inlinetime=0.00035646200000000004), _lsprof.profiler_subentry(code='<built-in method numpy.array>', callcount=1896, reccallcount=0, totaltime=0.0013282810000000002, inlinetime=0.0013282810000000002), _lsprof.profiler_subentry(code=<code object _min_dispatcher at 0x7eaea4db9fe0, file ""/home/adityamoger/anaconda3/envs/cocktail_3_dynamic_model/lib/python3.12/site-packages/numpy/_core/fromnumeric.py"", line 3184>, callcount=357, reccallcount=0, totaltime=4.4534000000000004e-05, inlinetime=4.4534000000000004e-05), _lsprof.profiler_subentry(code=<code object min at 0x7eaea72c1680, file ""/home/adityamoger/anaconda3/envs/cocktail_3_dynamic_model/lib/python3.12/site-packages/numpy/_core/fromnumeric.py"", line 3189>, callcount=357, reccallcount=0, totaltime=0.0014961, inlinetime=0.00030932400000000004)]"
229,"<code object convert_detected_sounds_into_grids at 0x558964ae1820, file ""/home/adityamoger/Documents/GitHub/dynamic_model_of_cocktail_party_nightmare/dynamic_model/supporting_files/supporting_functions_for_consistency.py"", line 165>",632,0,0.059414034000000004,0.010467227,"[_lsprof.profiler_subentry(code=""<method 'all' of 'numpy.ndarray' objects>"", callcount=599, reccallcount=0, totaltime=0.0018225510000000002, inlinetime=0.000330408), _lsprof.profiler_subentry(code='<built-in method _bisect.bisect_right>', callcount=3630, reccallcount=0, totaltime=0.0014648530000000001, inlinetime=0.0014648530000000001), _lsprof.profiler_subentry(code=<code object str2bool at 0x7eae668e06c0, file ""/home/adityamoger/Documents/GitHub/dynamic_model_of_cocktail_party_nightmare/dynamic_model/supporting_files/utilities.py"", line 124>, callcount=632, reccallcount=0, totaltime=0.000562924, inlinetime=0.00039661300000000003), _lsprof.profiler_subentry(code=<code object convert_matrix_to_one_hot at 0x7eae66ad6730, file ""/home/adityamoger/Documents/GitHub/dynamic_model_of_cocktail_party_nightmare/dynamic_model/supporting_files/supporting_functions_for_consistency.py"", line 7>, callcount=599, reccallcount=0, totaltime=0.007107895, inlinetime=0.006744522), _lsprof.profiler_subentry(code=<code object __getitem__ at 0x55896466c320, file ""/home/adityamoger/anaconda3/envs/cocktail_3_dynamic_model/lib/python3.12/site-packages/pandas/core/frame.py"", line 4067>, callcount=3792, reccallcount=0, totaltime=0.015042860000000002, inlinetime=0.005461626000000001), _lsprof.profiler_subentry(code='<built-in method builtins.len>', callcount=1896, reccallcount=0, totaltime=0.00023798200000000003, inlinetime=0.00023798200000000003), _lsprof.profiler_subentry(code=<code object __getitem__ at 0x5589648cf400, file ""/home/adityamoger/anaconda3/envs/cocktail_3_dynamic_model/lib/python3.12/site-packages/pandas/core/series.py"", line 1104>, callcount=3792, reccallcount=0, totaltime=0.013500973000000001, inlinetime=0.004336157), _lsprof.profiler_subentry(code=<code object angle_between at 0x7eae66a5a9e0, file ""/home/adityamoger/Documents/GitHub/dynamic_model_of_cocktail_party_nightmare/dynamic_model/supporting_files/vectors.py"", line 65>, callcount=1815, reccallcount=0, totaltime=0.003974748, inlinetime=0.0022909690000000003), _lsprof.profiler_subentry(code='<built-in method numpy.arange>', callcount=1264, reccallcount=0, totaltime=0.002595378, inlinetime=0.002595378), _lsprof.profiler_subentry(code='<built-in method numpy.zeros>', callcount=632, reccallcount=0, totaltime=0.000605037, inlinetime=0.000605037), _lsprof.profiler_subentry(code='<built-in method numpy.array>', callcount=1815, reccallcount=0, totaltime=0.00112067, inlinetime=0.00112067), _lsprof.profiler_subentry(code=""<method 'copy' of 'numpy.ndarray' objects>"", callcount=1231, reccallcount=0, totaltime=0.0009109360000000001, inlinetime=0.0009109360000000001)]"
230,"<code object serialize_sound_info at 0x558964ae1ee0, file ""/home/adityamoger/Documents/GitHub/dynamic_model_of_cocktail_party_nightmare/dynamic_model/supporting_files/snr_implementation.py"", line 72>",599,0,0.074930522,0.016376119,"[_lsprof.profiler_subentry(code=<code object _round_dispatcher at 0x7eaea4dba3f0, file ""/home/adityamoger/anaconda3/envs/cocktail_3_dynamic_model/lib/python3.12/site-packages/numpy/_core/fromnumeric.py"", line 3613>, callcount=5445, reccallcount=0, totaltime=0.000407591, inlinetime=0.000407591), _lsprof.profiler_subentry(code=<code object round at 0x7eaea72d6250, file ""/home/adityamoger/anaconda3/envs/cocktail_3_dynamic_model/lib/python3.12/site-packages/numpy/_core/fromnumeric.py"", line 3617>, callcount=5445, reccallcount=0, totaltime=0.015254823, inlinetime=0.0017825410000000001), _lsprof.profiler_subentry(code=""<method 'append' of 'list' objects>"", callcount=12156, reccallcount=0, totaltime=0.0013114560000000001, inlinetime=0.0013114560000000001), _lsprof.profiler_subentry(code=<code object _max_dispatcher at 0x7eaea4db9f10, file ""/home/adityamoger/anaconda3/envs/cocktail_3_dynamic_model/lib/python3.12/site-packages/numpy/_core/fromnumeric.py"", line 3046>, callcount=1815, reccallcount=0, totaltime=0.000162429, inlinetime=0.000162429), _lsprof.profiler_subentry(code=<code object max at 0x7eaea72c1460, file ""/home/adityamoger/anaconda3/envs/cocktail_3_dynamic_model/lib/python3.12/site-packages/numpy/_core/fromnumeric.py"", line 3051>, callcount=1815, reccallcount=0, totaltime=0.005512366, inlinetime=0.000985205), _lsprof.profiler_subentry(code=""<method 'index' of 'list' objects>"", callcount=2842, reccallcount=0, totaltime=0.0018069750000000002, inlinetime=0.001055574), _lsprof.profiler_subentry(code=<code object __eq__ at 0x7eaea790d6b0, file ""/home/adityamoger/anaconda3/envs/cocktail_3_dynamic_model/lib/python3.12/uuid.py"", line 240>, callcount=5576, reccallcount=0, totaltime=0.001207186, inlinetime=0.0008670840000000001), _lsprof.profiler_subentry(code=<code object _mean_dispatcher at 0x7eaea4dba4c0, file ""/home/adityamoger/anaconda3/envs/cocktail_3_dynamic_model/lib/python3.12/site-packages/numpy/_core/fromnumeric.py"", line 3729>, callcount=1815, reccallcount=0, totaltime=0.00018488600000000002, inlinetime=0.00018488600000000002), _lsprof.profiler_subentry(code=<code object mean at 0x7eaea72a3690, file ""/home/adityamoger/anaconda3/envs/cocktail_3_dynamic_model/lib/python3.12/site-packages/numpy/_core/fromnumeric.py"", line 3734>, callcount=1815, reccallcount=0, totaltime=0.019976652, inlinetime=0.003610569), _lsprof.profiler_subentry(code=<code object _min_dispatcher at 0x7eaea4db9fe0, file ""/home/adityamoger/anaconda3/envs/cocktail_3_dynamic_model/lib/python3.12/site-packages/numpy/_core/fromnumeric.py"", line 3184>, callcount=3630, reccallcount=0, totaltime=0.00031760500000000005, inlinetime=0.00031760500000000005), _lsprof.profiler_subentry(code=<code object min at 0x7eaea72c1680, file ""/home/adityamoger/anaconda3/envs/cocktail_3_dynamic_model/lib/python3.12/site-packages/numpy/_core/fromnumeric.py"", line 3189>, callcount=3630, reccallcount=0, totaltime=0.012412434, inlinetime=0.002181431)]"
231,"<code object update_movement at 0x558964aea500, file ""/home/adityamoger/Documents/GitHub/dynamic_model_of_cocktail_party_nightmare/dynamic_model/agents/bats.py"", line 132>",50000,0,1.355615672,0.142949403,"[_lsprof.profiler_subentry(code=<code object __getitem__ at 0x55896466c320, file ""/home/adityamoger/anaconda3/envs/cocktail_3_dynamic_model/lib/python3.12/site-packages/pandas/core/frame.py"", line 4067>, callcount=149995, reccallcount=0, totaltime=0.5463951, inlinetime=0.20811737700000002), _lsprof.profiler_subentry(code=<code object __getitem__ at 0x5589648cf400, file ""/home/adityamoger/anaconda3/envs/cocktail_3_dynamic_model/lib/python3.12/site-packages/pandas/core/series.py"", line 1104>, callcount=149995, reccallcount=0, totaltime=0.451085169, inlinetime=0.13859222100000002), _lsprof.profiler_subentry(code=<code object __mul__ at 0x7eae6688d9b0, file ""/home/adityamoger/Documents/GitHub/dynamic_model_of_cocktail_party_nightmare/dynamic_model/supporting_files/vectors.py"", line 18>, callcount=100000, reccallcount=0, totaltime=0.18720577700000002, inlinetime=0.173025961), _lsprof.profiler_subentry(code=<code object __add__ at 0x7eae66875bb0, file ""/home/adityamoger/Documents/GitHub/dynamic_model_of_cocktail_party_nightmare/dynamic_model/supporting_files/vectors.py"", line 12>, callcount=50000, reccallcount=0, totaltime=0.027980223000000002, inlinetime=0.023940459)]"
232,"<code object create_echo at 0x558964aed4c0, file ""/home/adityamoger/Documents/GitHub/dynamic_model_of_cocktail_party_nightmare/dynamic_model/agents/sounds.py"", line 174>",32987,0,2.254541832,0.255865699,"[_lsprof.profiler_subentry(code=<code object __getitem__ at 0x55896466c320, file ""/home/adityamoger/anaconda3/envs/cocktail_3_dynamic_model/lib/python3.12/site-packages/pandas/core/frame.py"", line 4067>, callcount=131948, reccallcount=0, totaltime=0.48783324100000003, inlinetime=0.171945816), _lsprof.profiler_subentry(code=<code object __getitem__ at 0x5589648cf400, file ""/home/adityamoger/anaconda3/envs/cocktail_3_dynamic_model/lib/python3.12/site-packages/pandas/core/series.py"", line 1104>, callcount=131948, reccallcount=0, totaltime=0.408909214, inlinetime=0.123627286), _lsprof.profiler_subentry(code=<code object angle_between at 0x7eae66a5a9e0, file ""/home/adityamoger/Documents/GitHub/dynamic_model_of_cocktail_party_nightmare/dynamic_model/supporting_files/vectors.py"", line 65>, callcount=32987, reccallcount=0, totaltime=0.054908132000000005, inlinetime=0.033617394), _lsprof.profiler_subentry(code=<code object __init__ at 0x5589642ea070, file ""/home/adityamoger/Documents/GitHub/dynamic_model_of_cocktail_party_nightmare/dynamic_model/agents/sounds.py"", line 13>, callcount=32987, reccallcount=0, totaltime=0.93462248, inlinetime=0.075042577), _lsprof.profiler_subentry(code=<code object distance_to at 0x7eae668e08a0, file ""/home/adityamoger/Documents/GitHub/dynamic_model_of_cocktail_party_nightmare/dynamic_model/supporting_files/vectors.py"", line 54>, callcount=32987, reccallcount=0, totaltime=0.045715054000000005, inlinetime=0.013923263000000002), _lsprof.profiler_subentry(code='<built-in method math.log10>', callcount=32987, reccallcount=0, totaltime=0.006306865, inlinetime=0.006306865), _lsprof.profiler_subentry(code=<code object call_directionality_factor at 0x7eae66847ab0, file ""/home/adityamoger/Documents/GitHub/dynamic_model_of_cocktail_party_nightmare/dynamic_model/supporting_files/utilities.py"", line 60>, callcount=32987, reccallcount=0, totaltime=0.049885935000000006, inlinetime=0.049885935000000006), _lsprof.profiler_subentry(code=""<method 'update' of 'set' objects>"", callcount=32987, reccallcount=0, totaltime=0.010495212, inlinetime=0.010495212)]"
233,"<code object update_directon at 0x558964aede00, file ""/home/adityamoger/Documents/GitHub/dynamic_model_of_cocktail_party_nightmare/dynamic_model/agents/bats.py"", line 405>",50000,0,25.927924156000003,0.169579519,"[_lsprof.profiler_subentry(code=<code object decide_next_direction at 0x7eae66ad5e30, file ""/home/adityamoger/Documents/GitHub/dynamic_model_of_cocktail_party_nightmare/dynamic_model/agents/bats.py"", line 385>, callcount=632, reccallcount=0, totaltime=0.14168587800000002, inlinetime=0.0013282530000000002), _lsprof.profiler_subentry(code=<code object __getitem__ at 0x55896466c320, file ""/home/adityamoger/anaconda3/envs/cocktail_3_dynamic_model/lib/python3.12/site-packages/pandas/core/frame.py"", line 4067>, callcount=202528, reccallcount=0, totaltime=0.6924901, inlinetime=0.24722718600000002), _lsprof.profiler_subentry(code='<built-in method builtins.len>', callcount=642, reccallcount=0, totaltime=9.961800000000001e-05, inlinetime=9.961800000000001e-05), _lsprof.profiler_subentry(code=<code object __getitem__ at 0x5589648cf400, file ""/home/adityamoger/anaconda3/envs/cocktail_3_dynamic_model/lib/python3.12/site-packages/pandas/core/series.py"", line 1104>, callcount=202528, reccallcount=0, totaltime=0.590549783, inlinetime=0.18021798700000002), _lsprof.profiler_subentry(code=<code object given_sound_objects_return_sounds_at_bat_position at 0x558964ada8a0, file ""/home/adityamoger/Documents/GitHub/dynamic_model_of_cocktail_party_nightmare/dynamic_model/agents/bats.py"", line 231>, callcount=50000, reccallcount=0, totaltime=14.66391181, inlinetime=0.525889589), _lsprof.profiler_subentry(code=""<method 'extend' of 'list' objects>"", callcount=50000, reccallcount=0, totaltime=0.010822825000000001, inlinetime=0.010822825000000001), _lsprof.profiler_subentry(code=<code object rotate_towards_given_degree at 0x7eae6685ea60, file ""/home/adityamoger/Documents/GitHub/dynamic_model_of_cocktail_party_nightmare/dynamic_model/agents/bats.py"", line 489>, callcount=50000, reccallcount=0, totaltime=0.268888899, inlinetime=0.061418202000000005), _lsprof.profiler_subentry(code=<code object normalize at 0x7eae668dc570, file ""/home/adityamoger/Documents/GitHub/dynamic_model_of_cocktail_party_nightmare/dynamic_model/supporting_files/vectors.py"", line 43>, callcount=632, reccallcount=0, totaltime=0.000719771, inlinetime=0.000371337), _lsprof.profiler_subentry(code=<code object given_sound_objects_return_detected_sounds at 0x7eae66851620, file ""/home/adityamoger/Documents/GitHub/dynamic_model_of_cocktail_party_nightmare/dynamic_model/supporting_files/snr_implementation.py"", line 467>, callcount=632, reccallcount=0, totaltime=9.389175953, inlinetime=0.009827675000000001)]"
234,"<code object decide_next_direction_based_on_consistency at 0x558964aefd30, file ""/home/adityamoger/Documents/GitHub/dynamic_model_of_cocktail_party_nightmare/dynamic_model/supporting_files/bats_response_to_sound.py"", line 10>",632,0,0.134271363,0.006429342,"[_lsprof.profiler_subentry(code=<code object convert_detected_sounds_into_grids at 0x558964ae1820, file ""/home/adityamoger/Documents/GitHub/dynamic_model_of_cocktail_party_nightmare/dynamic_model/supporting_files/supporting_functions_for_consistency.py"", line 165>, callcount=632, reccallcount=0, totaltime=0.059414034000000004, inlinetime=0.010467227), _lsprof.profiler_subentry(code=""<method 'copy' of 'list' objects>"", callcount=632, reccallcount=0, totaltime=0.000161588, inlinetime=0.000161588), _lsprof.profiler_subentry(code=<code object _sum_dispatcher at 0x7eaea4db9890, file ""/home/adityamoger/anaconda3/envs/cocktail_3_dynamic_model/lib/python3.12/site-packages/numpy/_core/fromnumeric.py"", line 2332>, callcount=632, reccallcount=0, totaltime=8.8578e-05, inlinetime=8.8578e-05), _lsprof.profiler_subentry(code=<code object sum at 0x7eaea72f7230, file ""/home/adityamoger/anaconda3/envs/cocktail_3_dynamic_model/lib/python3.12/site-packages/numpy/_core/fromnumeric.py"", line 2337>, callcount=632, reccallcount=0, totaltime=0.008011163, inlinetime=0.000996898), _lsprof.profiler_subentry(code=<code object given_matrix_find_cell_to_respond_to_presence at 0x7eae66a5ad80, file ""/home/adityamoger/Documents/GitHub/dynamic_model_of_cocktail_party_nightmare/dynamic_model/supporting_files/supporting_functions_for_consistency.py"", line 66>, callcount=632, reccallcount=0, totaltime=0.021808288000000002, inlinetime=0.002639717), _lsprof.profiler_subentry(code=<code object given_time_and_angle_return_direction at 0x558964ada320, file ""/home/adityamoger/Documents/GitHub/dynamic_model_of_cocktail_party_nightmare/dynamic_model/supporting_files/supporting_functions_for_consistency.py"", line 221>, callcount=357, reccallcount=0, totaltime=0.020227079000000002, inlinetime=0.004092087), _lsprof.profiler_subentry(code=""<method 'pop' of 'list' objects>"", callcount=627, reccallcount=0, totaltime=0.00022138700000000003, inlinetime=0.00022138700000000003), _lsprof.profiler_subentry(code=<code object __getitem__ at 0x55896466c320, file ""/home/adityamoger/anaconda3/envs/cocktail_3_dynamic_model/lib/python3.12/site-packages/pandas/core/frame.py"", line 4067>, callcount=1896, reccallcount=0, totaltime=0.008796316, inlinetime=0.003066006), _lsprof.profiler_subentry(code='<built-in method builtins.len>', callcount=632, reccallcount=0, totaltime=8.1452e-05, inlinetime=8.1452e-05), _lsprof.profiler_subentry(code=<code object __getitem__ at 0x5589648cf400, file ""/home/adityamoger/anaconda3/envs/cocktail_3_dynamic_model/lib/python3.12/site-packages/pandas/core/series.py"", line 1104>, callcount=1896, reccallcount=0, totaltime=0.007424081000000001, inlinetime=0.002469325), _lsprof.profiler_subentry(code=""<method 'append' of 'list' objects>"", callcount=632, reccallcount=0, totaltime=0.000138194, inlinetime=0.000138194), _lsprof.profiler_subentry(code=<code object normalize at 0x7eae668dc570, file ""/home/adityamoger/Documents/GitHub/dynamic_model_of_cocktail_party_nightmare/dynamic_model/supporting_files/vectors.py"", line 43>, callcount=632, reccallcount=0, totaltime=0.001188314, inlinetime=0.000607584), _lsprof.profiler_subentry(code=""<method 'copy' of 'numpy.ndarray' objects>"", callcount=632, reccallcount=0, totaltime=0.00024238000000000002, inlinetime=0.00024238000000000002), _lsprof.profiler_subentry(code=<code object _min_dispatcher at 0x7eaea4db9fe0, file ""/home/adityamoger/anaconda3/envs/cocktail_3_dynamic_model/lib/python3.12/site-packages/numpy/_core/fromnumeric.py"", line 3184>, callcount=5, reccallcount=0, totaltime=7.49e-07, inlinetime=7.49e-07), _lsprof.profiler_subentry(code=<code object min at 0x7eaea72c1680, file ""/home/adityamoger/anaconda3/envs/cocktail_3_dynamic_model/lib/python3.12/site-packages/numpy/_core/fromnumeric.py"", line 3189>, callcount=5, reccallcount=0, totaltime=3.8418000000000004e-05, inlinetime=7.122000000000001e-06)]"
235,"<code object is_signal_heard at 0x558964b0d9b0, file ""/home/adityamoger/Documents/GitHub/dynamic_model_of_cocktail_party_nightmare/dynamic_model/supporting_files/snr_implementation.py"", line 407>",1815,0,9.173677489000001,0.027799402,"[_lsprof.profiler_subentry(code=<code object generate_sound_profile at 0x55896480c760, file ""/home/adityamoger/Documents/GitHub/dynamic_model_of_cocktail_party_nightmare/dynamic_model/supporting_files/snr_implementation.py"", line 276>, callcount=1815, reccallcount=0, totaltime=0.14176997500000002, inlinetime=0.064178763), _lsprof.profiler_subentry(code=<code object get_temporal_masking_function_based_on_sound at 0x7eae66a630f0, file ""/home/adityamoger/Documents/GitHub/dynamic_model_of_cocktail_party_nightmare/dynamic_model/supporting_files/snr_implementation.py"", line 364>, callcount=1815, reccallcount=0, totaltime=7.330332949000001, inlinetime=0.11512654700000001), _lsprof.profiler_subentry(code=<code object __getitem__ at 0x55896466c320, file ""/home/adityamoger/anaconda3/envs/cocktail_3_dynamic_model/lib/python3.12/site-packages/pandas/core/frame.py"", line 4067>, callcount=3630, reccallcount=0, totaltime=0.126172641, inlinetime=0.012014713000000002), _lsprof.profiler_subentry(code=<code object _max_dispatcher at 0x7eaea4db9f10, file ""/home/adityamoger/anaconda3/envs/cocktail_3_dynamic_model/lib/python3.12/site-packages/numpy/_core/fromnumeric.py"", line 3046>, callcount=1815, reccallcount=0, totaltime=0.00023279500000000002, inlinetime=0.00023279500000000002), _lsprof.profiler_subentry(code=<code object max at 0x7eaea72c1460, file ""/home/adityamoger/anaconda3/envs/cocktail_3_dynamic_model/lib/python3.12/site-packages/numpy/_core/fromnumeric.py"", line 3051>, callcount=1815, reccallcount=0, totaltime=0.086585905, inlinetime=0.002463124), _lsprof.profiler_subentry(code=<code object _min_dispatcher at 0x7eaea4db9fe0, file ""/home/adityamoger/anaconda3/envs/cocktail_3_dynamic_model/lib/python3.12/site-packages/numpy/_core/fromnumeric.py"", line 3184>, callcount=1815, reccallcount=0, totaltime=0.00021076700000000002, inlinetime=0.00021076700000000002), _lsprof.profiler_subentry(code=<code object min at 0x7eaea72c1680, file ""/home/adityamoger/anaconda3/envs/cocktail_3_dynamic_model/lib/python3.12/site-packages/numpy/_core/fromnumeric.py"", line 3189>, callcount=1815, reccallcount=0, totaltime=0.058311512, inlinetime=0.0017104890000000001), _lsprof.profiler_subentry(code=<code object read_csv at 0x5589649fd9d0, file ""/home/adityamoger/anaconda3/envs/cocktail_3_dynamic_model/lib/python3.12/site-packages/pandas/io/parsers/readers.py"", line 868>, callcount=1815, reccallcount=0, totaltime=1.402261543, inlinetime=0.015776541)]"
236,"<code object spl_at_receiver at 0x558964b12760, file ""/home/adityamoger/Documents/GitHub/dynamic_model_of_cocktail_party_nightmare/dynamic_model/agents/sounds.py"", line 98>",108612,0,2.307085766,0.34912711700000004,"[_lsprof.profiler_subentry(code=<code object __getitem__ at 0x55896466c320, file ""/home/adityamoger/anaconda3/envs/cocktail_3_dynamic_model/lib/python3.12/site-packages/pandas/core/frame.py"", line 4067>, callcount=107980, reccallcount=0, totaltime=0.380062977, inlinetime=0.137893508), _lsprof.profiler_subentry(code=<code object __getitem__ at 0x5589648cf400, file ""/home/adityamoger/anaconda3/envs/cocktail_3_dynamic_model/lib/python3.12/site-packages/pandas/core/series.py"", line 1104>, callcount=107980, reccallcount=0, totaltime=0.315317736, inlinetime=0.09381247000000001), _lsprof.profiler_subentry(code=<code object angle_between at 0x7eae66a5a9e0, file ""/home/adityamoger/Documents/GitHub/dynamic_model_of_cocktail_party_nightmare/dynamic_model/supporting_files/vectors.py"", line 65>, callcount=108612, reccallcount=0, totaltime=0.154287122, inlinetime=0.098389294), _lsprof.profiler_subentry(code=<code object distance_to at 0x7eae668e08a0, file ""/home/adityamoger/Documents/GitHub/dynamic_model_of_cocktail_party_nightmare/dynamic_model/supporting_files/vectors.py"", line 54>, callcount=108612, reccallcount=0, totaltime=0.170401553, inlinetime=0.050524360000000004), _lsprof.profiler_subentry(code='<built-in method math.log10>', callcount=107980, reccallcount=0, totaltime=0.015115093000000001, inlinetime=0.015115093000000001), _lsprof.profiler_subentry(code=<code object sound_directionality at 0x7eae668d4130, file ""/home/adityamoger/Documents/GitHub/dynamic_model_of_cocktail_party_nightmare/dynamic_model/agents/sounds.py"", line 91>, callcount=108612, reccallcount=0, totaltime=0.922774168, inlinetime=0.080000919)]"
237,"<code object serialize_sound at 0x558964b1a7f0, file ""/home/adityamoger/Documents/GitHub/dynamic_model_of_cocktail_party_nightmare/dynamic_model/simulation_and_plotting/simulation.py"", line 301>",476919,0,0.591229034,0.42874016800000003,"[_lsprof.profiler_subentry(code=""<method 'update' of 'dict' objects>"", callcount=374541, reccallcount=0, totaltime=0.09521327800000001, inlinetime=0.09521327800000001), _lsprof.profiler_subentry(code='<built-in method builtins.isinstance>', callcount=953838, reccallcount=0, totaltime=0.067275588, inlinetime=0.067275588)]"
238,"<code object handle_data_storage_for_plotting_pickle at 0x558964b32520, file ""/home/adityamoger/Documents/GitHub/dynamic_model_of_cocktail_party_nightmare/dynamic_model/simulation_and_plotting/simulation.py"", line 151>",50001,0,2.50489337,0.14112691700000002,"[_lsprof.profiler_subentry(code='<built-in method _io.open>', callcount=49, reccallcount=0, totaltime=0.00869314, inlinetime=0.00869314), _lsprof.profiler_subentry(code='<built-in method _pickle.dump>', callcount=49, reccallcount=0, totaltime=1.990055114, inlinetime=1.685292298), _lsprof.profiler_subentry(code=<code object __getitem__ at 0x55896466c320, file ""/home/adityamoger/anaconda3/envs/cocktail_3_dynamic_model/lib/python3.12/site-packages/pandas/core/frame.py"", line 4067>, callcount=50001, reccallcount=0, totaltime=0.186211482, inlinetime=0.06556877900000001), _lsprof.profiler_subentry(code=""<method '__exit__' of '_io._IOBase' objects>"", callcount=49, reccallcount=0, totaltime=0.019685403, inlinetime=0.019685403), _lsprof.profiler_subentry(code='<built-in method builtins.len>', callcount=50001, reccallcount=0, totaltime=0.004956773, inlinetime=0.004956773), _lsprof.profiler_subentry(code=<code object __getitem__ at 0x5589648cf400, file ""/home/adityamoger/anaconda3/envs/cocktail_3_dynamic_model/lib/python3.12/site-packages/pandas/core/series.py"", line 1104>, callcount=50001, reccallcount=0, totaltime=0.15416454100000002, inlinetime=0.04743522)]"
239,"<code object run at 0x558964b32d90, file ""/home/adityamoger/Documents/GitHub/dynamic_model_of_cocktail_party_nightmare/dynamic_model/simulation_and_plotting/simulation.py"", line 62>",1,0,81.58733177100001,1.9236451890000001,"[_lsprof.profiler_subentry(code='<built-in method builtins.print>', callcount=3, reccallcount=0, totaltime=1.7921e-05, inlinetime=1.7921e-05), _lsprof.profiler_subentry(code='<built-in method _io.open>', callcount=2, reccallcount=0, totaltime=7.7514e-05, inlinetime=7.7514e-05), _lsprof.profiler_subentry(code='<built-in method _pickle.dump>', callcount=2, reccallcount=0, totaltime=0.00046324900000000005, inlinetime=0.00040603300000000003), _lsprof.profiler_subentry(code=<code object __getitem__ at 0x55896466c320, file ""/home/adityamoger/anaconda3/envs/cocktail_3_dynamic_model/lib/python3.12/site-packages/pandas/core/frame.py"", line 4067>, callcount=526921, reccallcount=0, totaltime=1.886026184, inlinetime=0.676323933), _lsprof.profiler_subentry(code=""<method '__exit__' of '_io._IOBase' objects>"", callcount=2, reccallcount=0, totaltime=4.5082e-05, inlinetime=4.5082e-05), _lsprof.profiler_subentry(code='<built-in method builtins.len>', callcount=500000, reccallcount=0, totaltime=0.046592256000000006, inlinetime=0.046592256000000006), _lsprof.profiler_subentry(code=<code object __getitem__ at 0x5589648cf400, file ""/home/adityamoger/anaconda3/envs/cocktail_3_dynamic_model/lib/python3.12/site-packages/pandas/core/series.py"", line 1104>, callcount=526921, reccallcount=0, totaltime=1.8052269120000002, inlinetime=0.5100529690000001), _lsprof.profiler_subentry(code='<built-in method now>', callcount=50001, reccallcount=0, totaltime=0.033947544, inlinetime=0.033947544), _lsprof.profiler_subentry(code=<code object update at 0x558964ad8990, file ""/home/adityamoger/Documents/GitHub/dynamic_model_of_cocktail_party_nightmare/dynamic_model/agents/bats.py"", line 102>, callcount=450000, reccallcount=0, totaltime=48.581628654000006, inlinetime=0.55266917), _lsprof.profiler_subentry(code=<code object _round_dispatcher at 0x7eaea4dba3f0, file ""/home/adityamoger/anaconda3/envs/cocktail_3_dynamic_model/lib/python3.12/site-packages/numpy/_core/fromnumeric.py"", line 3613>, callcount=50000, reccallcount=0, totaltime=0.0054591050000000006, inlinetime=0.0054591050000000006), _lsprof.profiler_subentry(code=<code object round at 0x7eaea72d6250, file ""/home/adityamoger/anaconda3/envs/cocktail_3_dynamic_model/lib/python3.12/site-packages/numpy/_core/fromnumeric.py"", line 3617>, callcount=50000, reccallcount=0, totaltime=0.21901816600000001, inlinetime=0.023610025), _lsprof.profiler_subentry(code=<code object __init__ at 0x7eae668ecab0, file ""/home/adityamoger/Documents/GitHub/dynamic_model_of_cocktail_party_nightmare/dynamic_model/supporting_files/vectors.py"", line 8>, callcount=900000, reccallcount=0, totaltime=0.197686082, inlinetime=0.197686082), _lsprof.profiler_subentry(code=""<method 'append' of 'list' objects>"", callcount=100000, reccallcount=0, totaltime=0.01895544, inlinetime=0.01895544), _lsprof.profiler_subentry(code=<code object handle_reflections at 0x558964b353b0, file ""/home/adityamoger/Documents/GitHub/dynamic_model_of_cocktail_party_nightmare/dynamic_model/simulation_and_plotting/simulation.py"", line 209>, callcount=50000, reccallcount=0, totaltime=11.046485876, inlinetime=0.970422227), _lsprof.profiler_subentry(code=<code object normalize at 0x7eae668dc570, file ""/home/adityamoger/Documents/GitHub/dynamic_model_of_cocktail_party_nightmare/dynamic_model/supporting_files/vectors.py"", line 43>, callcount=900000, reccallcount=0, totaltime=0.826780375, inlinetime=0.411685503), _lsprof.profiler_subentry(code=<code object get_detections_at_time at 0x7eae66847990, file ""/home/adityamoger/Documents/GitHub/dynamic_model_of_cocktail_party_nightmare/dynamic_model/agents/bats.py"", line 348>, callcount=450000, reccallcount=0, totaltime=0.173458577, inlinetime=0.173458577), _lsprof.profiler_subentry(code=<code object angle_between at 0x7eae66a5a9e0, file ""/home/adityamoger/Documents/GitHub/dynamic_model_of_cocktail_party_nightmare/dynamic_model/supporting_files/vectors.py"", line 65>, callcount=900000, reccallcount=0, totaltime=0.81959978, inlinetime=0.5116251310000001), _lsprof.profiler_subentry(code=<code object handle_data_storage_for_plotting at 0x558964b33980, file ""/home/adityamoger/Documents/GitHub/dynamic_model_of_cocktail_party_nightmare/dynamic_model/simulation_and_plotting/simulation.py"", line 169>, callcount=50001, reccallcount=0, totaltime=0.5870660710000001, inlinetime=0.11227326100000001), _lsprof.profiler_subentry(code=<code object handle_data_storage_for_plotting_pickle at 0x558964b32520, file ""/home/adityamoger/Documents/GitHub/dynamic_model_of_cocktail_party_nightmare/dynamic_model/simulation_and_plotting/simulation.py"", line 151>, callcount=50001, reccallcount=0, totaltime=2.50489337, inlinetime=0.14112691700000002), _lsprof.profiler_subentry(code=<code object serialize_sound at 0x558964b1a7f0, file ""/home/adityamoger/Documents/GitHub/dynamic_model_of_cocktail_party_nightmare/dynamic_model/simulation_and_plotting/simulation.py"", line 301>, callcount=476919, reccallcount=0, totaltime=0.591229034, inlinetime=0.42874016800000003), _lsprof.profiler_subentry(code=<code object update at 0x558964ab5960, file ""/home/adityamoger/Documents/GitHub/dynamic_model_of_cocktail_party_nightmare/dynamic_model/agents/sounds.py"", line 52>, callcount=476908, reccallcount=0, totaltime=10.314455297, inlinetime=0.832639408), _lsprof.profiler_subentry(code=<code object _mean_dispatcher at 0x7eaea4dba4c0, file ""/home/adityamoger/anaconda3/envs/cocktail_3_dynamic_model/lib/python3.12/site-packages/numpy/_core/fromnumeric.py"", line 3729>, callcount=1, reccallcount=0, totaltime=1.79e-07, inlinetime=1.79e-07), _lsprof.profiler_subentry(code=<code object mean at 0x7eaea72a3690, file ""/home/adityamoger/anaconda3/envs/cocktail_3_dynamic_model/lib/python3.12/site-packages/numpy/_core/fromnumeric.py"", line 3734>, callcount=1, reccallcount=0, totaltime=0.004573914, inlinetime=0.00024148700000000003)]"
240,"<code object handle_data_storage_for_plotting at 0x558964b33980, file ""/home/adityamoger/Documents/GitHub/dynamic_model_of_cocktail_party_nightmare/dynamic_model/simulation_and_plotting/simulation.py"", line 169>",50001,0,0.5870660710000001,0.11227326100000001,"[_lsprof.profiler_subentry(code=<code object full at 0x7eaea74ab840, file ""/home/adityamoger/anaconda3/envs/cocktail_3_dynamic_model/lib/python3.12/site-packages/numpy/_core/numeric.py"", line 324>, callcount=50, reccallcount=0, totaltime=0.00039740200000000004, inlinetime=0.000305095), _lsprof.profiler_subentry(code=<code object _savez_compressed_dispatcher at 0x7eaea4762e50, file ""/home/adityamoger/anaconda3/envs/cocktail_3_dynamic_model/lib/python3.12/site-packages/numpy/lib/_npyio_impl.py"", line 689>, callcount=150, reccallcount=0, totaltime=0.000118578, inlinetime=9.560900000000001e-05), _lsprof.profiler_subentry(code=<code object __getitem__ at 0x55896466c320, file ""/home/adityamoger/anaconda3/envs/cocktail_3_dynamic_model/lib/python3.12/site-packages/pandas/core/frame.py"", line 4067>, callcount=50001, reccallcount=0, totaltime=0.222553564, inlinetime=0.07799924500000001), _lsprof.profiler_subentry(code=<code object savez_compressed at 0x7eaea47c25b0, file ""/home/adityamoger/anaconda3/envs/cocktail_3_dynamic_model/lib/python3.12/site-packages/numpy/lib/_npyio_impl.py"", line 694>, callcount=50, reccallcount=0, totaltime=0.050048574000000005, inlinetime=0.00023195100000000002), _lsprof.profiler_subentry(code='<built-in method builtins.len>', callcount=100051, reccallcount=0, totaltime=0.007890812, inlinetime=0.007890812), _lsprof.profiler_subentry(code=<code object __getitem__ at 0x5589648cf400, file ""/home/adityamoger/anaconda3/envs/cocktail_3_dynamic_model/lib/python3.12/site-packages/pandas/core/series.py"", line 1104>, callcount=50001, reccallcount=0, totaltime=0.17159445, inlinetime=0.053958069000000004), _lsprof.profiler_subentry(code=""<method 'append' of 'list' objects>"", callcount=100000, reccallcount=0, totaltime=0.006035152, inlinetime=0.006035152), _lsprof.profiler_subentry(code=""<method 'extend' of 'list' objects>"", callcount=50000, reccallcount=0, totaltime=0.003280405, inlinetime=0.003280405), _lsprof.profiler_subentry(code='<built-in method builtins.max>', callcount=50, reccallcount=0, totaltime=0.008569805, inlinetime=0.002512494), _lsprof.profiler_subentry(code='<built-in method numpy.array>', callcount=50, reccallcount=0, totaltime=0.0039057400000000004, inlinetime=0.0039057400000000004), _lsprof.profiler_subentry(code=<code object wrapper at 0x7eae6fc1a9e0, file ""/home/adityamoger/anaconda3/envs/cocktail_3_dynamic_model/lib/python3.12/site-packages/pandas/util/_decorators.py"", line 325>, callcount=1, reccallcount=0, totaltime=0.00039832800000000004, inlinetime=2.79e-06)]"
241,"<code object handle_reflections at 0x558964b353b0, file ""/home/adityamoger/Documents/GitHub/dynamic_model_of_cocktail_party_nightmare/dynamic_model/simulation_and_plotting/simulation.py"", line 209>",50000,0,11.046485876,0.970422227,"[_lsprof.profiler_subentry(code=<code object __getitem__ at 0x55896466c320, file ""/home/adityamoger/anaconda3/envs/cocktail_3_dynamic_model/lib/python3.12/site-packages/pandas/core/frame.py"", line 4067>, callcount=204756, reccallcount=0, totaltime=0.7781604520000001, inlinetime=0.260820947), _lsprof.profiler_subentry(code='<built-in method builtins.isinstance>', callcount=443932, reccallcount=0, totaltime=0.031025376, inlinetime=0.031025376), _lsprof.profiler_subentry(code=<code object __getitem__ at 0x5589648cf400, file ""/home/adityamoger/anaconda3/envs/cocktail_3_dynamic_model/lib/python3.12/site-packages/pandas/core/series.py"", line 1104>, callcount=204756, reccallcount=0, totaltime=0.6106249610000001, inlinetime=0.184088313), _lsprof.profiler_subentry(code=<code object __mul__ at 0x7eae6688d9b0, file ""/home/adityamoger/Documents/GitHub/dynamic_model_of_cocktail_party_nightmare/dynamic_model/supporting_files/vectors.py"", line 18>, callcount=6825, reccallcount=0, totaltime=0.0034597290000000004, inlinetime=0.0030351780000000004), _lsprof.profiler_subentry(code=<code object __init__ at 0x7eae668ecab0, file ""/home/adityamoger/Documents/GitHub/dynamic_model_of_cocktail_party_nightmare/dynamic_model/supporting_files/vectors.py"", line 8>, callcount=409512, reccallcount=0, totaltime=0.12275640200000001, inlinetime=0.12275640200000001), _lsprof.profiler_subentry(code=<code object __add__ at 0x7eae66875bb0, file ""/home/adityamoger/Documents/GitHub/dynamic_model_of_cocktail_party_nightmare/dynamic_model/supporting_files/vectors.py"", line 12>, callcount=6825, reccallcount=0, totaltime=0.004167377, inlinetime=0.0028796620000000003), _lsprof.profiler_subentry(code=""<method 'append' of 'list' objects>"", callcount=131948, reccallcount=0, totaltime=0.021193174000000002, inlinetime=0.021193174000000002), _lsprof.profiler_subentry(code=""<method 'extend' of 'list' objects>"", callcount=50000, reccallcount=0, totaltime=0.011388384000000001, inlinetime=0.011388384000000001), _lsprof.profiler_subentry(code=<code object normalize at 0x7eae668dc570, file ""/home/adityamoger/Documents/GitHub/dynamic_model_of_cocktail_party_nightmare/dynamic_model/supporting_files/vectors.py"", line 43>, callcount=32987, reccallcount=0, totaltime=0.044367419000000005, inlinetime=0.025570803000000003), _lsprof.profiler_subentry(code=<code object contains_point at 0x7eae66ad62b0, file ""/home/adityamoger/Documents/GitHub/dynamic_model_of_cocktail_party_nightmare/dynamic_model/agents/sounds.py"", line 76>, callcount=1330914, reccallcount=0, totaltime=5.3188185500000005, inlinetime=0.622458163), _lsprof.profiler_subentry(code=<code object __sub__ at 0x7eae66875cf0, file ""/home/adityamoger/Documents/GitHub/dynamic_model_of_cocktail_party_nightmare/dynamic_model/supporting_files/vectors.py"", line 15>, callcount=32987, reccallcount=0, totaltime=0.017247997, inlinetime=0.014715428000000001), _lsprof.profiler_subentry(code=<code object update at 0x558964ab5960, file ""/home/adityamoger/Documents/GitHub/dynamic_model_of_cocktail_party_nightmare/dynamic_model/agents/sounds.py"", line 52>, callcount=32987, reccallcount=0, totaltime=0.7390493140000001, inlinetime=0.061206024000000005), _lsprof.profiler_subentry(code=<code object creation_time_calculation at 0x7eae66875930, file ""/home/adityamoger/Documents/GitHub/dynamic_model_of_cocktail_party_nightmare/dynamic_model/supporting_files/utilities.py"", line 83>, callcount=32987, reccallcount=0, totaltime=0.100314096, inlinetime=0.071915376), _lsprof.profiler_subentry(code=<code object create_echo at 0x558964aed4c0, file ""/home/adityamoger/Documents/GitHub/dynamic_model_of_cocktail_party_nightmare/dynamic_model/agents/sounds.py"", line 174>, callcount=32987, reccallcount=0, totaltime=2.254541832, inlinetime=0.255865699), _lsprof.profiler_subentry(code=""<method 'update' of 'set' objects>"", callcount=32987, reccallcount=0, totaltime=0.011582477, inlinetime=0.011582477), _lsprof.profiler_subentry(code=""<method 'add' of 'set' objects>"", callcount=32987, reccallcount=0, totaltime=0.007366109000000001, inlinetime=0.007366109000000001)]"
242,"<code object get_detections_at_time at 0x7eae66847990, file ""/home/adityamoger/Documents/GitHub/dynamic_model_of_cocktail_party_nightmare/dynamic_model/agents/bats.py"", line 348>",450000,0,0.173458577,0.173458577,
243,"<code object call_directionality_factor at 0x7eae66847ab0, file ""/home/adityamoger/Documents/GitHub/dynamic_model_of_cocktail_party_nightmare/dynamic_model/supporting_files/utilities.py"", line 60>",250211,0,0.29740103900000003,0.29740103900000003,
244,"<code object filter_sounds_based_on_total_profile at 0x7eae66851110, file ""/home/adityamoger/Documents/GitHub/dynamic_model_of_cocktail_party_nightmare/dynamic_model/supporting_files/snr_implementation.py"", line 250>",599,0,0.09568615500000001,0.01124382,"[_lsprof.profiler_subentry(code=<code object _round_dispatcher at 0x7eaea4dba3f0, file ""/home/adityamoger/anaconda3/envs/cocktail_3_dynamic_model/lib/python3.12/site-packages/numpy/_core/fromnumeric.py"", line 3613>, callcount=3597, reccallcount=0, totaltime=0.000264804, inlinetime=0.000264804), _lsprof.profiler_subentry(code=<code object round at 0x7eaea72d6250, file ""/home/adityamoger/anaconda3/envs/cocktail_3_dynamic_model/lib/python3.12/site-packages/numpy/_core/fromnumeric.py"", line 3617>, callcount=3597, reccallcount=0, totaltime=0.010165218, inlinetime=0.001127931), _lsprof.profiler_subentry(code=""<method 'append' of 'list' objects>"", callcount=2842, reccallcount=0, totaltime=0.000513062, inlinetime=0.000513062), _lsprof.profiler_subentry(code=<code object create_total_masking_profile at 0x558964adb150, file ""/home/adityamoger/Documents/GitHub/dynamic_model_of_cocktail_party_nightmare/dynamic_model/supporting_files/snr_implementation.py"", line 212>, callcount=599, reccallcount=0, totaltime=0.07318967, inlinetime=0.022829189), _lsprof.profiler_subentry(code=<code object where at 0x7eaea72628d0, file ""/home/adityamoger/anaconda3/envs/cocktail_3_dynamic_model/lib/python3.12/site-packages/numpy/_core/multiarray.py"", line 391>, callcount=3597, reccallcount=0, totaltime=0.000309581, inlinetime=0.000309581)]"
245,"<code object __init__ at 0x7eae668512c0, file ""/home/adityamoger/Documents/GitHub/dynamic_model_of_cocktail_party_nightmare/dynamic_model/agents/sounds.py"", line 146>",8532,0,0.44640412500000004,0.024132765,"[_lsprof.profiler_subentry(code=<code object __getitem__ at 0x55896466c320, file ""/home/adityamoger/anaconda3/envs/cocktail_3_dynamic_model/lib/python3.12/site-packages/pandas/core/frame.py"", line 4067>, callcount=25596, reccallcount=0, totaltime=0.09326577600000001, inlinetime=0.034445255), _lsprof.profiler_subentry(code=<code object __getitem__ at 0x5589648cf400, file ""/home/adityamoger/anaconda3/envs/cocktail_3_dynamic_model/lib/python3.12/site-packages/pandas/core/series.py"", line 1104>, callcount=25596, reccallcount=0, totaltime=0.08051548800000001, inlinetime=0.025215291), _lsprof.profiler_subentry(code=<code object __init__ at 0x5589642ea070, file ""/home/adityamoger/Documents/GitHub/dynamic_model_of_cocktail_party_nightmare/dynamic_model/agents/sounds.py"", line 13>, callcount=8532, reccallcount=0, totaltime=0.24849009600000002, inlinetime=0.023344974)]"
246,"<code object given_sound_objects_return_detected_sounds at 0x7eae66851620, file ""/home/adityamoger/Documents/GitHub/dynamic_model_of_cocktail_party_nightmare/dynamic_model/supporting_files/snr_implementation.py"", line 467>",632,0,9.389175953,0.009827675000000001,"[_lsprof.profiler_subentry(code='<built-in method builtins.len>', callcount=1231, reccallcount=0, totaltime=0.00014529700000000002, inlinetime=0.00014529700000000002), _lsprof.profiler_subentry(code=""<method 'append' of 'list' objects>"", callcount=1815, reccallcount=0, totaltime=0.00041401400000000004, inlinetime=0.00041401400000000004), _lsprof.profiler_subentry(code=<code object parse_sounds at 0x7eae66a62d30, file ""/home/adityamoger/Documents/GitHub/dynamic_model_of_cocktail_party_nightmare/dynamic_model/supporting_files/snr_implementation.py"", line 14>, callcount=632, reccallcount=0, totaltime=0.034494801000000005, inlinetime=0.005340177000000001), _lsprof.profiler_subentry(code=<code object filter_sounds_based_on_total_profile at 0x7eae66851110, file ""/home/adityamoger/Documents/GitHub/dynamic_model_of_cocktail_party_nightmare/dynamic_model/supporting_files/snr_implementation.py"", line 250>, callcount=599, reccallcount=0, totaltime=0.09568615500000001, inlinetime=0.01124382), _lsprof.profiler_subentry(code=<code object serialize_sound_info at 0x558964ae1ee0, file ""/home/adityamoger/Documents/GitHub/dynamic_model_of_cocktail_party_nightmare/dynamic_model/supporting_files/snr_implementation.py"", line 72>, callcount=599, reccallcount=0, totaltime=0.074930522, inlinetime=0.016376119), _lsprof.profiler_subentry(code=<code object is_signal_heard at 0x558964b0d9b0, file ""/home/adityamoger/Documents/GitHub/dynamic_model_of_cocktail_party_nightmare/dynamic_model/supporting_files/snr_implementation.py"", line 407>, callcount=1815, reccallcount=0, totaltime=9.173677489000001, inlinetime=0.027799402)]"
247,"<code object rotate_towards_given_degree at 0x7eae6685ea60, file ""/home/adityamoger/Documents/GitHub/dynamic_model_of_cocktail_party_nightmare/dynamic_model/agents/bats.py"", line 489>",50000,0,0.268888899,0.061418202000000005,"[_lsprof.profiler_subentry(code=<code object rotate at 0x7eae66a71960, file ""/home/adityamoger/Documents/GitHub/dynamic_model_of_cocktail_party_nightmare/dynamic_model/supporting_files/vectors.py"", line 111>, callcount=45297, reccallcount=0, totaltime=0.078337419, inlinetime=0.051222338000000006), _lsprof.profiler_subentry(code=<code object normalize at 0x7eae668dc570, file ""/home/adityamoger/Documents/GitHub/dynamic_model_of_cocktail_party_nightmare/dynamic_model/supporting_files/vectors.py"", line 43>, callcount=45297, reccallcount=0, totaltime=0.063366685, inlinetime=0.032412960000000005), _lsprof.profiler_subentry(code=<code object angle_between at 0x7eae66a5a9e0, file ""/home/adityamoger/Documents/GitHub/dynamic_model_of_cocktail_party_nightmare/dynamic_model/supporting_files/vectors.py"", line 65>, callcount=45297, reccallcount=0, totaltime=0.065766593, inlinetime=0.042170553)]"
248,"<code object check_if_sound_outside_arena at 0x7eae668756b0, file ""/home/adityamoger/Documents/GitHub/dynamic_model_of_cocktail_party_nightmare/dynamic_model/agents/sounds.py"", line 122>",1464975,0,19.545332869000003,1.361833705,"[_lsprof.profiler_subentry(code=<code object __getitem__ at 0x55896466c320, file ""/home/adityamoger/anaconda3/envs/cocktail_3_dynamic_model/lib/python3.12/site-packages/pandas/core/frame.py"", line 4067>, callcount=2929950, reccallcount=0, totaltime=9.634299204000001, inlinetime=3.475336431), _lsprof.profiler_subentry(code=<code object __getitem__ at 0x5589648cf400, file ""/home/adityamoger/anaconda3/envs/cocktail_3_dynamic_model/lib/python3.12/site-packages/pandas/core/series.py"", line 1104>, callcount=2929950, reccallcount=0, totaltime=8.309132976, inlinetime=2.486836111), _lsprof.profiler_subentry(code='<built-in method builtins.max>', callcount=1464975, reccallcount=0, totaltime=0.240066984, inlinetime=0.240066984)]"
249,"<code object creation_time_calculation at 0x7eae66875930, file ""/home/adityamoger/Documents/GitHub/dynamic_model_of_cocktail_party_nightmare/dynamic_model/supporting_files/utilities.py"", line 83>",32987,0,0.100314096,0.071915376,"[_lsprof.profiler_subentry(code=<code object magnitude at 0x7eae6689cfa0, file ""/home/adityamoger/Documents/GitHub/dynamic_model_of_cocktail_party_nightmare/dynamic_model/supporting_files/vectors.py"", line 35>, callcount=32987, reccallcount=0, totaltime=0.012136681000000002, inlinetime=0.009663759000000001), _lsprof.profiler_subentry(code=<code object __sub__ at 0x7eae66875cf0, file ""/home/adityamoger/Documents/GitHub/dynamic_model_of_cocktail_party_nightmare/dynamic_model/supporting_files/vectors.py"", line 15>, callcount=32987, reccallcount=0, totaltime=0.016262039000000002, inlinetime=0.013472320000000001)]"
250,"<code object __add__ at 0x7eae66875bb0, file ""/home/adityamoger/Documents/GitHub/dynamic_model_of_cocktail_party_nightmare/dynamic_model/supporting_files/vectors.py"", line 12>",56825,0,0.032147600000000005,0.026820121000000002,"[_lsprof.profiler_subentry(code=<code object __init__ at 0x7eae668ecab0, file ""/home/adityamoger/Documents/GitHub/dynamic_model_of_cocktail_party_nightmare/dynamic_model/supporting_files/vectors.py"", line 8>, callcount=56825, reccallcount=0, totaltime=0.005327479, inlinetime=0.005327479)]"
251,"<code object __sub__ at 0x7eae66875cf0, file ""/home/adityamoger/Documents/GitHub/dynamic_model_of_cocktail_party_nightmare/dynamic_model/supporting_files/vectors.py"", line 15>",2479337,0,1.362622167,1.117465269,"[_lsprof.profiler_subentry(code=<code object __init__ at 0x7eae668ecab0, file ""/home/adityamoger/Documents/GitHub/dynamic_model_of_cocktail_party_nightmare/dynamic_model/supporting_files/vectors.py"", line 8>, callcount=2479337, reccallcount=0, totaltime=0.245156898, inlinetime=0.245156898)]"
252,"<code object find_sum_of_db at 0x7eae6687da50, file ""/home/adityamoger/Documents/GitHub/dynamic_model_of_cocktail_party_nightmare/dynamic_model/supporting_files/snr_implementation.py"", line 151>",16222,0,0.033800159,0.024953663,"[_lsprof.profiler_subentry(code=<code object _round_dispatcher at 0x7eaea4dba3f0, file ""/home/adityamoger/anaconda3/envs/cocktail_3_dynamic_model/lib/python3.12/site-packages/numpy/_core/fromnumeric.py"", line 3613>, callcount=2570, reccallcount=0, totaltime=0.00023756200000000003, inlinetime=0.00023756200000000003), _lsprof.profiler_subentry(code=<code object round at 0x7eaea72d6250, file ""/home/adityamoger/anaconda3/envs/cocktail_3_dynamic_model/lib/python3.12/site-packages/numpy/_core/fromnumeric.py"", line 3617>, callcount=2570, reccallcount=0, totaltime=0.008608934, inlinetime=0.0009220430000000001)]"
253,"<code object detect_sounds at 0x7eae66888c70, file ""/home/adityamoger/Documents/GitHub/dynamic_model_of_cocktail_party_nightmare/dynamic_model/agents/bats.py"", line 287>",50000,0,14.700757049000002,0.056955401,"[_lsprof.profiler_subentry(code=""<method 'append' of 'list' objects>"", callcount=100000, reccallcount=0, totaltime=0.014687026, inlinetime=0.014687026), _lsprof.profiler_subentry(code=<code object given_sound_objects_return_sounds_at_bat_position at 0x558964ada8a0, file ""/home/adityamoger/Documents/GitHub/dynamic_model_of_cocktail_party_nightmare/dynamic_model/agents/bats.py"", line 231>, callcount=50000, reccallcount=0, totaltime=14.618538425, inlinetime=0.48359283200000003), _lsprof.profiler_subentry(code=""<method 'extend' of 'list' objects>"", callcount=50000, reccallcount=0, totaltime=0.010576197, inlinetime=0.010576197)]"
254,"<code object __mul__ at 0x7eae6688d9b0, file ""/home/adityamoger/Documents/GitHub/dynamic_model_of_cocktail_party_nightmare/dynamic_model/supporting_files/vectors.py"", line 18>",106825,0,0.190665506,0.176061139,"[_lsprof.profiler_subentry(code=<code object __init__ at 0x7eae668ecab0, file ""/home/adityamoger/Documents/GitHub/dynamic_model_of_cocktail_party_nightmare/dynamic_model/supporting_files/vectors.py"", line 8>, callcount=106825, reccallcount=0, totaltime=0.014604367, inlinetime=0.014604367)]"
255,"<code object <genexpr> at 0x7eae6688dce0, file ""/home/adityamoger/Documents/GitHub/dynamic_model_of_cocktail_party_nightmare/dynamic_model/supporting_files/supporting_functions_for_consistency.py"", line 78>",736,0,0.0036187570000000002,0.0006156600000000001,"[_lsprof.profiler_subentry(code='<built-in method builtins.all>', callcount=379, reccallcount=0, totaltime=0.0029366910000000004, inlinetime=0.000315846), _lsprof.profiler_subentry(code=<code object <genexpr> at 0x7eae668e0b70, file ""/home/adityamoger/Documents/GitHub/dynamic_model_of_cocktail_party_nightmare/dynamic_model/supporting_files/supporting_functions_for_consistency.py"", line 79>, callcount=149, reccallcount=0, totaltime=6.6406e-05, inlinetime=6.6406e-05)]"
256,"<code object change_tuples_to_vector_in_sound at 0x7eae6689cd40, file ""/home/adityamoger/Documents/GitHub/dynamic_model_of_cocktail_party_nightmare/dynamic_model/supporting_files/utilities.py"", line 128>",5973,0,0.022524834,0.007981405,"[_lsprof.profiler_subentry(code='<built-in method builtins.isinstance>', callcount=23892, reccallcount=0, totaltime=0.001501444, inlinetime=0.001501444), _lsprof.profiler_subentry(code=<code object make_vector at 0x7eae668e05d0, file ""/home/adityamoger/Documents/GitHub/dynamic_model_of_cocktail_party_nightmare/dynamic_model/supporting_files/utilities.py"", line 118>, callcount=23892, reccallcount=0, totaltime=0.013041985, inlinetime=0.008246049)]"
257,"<code object magnitude at 0x7eae6689cfa0, file ""/home/adityamoger/Documents/GitHub/dynamic_model_of_cocktail_party_nightmare/dynamic_model/supporting_files/vectors.py"", line 35>",3318275,0,1.362447672,1.081965952,"[_lsprof.profiler_subentry(code='<built-in method math.sqrt>', callcount=3318275, reccallcount=0, totaltime=0.28048172, inlinetime=0.28048172)]"
258,"<code object sound_directionality at 0x7eae668d4130, file ""/home/adityamoger/Documents/GitHub/dynamic_model_of_cocktail_party_nightmare/dynamic_model/agents/sounds.py"", line 91>",108612,0,0.922774168,0.080000919,"[_lsprof.profiler_subentry(code=<code object __getitem__ at 0x55896466c320, file ""/home/adityamoger/anaconda3/envs/cocktail_3_dynamic_model/lib/python3.12/site-packages/pandas/core/frame.py"", line 4067>, callcount=108612, reccallcount=0, totaltime=0.385211373, inlinetime=0.1367244), _lsprof.profiler_subentry(code=<code object __getitem__ at 0x5589648cf400, file ""/home/adityamoger/anaconda3/envs/cocktail_3_dynamic_model/lib/python3.12/site-packages/pandas/core/series.py"", line 1104>, callcount=108612, reccallcount=0, totaltime=0.31834418400000003, inlinetime=0.09579420000000001), _lsprof.profiler_subentry(code=<code object call_directionality_factor at 0x7eae66847ab0, file ""/home/adityamoger/Documents/GitHub/dynamic_model_of_cocktail_party_nightmare/dynamic_model/supporting_files/utilities.py"", line 60>, callcount=108612, reccallcount=0, totaltime=0.139217692, inlinetime=0.139217692)]"
259,"<code object sound_within_time_interval at 0x7eae668d4530, file ""/home/adityamoger/Documents/GitHub/dynamic_model_of_cocktail_party_nightmare/dynamic_model/supporting_files/snr_implementation.py"", line 170>",5344,0,0.0015440340000000001,0.0015440340000000001,
260,"<code object <genexpr> at 0x7eae668d5c30, file ""/home/adityamoger/Documents/GitHub/dynamic_model_of_cocktail_party_nightmare/dynamic_model/simulation_and_plotting/simulation.py"", line 193>",50050,0,0.006057311,0.004210013,"[_lsprof.profiler_subentry(code='<built-in method builtins.len>', callcount=50000, reccallcount=0, totaltime=0.001847298, inlinetime=0.001847298)]"
261,"<code object normalize at 0x7eae668dc570, file ""/home/adityamoger/Documents/GitHub/dynamic_model_of_cocktail_party_nightmare/dynamic_model/supporting_files/vectors.py"", line 43>",980537,0,0.9379661260000001,0.47144169500000005,"[_lsprof.profiler_subentry(code=<code object __init__ at 0x7eae668ecab0, file ""/home/adityamoger/Documents/GitHub/dynamic_model_of_cocktail_party_nightmare/dynamic_model/supporting_files/vectors.py"", line 8>, callcount=980537, reccallcount=0, totaltime=0.11657640000000001, inlinetime=0.11657640000000001), _lsprof.profiler_subentry(code=<code object magnitude at 0x7eae6689cfa0, file ""/home/adityamoger/Documents/GitHub/dynamic_model_of_cocktail_party_nightmare/dynamic_model/supporting_files/vectors.py"", line 35>, callcount=980537, reccallcount=0, totaltime=0.34994803100000005, inlinetime=0.283965136)]"
262,"<code object make_vector at 0x7eae668e05d0, file ""/home/adityamoger/Documents/GitHub/dynamic_model_of_cocktail_party_nightmare/dynamic_model/supporting_files/utilities.py"", line 118>",23892,0,0.013041985,0.008246049,"[_lsprof.profiler_subentry(code=<code object __init__ at 0x7eae668ecab0, file ""/home/adityamoger/Documents/GitHub/dynamic_model_of_cocktail_party_nightmare/dynamic_model/supporting_files/vectors.py"", line 8>, callcount=23892, reccallcount=0, totaltime=0.004795936000000001, inlinetime=0.004795936000000001)]"
263,"<code object str2bool at 0x7eae668e06c0, file ""/home/adityamoger/Documents/GitHub/dynamic_model_of_cocktail_party_nightmare/dynamic_model/supporting_files/utilities.py"", line 124>",632,0,0.000562924,0.00039661300000000003,"[_lsprof.profiler_subentry(code=""<method 'lower' of 'str' objects>"", callcount=632, reccallcount=0, totaltime=0.00016631100000000001, inlinetime=0.00016631100000000001)]"
264,"<code object distance_to at 0x7eae668e08a0, file ""/home/adityamoger/Documents/GitHub/dynamic_model_of_cocktail_party_nightmare/dynamic_model/supporting_files/vectors.py"", line 54>",2304751,0,3.2087982540000004,0.944226717,"[_lsprof.profiler_subentry(code=<code object magnitude at 0x7eae6689cfa0, file ""/home/adityamoger/Documents/GitHub/dynamic_model_of_cocktail_party_nightmare/dynamic_model/supporting_files/vectors.py"", line 35>, callcount=2304751, reccallcount=0, totaltime=1.0003629600000001, inlinetime=0.788337057), _lsprof.profiler_subentry(code=<code object __sub__ at 0x7eae66875cf0, file ""/home/adityamoger/Documents/GitHub/dynamic_model_of_cocktail_party_nightmare/dynamic_model/supporting_files/vectors.py"", line 15>, callcount=2304751, reccallcount=0, totaltime=1.264208577, inlinetime=1.0341553220000002)]"
265,"<code object <genexpr> at 0x7eae668e0b70, file ""/home/adityamoger/Documents/GitHub/dynamic_model_of_cocktail_party_nightmare/dynamic_model/supporting_files/supporting_functions_for_consistency.py"", line 79>",1004,0,0.0026872510000000003,0.0026872510000000003,
266,"<code object __init__ at 0x7eae668ecab0, file ""/home/adityamoger/Documents/GitHub/dynamic_model_of_cocktail_party_nightmare/dynamic_model/supporting_files/vectors.py"", line 8>",5002582,0,0.7114000380000001,0.7114000380000001,
267,"<code object _maybe_make_multi_index_columns at 0x7eae66a00f30, file ""/home/adityamoger/anaconda3/envs/cocktail_3_dynamic_model/lib/python3.12/site-packages/pandas/io/parsers/base_parser.py"", line 350>",3630,0,0.013038810000000001,0.0016040420000000002,"[_lsprof.profiler_subentry(code=<code object is_potential_multi_index at 0x7eae670f01a0, file ""/home/adityamoger/anaconda3/envs/cocktail_3_dynamic_model/lib/python3.12/site-packages/pandas/io/common.py"", line 1204>, callcount=3630, reccallcount=0, totaltime=0.011434768000000001, inlinetime=0.0043895)]"
268,"<code object _validate_parse_dates_arg at 0x7eae66a01570, file ""/home/adityamoger/anaconda3/envs/cocktail_3_dynamic_model/lib/python3.12/site-packages/pandas/io/parsers/base_parser.py"", line 1440>",3630,0,0.0016433020000000001,0.0016433020000000001,
269,"<code object __exit__ at 0x7eae66a053e0, file ""/home/adityamoger/anaconda3/envs/cocktail_3_dynamic_model/lib/python3.12/site-packages/pandas/io/parsers/readers.py"", line 1990>",3630,0,0.029635507000000002,0.0013935850000000001,"[_lsprof.profiler_subentry(code=<code object close at 0x7eae66b6f210, file ""/home/adityamoger/anaconda3/envs/cocktail_3_dynamic_model/lib/python3.12/site-packages/pandas/io/parsers/readers.py"", line 1622>, callcount=3630, reccallcount=0, totaltime=0.028241922000000003, inlinetime=0.0033507930000000003)]"
270,"<code object _extract_dialect at 0x7eae66a1c9d0, file ""/home/adityamoger/anaconda3/envs/cocktail_3_dynamic_model/lib/python3.12/site-packages/pandas/io/parsers/readers.py"", line 2267>",3630,0,0.00105313,0.0007700420000000001,"[_lsprof.profiler_subentry(code=""<method 'get' of 'dict' objects>"", callcount=3630, reccallcount=0, totaltime=0.000283088, inlinetime=0.000283088)]"
271,"<code object __enter__ at 0x7eae66a21480, file ""/home/adityamoger/anaconda3/envs/cocktail_3_dynamic_model/lib/python3.12/site-packages/pandas/io/parsers/readers.py"", line 1987>",3630,0,0.00032816400000000004,0.00032816400000000004,
272,"<code object validate_integer at 0x7eae66a2c510, file ""/home/adityamoger/anaconda3/envs/cocktail_3_dynamic_model/lib/python3.12/site-packages/pandas/io/parsers/readers.py"", line 527>",7260,0,0.000874373,0.000874373,
273,"<code object _has_complex_date_col at 0x7eae66a2d3b0, file ""/home/adityamoger/anaconda3/envs/cocktail_3_dynamic_model/lib/python3.12/site-packages/pandas/io/parsers/base_parser.py"", line 255>",3630,0,0.001888218,0.0012883430000000002,"[_lsprof.profiler_subentry(code='<built-in method builtins.isinstance>', callcount=7260, reccallcount=0, totaltime=0.000599875, inlinetime=0.000599875)]"
274,"<code object _make_date_converter at 0x7eae66a2d6f0, file ""/home/adityamoger/anaconda3/envs/cocktail_3_dynamic_model/lib/python3.12/site-packages/pandas/io/parsers/base_parser.py"", line 1137>",3630,0,0.0024945880000000003,0.0024945880000000003,
275,"<code object close at 0x7eae66a30810, file ""/home/adityamoger/anaconda3/envs/cocktail_3_dynamic_model/lib/python3.12/site-packages/pandas/io/parsers/c_parser_wrapper.py"", line 194>",3630,0,0.005551271,0.005551271,
276,"<code object angle_between at 0x7eae66a5a9e0, file ""/home/adityamoger/Documents/GitHub/dynamic_model_of_cocktail_party_nightmare/dynamic_model/supporting_files/vectors.py"", line 65>",1203653,0,1.247214942,0.783302448,"[_lsprof.profiler_subentry(code='<built-in method math.atan2>', callcount=2407306, reccallcount=0, totaltime=0.270552821, inlinetime=0.270552821), _lsprof.profiler_subentry(code='<built-in method math.degrees>', callcount=1203653, reccallcount=0, totaltime=0.088638458, inlinetime=0.088638458), _lsprof.profiler_subentry(code='<built-in method math.radians>', callcount=1203653, reccallcount=0, totaltime=0.104721215, inlinetime=0.104721215)]"
277,"<code object given_matrix_find_cell_to_respond_to_presence at 0x7eae66a5ad80, file ""/home/adityamoger/Documents/GitHub/dynamic_model_of_cocktail_party_nightmare/dynamic_model/supporting_files/supporting_functions_for_consistency.py"", line 66>",632,0,0.021808288000000002,0.002639717,"[_lsprof.profiler_subentry(code=<code object given_matrix_shortlist_response_cells at 0x558964ae08a0, file ""/home/adityamoger/Documents/GitHub/dynamic_model_of_cocktail_party_nightmare/dynamic_model/supporting_files/supporting_functions_for_consistency.py"", line 29>, callcount=632, reccallcount=0, totaltime=0.014246817, inlinetime=0.010880555), _lsprof.profiler_subentry(code='<built-in method builtins.any>', callcount=357, reccallcount=0, totaltime=0.003775898, inlinetime=0.000268279), _lsprof.profiler_subentry(code=<code object <genexpr> at 0x7eae6688dce0, file ""/home/adityamoger/Documents/GitHub/dynamic_model_of_cocktail_party_nightmare/dynamic_model/supporting_files/supporting_functions_for_consistency.py"", line 78>, callcount=230, reccallcount=0, totaltime=0.000111138, inlinetime=0.000111138), _lsprof.profiler_subentry(code=<code object _argsort_dispatcher at 0x7eaea4db8d30, file ""/home/adityamoger/anaconda3/envs/cocktail_3_dynamic_model/lib/python3.12/site-packages/numpy/_core/fromnumeric.py"", line 1125>, callcount=127, reccallcount=0, totaltime=1.5934e-05, inlinetime=1.5934e-05), _lsprof.profiler_subentry(code=<code object argsort at 0x7eaea72fa6a0, file ""/home/adityamoger/anaconda3/envs/cocktail_3_dynamic_model/lib/python3.12/site-packages/numpy/_core/fromnumeric.py"", line 1129>, callcount=127, reccallcount=0, totaltime=0.001018784, inlinetime=0.000113911)]"
278,"<code object parse_sounds at 0x7eae66a62d30, file ""/home/adityamoger/Documents/GitHub/dynamic_model_of_cocktail_party_nightmare/dynamic_model/supporting_files/snr_implementation.py"", line 14>",632,0,0.034494801000000005,0.005340177000000001,"[_lsprof.profiler_subentry(code=""<method 'append' of 'list' objects>"", callcount=3597, reccallcount=0, totaltime=0.000580814, inlinetime=0.000580814), _lsprof.profiler_subentry(code=<code object angle_between at 0x7eae66a5a9e0, file ""/home/adityamoger/Documents/GitHub/dynamic_model_of_cocktail_party_nightmare/dynamic_model/supporting_files/vectors.py"", line 65>, callcount=5973, reccallcount=0, totaltime=0.006048976, inlinetime=0.003713731), _lsprof.profiler_subentry(code=<code object change_tuples_to_vector_in_sound at 0x7eae6689cd40, file ""/home/adityamoger/Documents/GitHub/dynamic_model_of_cocktail_party_nightmare/dynamic_model/supporting_files/utilities.py"", line 128>, callcount=5973, reccallcount=0, totaltime=0.022524834, inlinetime=0.007981405)]"
279,"<code object get_temporal_masking_function_based_on_sound at 0x7eae66a630f0, file ""/home/adityamoger/Documents/GitHub/dynamic_model_of_cocktail_party_nightmare/dynamic_model/supporting_files/snr_implementation.py"", line 364>",1815,0,7.330332949000001,0.11512654700000001,"[_lsprof.profiler_subentry(code=<code object new_method at 0x7eae7079f030, file ""/home/adityamoger/anaconda3/envs/cocktail_3_dynamic_model/lib/python3.12/site-packages/pandas/core/ops/common.py"", line 62>, callcount=43911, reccallcount=0, totaltime=2.750821553, inlinetime=0.033710988000000004), _lsprof.profiler_subentry(code=<code object __getitem__ at 0x55896466c320, file ""/home/adityamoger/anaconda3/envs/cocktail_3_dynamic_model/lib/python3.12/site-packages/pandas/core/frame.py"", line 4067>, callcount=58548, reccallcount=0, totaltime=2.628524785, inlinetime=0.13851743600000002), _lsprof.profiler_subentry(code=""<method 'append' of 'list' objects>"", callcount=14637, reccallcount=0, totaltime=0.0029557100000000003, inlinetime=0.0029557100000000003), _lsprof.profiler_subentry(code=<code object _mean_dispatcher at 0x7eaea4dba4c0, file ""/home/adityamoger/anaconda3/envs/cocktail_3_dynamic_model/lib/python3.12/site-packages/numpy/_core/fromnumeric.py"", line 3729>, callcount=14637, reccallcount=0, totaltime=0.0021336090000000003, inlinetime=0.0021336090000000003), _lsprof.profiler_subentry(code=<code object mean at 0x7eaea72a3690, file ""/home/adityamoger/anaconda3/envs/cocktail_3_dynamic_model/lib/python3.12/site-packages/numpy/_core/fromnumeric.py"", line 3734>, callcount=14637, reccallcount=0, totaltime=0.5221295060000001, inlinetime=0.021856183), _lsprof.profiler_subentry(code=<code object read_csv at 0x5589649fd9d0, file ""/home/adityamoger/anaconda3/envs/cocktail_3_dynamic_model/lib/python3.12/site-packages/pandas/io/parsers/readers.py"", line 868>, callcount=1815, reccallcount=0, totaltime=1.3086412390000002, inlinetime=0.013620525000000001)]"
280,"<code object rotate at 0x7eae66a71960, file ""/home/adityamoger/Documents/GitHub/dynamic_model_of_cocktail_party_nightmare/dynamic_model/supporting_files/vectors.py"", line 111>",45654,0,0.079329435,0.051803224,"[_lsprof.profiler_subentry(code='<built-in method math.cos>', callcount=91308, reccallcount=0, totaltime=0.014016014, inlinetime=0.014016014), _lsprof.profiler_subentry(code='<built-in method math.sin>', callcount=91308, reccallcount=0, totaltime=0.009013723000000001, inlinetime=0.009013723000000001), _lsprof.profiler_subentry(code=<code object __init__ at 0x7eae668ecab0, file ""/home/adityamoger/Documents/GitHub/dynamic_model_of_cocktail_party_nightmare/dynamic_model/supporting_files/vectors.py"", line 8>, callcount=45654, reccallcount=0, totaltime=0.004496474, inlinetime=0.004496474)]"
281,"<code object to_pickle at 0x7eae66ad47b0, file ""/home/adityamoger/anaconda3/envs/cocktail_3_dynamic_model/lib/python3.12/site-packages/pandas/io/pickle.py"", line 33>",1,0,0.000390961,5.533e-06,"[_lsprof.profiler_subentry(code=<code object get_handle at 0x5589647db520, file ""/home/adityamoger/anaconda3/envs/cocktail_3_dynamic_model/lib/python3.12/site-packages/pandas/io/common.py"", line 664>, callcount=1, reccallcount=0, totaltime=0.000146176, inlinetime=1.1784000000000001e-05), _lsprof.profiler_subentry(code=<code object __enter__ at 0x7eae670d0b90, file ""/home/adityamoger/anaconda3/envs/cocktail_3_dynamic_model/lib/python3.12/site-packages/pandas/io/common.py"", line 148>, callcount=1, reccallcount=0, totaltime=8.800000000000001e-08, inlinetime=8.800000000000001e-08), _lsprof.profiler_subentry(code=<code object __exit__ at 0x7eae6708d890, file ""/home/adityamoger/anaconda3/envs/cocktail_3_dynamic_model/lib/python3.12/site-packages/pandas/io/common.py"", line 151>, callcount=1, reccallcount=0, totaltime=1.6856000000000003e-05, inlinetime=1.038e-06), _lsprof.profiler_subentry(code='<built-in method _pickle.dump>', callcount=1, reccallcount=0, totaltime=0.00022230800000000003, inlinetime=0.00020572100000000002)]"
282,"<code object decide_next_direction at 0x7eae66ad5e30, file ""/home/adityamoger/Documents/GitHub/dynamic_model_of_cocktail_party_nightmare/dynamic_model/agents/bats.py"", line 385>",632,0,0.14168587800000002,0.0013282530000000002,"[_lsprof.profiler_subentry(code=<code object decide_next_direction_based_on_consistency at 0x558964aefd30, file ""/home/adityamoger/Documents/GitHub/dynamic_model_of_cocktail_party_nightmare/dynamic_model/supporting_files/bats_response_to_sound.py"", line 10>, callcount=632, reccallcount=0, totaltime=0.134271363, inlinetime=0.006429342), _lsprof.profiler_subentry(code=<code object __getitem__ at 0x55896466c320, file ""/home/adityamoger/anaconda3/envs/cocktail_3_dynamic_model/lib/python3.12/site-packages/pandas/core/frame.py"", line 4067>, callcount=632, reccallcount=0, totaltime=0.002701946, inlinetime=0.000982148), _lsprof.profiler_subentry(code=<code object __getitem__ at 0x5589648cf400, file ""/home/adityamoger/anaconda3/envs/cocktail_3_dynamic_model/lib/python3.12/site-packages/pandas/core/series.py"", line 1104>, callcount=632, reccallcount=0, totaltime=0.0026848, inlinetime=0.000906118), _lsprof.profiler_subentry(code=<code object normalize at 0x7eae668dc570, file ""/home/adityamoger/Documents/GitHub/dynamic_model_of_cocktail_party_nightmare/dynamic_model/supporting_files/vectors.py"", line 43>, callcount=632, reccallcount=0, totaltime=0.0006995160000000001, inlinetime=0.00037708900000000005)]"
283,"<code object contains_point at 0x7eae66ad62b0, file ""/home/adityamoger/Documents/GitHub/dynamic_model_of_cocktail_party_nightmare/dynamic_model/agents/sounds.py"", line 76>",2054540,0,8.599071554,1.075522617,"[_lsprof.profiler_subentry(code=<code object __getitem__ at 0x55896466c320, file ""/home/adityamoger/anaconda3/envs/cocktail_3_dynamic_model/lib/python3.12/site-packages/pandas/core/frame.py"", line 4067>, callcount=703228, reccallcount=0, totaltime=2.49264629, inlinetime=0.8959699820000001), _lsprof.profiler_subentry(code=<code object __getitem__ at 0x5589648cf400, file ""/home/adityamoger/anaconda3/envs/cocktail_3_dynamic_model/lib/python3.12/site-packages/pandas/core/series.py"", line 1104>, callcount=703228, reccallcount=0, totaltime=2.093501323, inlinetime=0.6286648370000001), _lsprof.profiler_subentry(code='<built-in method builtins.max>', callcount=703228, reccallcount=0, totaltime=0.13128316, inlinetime=0.13128316), _lsprof.profiler_subentry(code=<code object distance_to at 0x7eae668e08a0, file ""/home/adityamoger/Documents/GitHub/dynamic_model_of_cocktail_party_nightmare/dynamic_model/supporting_files/vectors.py"", line 54>, callcount=2054540, reccallcount=0, totaltime=2.8061181640000004, inlinetime=0.8319409710000001)]"
284,"<code object convert_matrix_to_one_hot at 0x7eae66ad6730, file ""/home/adityamoger/Documents/GitHub/dynamic_model_of_cocktail_party_nightmare/dynamic_model/supporting_files/supporting_functions_for_consistency.py"", line 7>",599,0,0.007107895,0.006744522,"[_lsprof.profiler_subentry(code=""<method 'copy' of 'numpy.ndarray' objects>"", callcount=599, reccallcount=0, totaltime=0.000363373, inlinetime=0.000363373)]"
285,"<code object close at 0x7eae66b6f210, file ""/home/adityamoger/anaconda3/envs/cocktail_3_dynamic_model/lib/python3.12/site-packages/pandas/io/parsers/readers.py"", line 1622>",3630,0,0.028241922000000003,0.0033507930000000003,"[_lsprof.profiler_subentry(code=<code object close at 0x5589647b8c00, file ""/home/adityamoger/anaconda3/envs/cocktail_3_dynamic_model/lib/python3.12/site-packages/pandas/io/common.py"", line 131>, callcount=3630, reccallcount=0, totaltime=0.019339858, inlinetime=0.0037323200000000003), _lsprof.profiler_subentry(code=<code object close at 0x7eae66a30810, file ""/home/adityamoger/anaconda3/envs/cocktail_3_dynamic_model/lib/python3.12/site-packages/pandas/io/parsers/c_parser_wrapper.py"", line 194>, callcount=3630, reccallcount=0, totaltime=0.005551271, inlinetime=0.005551271)]"
286,"<code object _validate_skipfooter at 0x7eae66bbdfb0, file ""/home/adityamoger/anaconda3/envs/cocktail_3_dynamic_model/lib/python3.12/site-packages/pandas/io/parsers/readers.py"", line 2365>",3630,0,0.0014878600000000001,0.001090362,"[_lsprof.profiler_subentry(code=""<method 'get' of 'dict' objects>"", callcount=3630, reccallcount=0, totaltime=0.00039749800000000004, inlinetime=0.00039749800000000004)]"
287,"<code object is_index_col at 0x7eae66be24f0, file ""/home/adityamoger/anaconda3/envs/cocktail_3_dynamic_model/lib/python3.12/site-packages/pandas/io/parsers/base_parser.py"", line 1461>",10890,0,0.001515477,0.001515477,
288,"<code object _set_noconvert_columns at 0x7eae66be9030, file ""/home/adityamoger/anaconda3/envs/cocktail_3_dynamic_model/lib/python3.12/site-packages/pandas/io/parsers/c_parser_wrapper.py"", line 201>",3630,0,0.014698116,0.007555310000000001,"[_lsprof.profiler_subentry(code=<code object _set_noconvert_dtype_columns at 0x558964a19ee0, file ""/home/adityamoger/anaconda3/envs/cocktail_3_dynamic_model/lib/python3.12/site-packages/pandas/io/parsers/base_parser.py"", line 610>, callcount=3630, reccallcount=0, totaltime=0.007142806000000001, inlinetime=0.005510771)]"
289,"<code object _validate_names at 0x7eae66bf9610, file ""/home/adityamoger/anaconda3/envs/cocktail_3_dynamic_model/lib/python3.12/site-packages/pandas/io/parsers/readers.py"", line 559>",3630,0,0.0005204960000000001,0.0005204960000000001,
290,"<code object _do_date_conversions at 0x7eae66bf9f70, file ""/home/adityamoger/anaconda3/envs/cocktail_3_dynamic_model/lib/python3.12/site-packages/pandas/io/parsers/base_parser.py"", line 880>",3630,0,0.007615192000000001,0.004050161,"[_lsprof.profiler_subentry(code=<code object _process_date_conversion at 0x558964a362c0, file ""/home/adityamoger/anaconda3/envs/cocktail_3_dynamic_model/lib/python3.12/site-packages/pandas/io/parsers/base_parser.py"", line 1283>, callcount=3630, reccallcount=0, totaltime=0.003565031, inlinetime=0.003300195)]"
291,"<code object _validate_usecols_arg at 0x7eae66bfa290, file ""/home/adityamoger/anaconda3/envs/cocktail_3_dynamic_model/lib/python3.12/site-packages/pandas/io/parsers/base_parser.py"", line 995>",3630,0,0.0007715430000000001,0.0007715430000000001,
292,"<code object _constructor_from_mgr at 0x7eae66efc810, file ""/home/adityamoger/anaconda3/envs/cocktail_3_dynamic_model/lib/python3.12/site-packages/pandas/core/series.py"", line 664>",3630,0,0.01801335,0.0038324820000000003,"[_lsprof.profiler_subentry(code=<code object _from_mgr at 0x7eae67953990, file ""/home/adityamoger/anaconda3/envs/cocktail_3_dynamic_model/lib/python3.12/site-packages/pandas/core/generic.py"", line 339>, callcount=3630, reccallcount=0, totaltime=0.009493072, inlinetime=0.002469717), _lsprof.profiler_subentry(code=<code object __setattr__ at 0x5589645cc5a0, file ""/home/adityamoger/anaconda3/envs/cocktail_3_dynamic_model/lib/python3.12/site-packages/pandas/core/generic.py"", line 6320>, callcount=3630, reccallcount=0, totaltime=0.004687796, inlinetime=0.004687796)]"
293,"<code object __array__ at 0x7eae66f34410, file ""/home/adityamoger/anaconda3/envs/cocktail_3_dynamic_model/lib/python3.12/site-packages/pandas/core/series.py"", line 978>",14637,0,0.025309501,0.013248860000000001,"[_lsprof.profiler_subentry(code='<built-in method numpy.asarray>', callcount=14637, reccallcount=0, totaltime=0.002661587, inlinetime=0.002661587), _lsprof.profiler_subentry(code=<code object using_copy_on_write at 0x7eae70c23930, file ""/home/adityamoger/anaconda3/envs/cocktail_3_dynamic_model/lib/python3.12/site-packages/pandas/_config/__init__.py"", line 34>, callcount=14637, reccallcount=0, totaltime=0.002859162, inlinetime=0.002859162), _lsprof.profiler_subentry(code=<code object _values at 0x7eae6712aa30, file ""/home/adityamoger/anaconda3/envs/cocktail_3_dynamic_model/lib/python3.12/site-packages/pandas/core/series.py"", line 831>, callcount=14637, reccallcount=0, totaltime=0.006539892, inlinetime=0.003702288)]"
294,"<code object _constructor at 0x7eae66f40850, file ""/home/adityamoger/anaconda3/envs/cocktail_3_dynamic_model/lib/python3.12/site-packages/pandas/core/series.py"", line 660>",47541,0,0.005293071000000001,0.005293071000000001,
295,"<code object _clear_item_cache at 0x7eae66f40c60, file ""/home/adityamoger/anaconda3/envs/cocktail_3_dynamic_model/lib/python3.12/site-packages/pandas/core/series.py"", line 1489>",58431,0,0.004992777,0.004992777,
296,"<code object reindex at 0x7eae66f545d0, file ""/home/adityamoger/anaconda3/envs/cocktail_3_dynamic_model/lib/python3.12/site-packages/pandas/core/series.py"", line 5147>",3630,0,0.181491539,0.006029751000000001,"[_lsprof.profiler_subentry(code=<code object reindex at 0x5589645e1da0, file ""/home/adityamoger/anaconda3/envs/cocktail_3_dynamic_model/lib/python3.12/site-packages/pandas/core/generic.py"", line 5362>, callcount=3630, reccallcount=0, totaltime=0.175461788, inlinetime=0.007785508000000001)]"
297,"<code object isna at 0x7eae66f54a80, file ""/home/adityamoger/anaconda3/envs/cocktail_3_dynamic_model/lib/python3.12/site-packages/pandas/core/series.py"", line 5784>",3630,0,0.201918646,0.001534053,"[_lsprof.profiler_subentry(code=<code object isna at 0x7eae677fe030, file ""/home/adityamoger/anaconda3/envs/cocktail_3_dynamic_model/lib/python3.12/site-packages/pandas/core/generic.py"", line 8712>, callcount=3630, reccallcount=0, totaltime=0.200384593, inlinetime=0.002938168)]"
298,"<code object _check_file_or_buffer at 0x7eae66fefab0, file ""/home/adityamoger/anaconda3/envs/cocktail_3_dynamic_model/lib/python3.12/site-packages/pandas/io/parsers/readers.py"", line 1674>",3630,0,0.0041085950000000005,0.0017721350000000002,"[_lsprof.profiler_subentry(code=<code object is_file_like at 0x7eae6fc59110, file ""/home/adityamoger/anaconda3/envs/cocktail_3_dynamic_model/lib/python3.12/site-packages/pandas/core/dtypes/inference.py"", line 105>, callcount=3630, reccallcount=0, totaltime=0.0023364600000000003, inlinetime=0.0014817930000000001)]"
299,"<code object __init__ at 0x7eae6708c300, file ""/home/adityamoger/anaconda3/envs/cocktail_3_dynamic_model/lib/python3.12/site-packages/pandas/core/internals/managers.py"", line 1837>",73165,0,0.014450932000000001,0.014450932000000001,
300,"<code object dtype at 0x7eae6708c4e0, file ""/home/adityamoger/anaconda3/envs/cocktail_3_dynamic_model/lib/python3.12/site-packages/pandas/core/internals/managers.py"", line 1993>",102459,0,0.035256603000000004,0.030646965,"[_lsprof.profiler_subentry(code=<code object dtype at 0x7eae671da4c0, file ""/home/adityamoger/anaconda3/envs/cocktail_3_dynamic_model/lib/python3.12/site-packages/pandas/core/internals/blocks.py"", line 744>, callcount=14637, reccallcount=0, totaltime=0.0030672330000000004, inlinetime=0.0030672330000000004), _lsprof.profiler_subentry(code=<code object _block at 0x7eae671ff050, file ""/home/adityamoger/anaconda3/envs/cocktail_3_dynamic_model/lib/python3.12/site-packages/pandas/core/internals/managers.py"", line 1940>, callcount=14637, reccallcount=0, totaltime=0.0015424050000000002, inlinetime=0.0015424050000000002)]"
301,"<code object internal_values at 0x7eae6708c5d0, file ""/home/adityamoger/anaconda3/envs/cocktail_3_dynamic_model/lib/python3.12/site-packages/pandas/core/internals/managers.py"", line 2004>",7581779,0,0.951113839,0.945024822,"[_lsprof.profiler_subentry(code=<code object _block at 0x7eae671ff050, file ""/home/adityamoger/anaconda3/envs/cocktail_3_dynamic_model/lib/python3.12/site-packages/pandas/core/internals/managers.py"", line 1940>, callcount=54898, reccallcount=0, totaltime=0.006089017, inlinetime=0.006089017)]"
302,"<code object __exit__ at 0x7eae6708d890, file ""/home/adityamoger/anaconda3/envs/cocktail_3_dynamic_model/lib/python3.12/site-packages/pandas/io/common.py"", line 151>",1,0,1.6856000000000003e-05,1.038e-06,"[_lsprof.profiler_subentry(code=<code object close at 0x5589647b8c00, file ""/home/adityamoger/anaconda3/envs/cocktail_3_dynamic_model/lib/python3.12/site-packages/pandas/io/common.py"", line 131>, callcount=1, reccallcount=0, totaltime=1.5818e-05, inlinetime=2.5630000000000003e-06)]"
303,"<code object iget at 0x7eae67090030, file ""/home/adityamoger/anaconda3/envs/cocktail_3_dynamic_model/lib/python3.12/site-packages/pandas/core/internals/managers.py"", line 1012>",18364,0,0.12273400400000001,0.07323360500000001,"[_lsprof.profiler_subentry(code=<code object blknos at 0x7eae67268930, file ""/home/adityamoger/anaconda3/envs/cocktail_3_dynamic_model/lib/python3.12/site-packages/pandas/core/internals/managers.py"", line 180>, callcount=18364, reccallcount=0, totaltime=0.031243954, inlinetime=0.019326350000000003), _lsprof.profiler_subentry(code=<code object blklocs at 0x7eae67268b70, file ""/home/adityamoger/anaconda3/envs/cocktail_3_dynamic_model/lib/python3.12/site-packages/pandas/core/internals/managers.py"", line 196>, callcount=18364, reccallcount=0, totaltime=0.002819574, inlinetime=0.002819574), _lsprof.profiler_subentry(code=<code object iget at 0x7eae671fce30, file ""/home/adityamoger/anaconda3/envs/cocktail_3_dynamic_model/lib/python3.12/site-packages/pandas/core/internals/blocks.py"", line 1319>, callcount=18364, reccallcount=0, totaltime=0.00960836, inlinetime=0.00960836), _lsprof.profiler_subentry(code='<built-in method builtins.len>', callcount=18364, reccallcount=0, totaltime=0.0018587520000000002, inlinetime=0.0018587520000000002), _lsprof.profiler_subentry(code=<code object __init__ at 0x7eae6708c300, file ""/home/adityamoger/anaconda3/envs/cocktail_3_dynamic_model/lib/python3.12/site-packages/pandas/core/internals/managers.py"", line 1837>, callcount=18364, reccallcount=0, totaltime=0.003969759000000001, inlinetime=0.003969759000000001)]"
304,"<code object infer_compression at 0x7eae67091770, file ""/home/adityamoger/anaconda3/envs/cocktail_3_dynamic_model/lib/python3.12/site-packages/pandas/io/common.py"", line 550>",3631,0,0.030217698,0.012564842000000001,"[_lsprof.profiler_subentry(code=<code object stringify_path at 0x7eae671c7280, file ""/home/adityamoger/anaconda3/envs/cocktail_3_dynamic_model/lib/python3.12/site-packages/pandas/io/common.py"", line 248>, callcount=3631, reccallcount=0, totaltime=0.008029262, inlinetime=0.001520899), _lsprof.profiler_subentry(code=""<method 'lower' of 'str' objects>"", callcount=32679, reccallcount=0, totaltime=0.003844665, inlinetime=0.003844665), _lsprof.profiler_subentry(code=""<method 'endswith' of 'str' objects>"", callcount=32679, reccallcount=0, totaltime=0.004935606, inlinetime=0.004935606), _lsprof.profiler_subentry(code='<built-in method builtins.isinstance>', callcount=3631, reccallcount=0, totaltime=0.00022883200000000002, inlinetime=0.00022883200000000002), _lsprof.profiler_subentry(code=""<method 'items' of 'dict' objects>"", callcount=3631, reccallcount=0, totaltime=0.000614491, inlinetime=0.000614491)]"
305,"<code object _is_binary_mode at 0x7eae6709c6f0, file ""/home/adityamoger/anaconda3/envs/cocktail_3_dynamic_model/lib/python3.12/site-packages/pandas/io/common.py"", line 1165>",7261,0,0.026667587000000003,0.009580883,"[_lsprof.profiler_subentry(code='<built-in method builtins.getattr>', callcount=7260, reccallcount=0, totaltime=0.0010569610000000001, inlinetime=0.0010569610000000001), _lsprof.profiler_subentry(code='<built-in method builtins.isinstance>', callcount=7260, reccallcount=0, totaltime=0.014748438, inlinetime=0.005544434), _lsprof.profiler_subentry(code='<built-in method builtins.issubclass>', callcount=7260, reccallcount=0, totaltime=0.0012813050000000002, inlinetime=0.0012813050000000002)]"
306,"<code object _logical_method at 0x7eae6709f120, file ""/home/adityamoger/anaconda3/envs/cocktail_3_dynamic_model/lib/python3.12/site-packages/pandas/core/series.py"", line 6134>",14637,0,0.8623787540000001,0.028747505000000003,"[_lsprof.profiler_subentry(code=<code object extract_array at 0x7eae6fc3e3f0, file ""/home/adityamoger/anaconda3/envs/cocktail_3_dynamic_model/lib/python3.12/site-packages/pandas/core/construction.py"", line 416>, callcount=14637, reccallcount=0, totaltime=0.016990518, inlinetime=0.007043558), _lsprof.profiler_subentry(code=<code object get_op_result_name at 0x7eae6fcf2760, file ""/home/adityamoger/anaconda3/envs/cocktail_3_dynamic_model/lib/python3.12/site-packages/pandas/core/ops/common.py"", line 81>, callcount=14637, reccallcount=0, totaltime=0.052601965, inlinetime=0.007862664), _lsprof.profiler_subentry(code=<code object _construct_result at 0x558964831dc0, file ""/home/adityamoger/anaconda3/envs/cocktail_3_dynamic_model/lib/python3.12/site-packages/pandas/core/series.py"", line 6212>, callcount=14637, reccallcount=0, totaltime=0.603297567, inlinetime=0.029682059), _lsprof.profiler_subentry(code=<code object _align_for_op at 0x558964847a30, file ""/home/adityamoger/anaconda3/envs/cocktail_3_dynamic_model/lib/python3.12/site-packages/pandas/core/series.py"", line 6148>, callcount=14637, reccallcount=0, totaltime=0.016557121, inlinetime=0.010723175000000001), _lsprof.profiler_subentry(code=<code object logical_op at 0x55896449a930, file ""/home/adityamoger/anaconda3/envs/cocktail_3_dynamic_model/lib/python3.12/site-packages/pandas/core/ops/array_ops.py"", line 393>, callcount=14637, reccallcount=0, totaltime=0.13171428400000001, inlinetime=0.036519128000000005), _lsprof.profiler_subentry(code=<code object _values at 0x7eae6712aa30, file ""/home/adityamoger/anaconda3/envs/cocktail_3_dynamic_model/lib/python3.12/site-packages/pandas/core/series.py"", line 831>, callcount=14637, reccallcount=0, totaltime=0.012469794000000001, inlinetime=0.0034685230000000003)]"
307,"<code object __enter__ at 0x7eae670d0b90, file ""/home/adityamoger/anaconda3/envs/cocktail_3_dynamic_model/lib/python3.12/site-packages/pandas/io/common.py"", line 148>",1,0,8.800000000000001e-08,8.800000000000001e-08,
308,"<code object any at 0x7eae670d75d0, file ""/home/adityamoger/anaconda3/envs/cocktail_3_dynamic_model/lib/python3.12/site-packages/pandas/core/series.py"", line 6470>",3630,0,0.042809794000000005,0.008396523000000001,"[_lsprof.profiler_subentry(code=<code object __call__ at 0x7eae6fa84e30, file ""/home/adityamoger/anaconda3/envs/cocktail_3_dynamic_model/lib/python3.12/site-packages/pandas/compat/numpy/function.py"", line 64>, callcount=3630, reccallcount=0, totaltime=0.0007613440000000001, inlinetime=0.0007613440000000001), _lsprof.profiler_subentry(code=<code object validate_bool_kwarg at 0x7eae6fc1b9b0, file ""/home/adityamoger/anaconda3/envs/cocktail_3_dynamic_model/lib/python3.12/site-packages/pandas/util/_validators.py"", line 226>, callcount=3630, reccallcount=0, totaltime=0.001414794, inlinetime=0.001414794), _lsprof.profiler_subentry(code=<code object _reduce at 0x7eae6712dd30, file ""/home/adityamoger/anaconda3/envs/cocktail_3_dynamic_model/lib/python3.12/site-packages/pandas/core/series.py"", line 6429>, callcount=3630, reccallcount=0, totaltime=0.032237133, inlinetime=0.0062807520000000006)]"
309,"<code object is_potential_multi_index at 0x7eae670f01a0, file ""/home/adityamoger/anaconda3/envs/cocktail_3_dynamic_model/lib/python3.12/site-packages/pandas/io/common.py"", line 1204>",7260,0,0.029291746,0.011470163,"[_lsprof.profiler_subentry(code='<built-in method builtins.all>', callcount=7260, reccallcount=0, totaltime=0.006445866000000001, inlinetime=0.002410052), _lsprof.profiler_subentry(code=<code object <genexpr> at 0x7eae6726ae50, file ""/home/adityamoger/anaconda3/envs/cocktail_3_dynamic_model/lib/python3.12/site-packages/pandas/io/common.py"", line 1229>, callcount=7260, reccallcount=0, totaltime=0.001790186, inlinetime=0.001790186), _lsprof.profiler_subentry(code='<built-in method builtins.isinstance>', callcount=7260, reccallcount=0, totaltime=0.009059757, inlinetime=0.0033732420000000003), _lsprof.profiler_subentry(code='<built-in method builtins.len>', callcount=7260, reccallcount=0, totaltime=0.000525774, inlinetime=0.000525774)]"
310,"<code object __init__ at 0x7eae670f0e90, file ""/home/adityamoger/anaconda3/envs/cocktail_3_dynamic_model/lib/python3.12/zipfile/__init__.py"", line 1175>",100,0,0.0007061600000000001,0.000203236,"[_lsprof.profiler_subentry(code=<code object _get_compressor at 0x558964803a20, file ""/home/adityamoger/anaconda3/envs/cocktail_3_dynamic_model/lib/python3.12/zipfile/__init__.py"", line 737>, callcount=100, reccallcount=0, totaltime=0.0005029240000000001, inlinetime=8.398100000000001e-05)]"
311,"<code object _fpclose at 0x7eae670f12e0, file ""/home/adityamoger/anaconda3/envs/cocktail_3_dynamic_model/lib/python3.12/zipfile/__init__.py"", line 2047>",50,0,0.009354711,4.6668e-05,"[_lsprof.profiler_subentry(code=""<method 'close' of '_io.BufferedRandom' objects>"", callcount=50, reccallcount=0, totaltime=0.009308043, inlinetime=0.009308043)]"
312,"<code object __init__ at 0x7eae670fdac0, file ""<string>"", line 2>",3631,0,0.0013269940000000002,0.0013269940000000002,
313,"<code object __init__ at 0x7eae67120ed0, file ""<string>"", line 2>",3631,0,0.0012398040000000002,0.0012398040000000002,
314,"<code object _set_as_cached at 0x7eae67121fb0, file ""/home/adityamoger/anaconda3/envs/cocktail_3_dynamic_model/lib/python3.12/site-packages/pandas/core/series.py"", line 1480>",18364,0,0.030848646,0.014257351000000001,"[_lsprof.profiler_subentry(code=<code object using_copy_on_write at 0x7eae70c23930, file ""/home/adityamoger/anaconda3/envs/cocktail_3_dynamic_model/lib/python3.12/site-packages/pandas/_config/__init__.py"", line 34>, callcount=18364, reccallcount=0, totaltime=0.002862978, inlinetime=0.002862978), _lsprof.profiler_subentry(code=<code object __setattr__ at 0x5589645cc5a0, file ""/home/adityamoger/anaconda3/envs/cocktail_3_dynamic_model/lib/python3.12/site-packages/pandas/core/generic.py"", line 6320>, callcount=18364, reccallcount=0, totaltime=0.013728317, inlinetime=0.013728317)]"
315,"<code object _values at 0x7eae6712aa30, file ""/home/adityamoger/anaconda3/envs/cocktail_3_dynamic_model/lib/python3.12/site-packages/pandas/core/series.py"", line 831>",7581779,0,2.423347461,1.472233622,"[_lsprof.profiler_subentry(code=<code object internal_values at 0x7eae6708c5d0, file ""/home/adityamoger/anaconda3/envs/cocktail_3_dynamic_model/lib/python3.12/site-packages/pandas/core/internals/managers.py"", line 2004>, callcount=7581779, reccallcount=0, totaltime=0.951113839, inlinetime=0.945024822)]"
316,"<code object min at 0x7eae6712b530, file ""/home/adityamoger/anaconda3/envs/cocktail_3_dynamic_model/lib/python3.12/site-packages/pandas/core/series.py"", line 6510>",1815,0,0.052288993000000006,0.001265976,"[_lsprof.profiler_subentry(code=<code object min at 0x7eae67501ac0, file ""/home/adityamoger/anaconda3/envs/cocktail_3_dynamic_model/lib/python3.12/site-packages/pandas/core/generic.py"", line 12400>, callcount=1815, reccallcount=0, totaltime=0.051023017000000004, inlinetime=0.001574943)]"
317,"<code object max at 0x7eae6712b630, file ""/home/adityamoger/anaconda3/envs/cocktail_3_dynamic_model/lib/python3.12/site-packages/pandas/core/series.py"", line 6520>",1815,0,0.078502395,0.0016054300000000001,"[_lsprof.profiler_subentry(code=<code object max at 0x7eae67501bd0, file ""/home/adityamoger/anaconda3/envs/cocktail_3_dynamic_model/lib/python3.12/site-packages/pandas/core/generic.py"", line 12416>, callcount=1815, reccallcount=0, totaltime=0.07689696500000001, inlinetime=0.0022653260000000002)]"
318,"<code object mean at 0x7eae6712b930, file ""/home/adityamoger/anaconda3/envs/cocktail_3_dynamic_model/lib/python3.12/site-packages/pandas/core/series.py"", line 6552>",14637,0,0.500273323,0.011204787,"[_lsprof.profiler_subentry(code=<code object mean at 0x7eae67501ce0, file ""/home/adityamoger/anaconda3/envs/cocktail_3_dynamic_model/lib/python3.12/site-packages/pandas/core/generic.py"", line 12432>, callcount=14637, reccallcount=0, totaltime=0.48906853600000005, inlinetime=0.016192254)]"
319,"<code object _cmp_method at 0x7eae6712db60, file ""/home/adityamoger/anaconda3/envs/cocktail_3_dynamic_model/lib/python3.12/site-packages/pandas/core/series.py"", line 6121>",29274,0,1.8050689750000002,0.048626525000000004,"[_lsprof.profiler_subentry(code=<code object extract_array at 0x7eae6fc3e3f0, file ""/home/adityamoger/anaconda3/envs/cocktail_3_dynamic_model/lib/python3.12/site-packages/pandas/core/construction.py"", line 416>, callcount=29274, reccallcount=0, totaltime=0.010915510000000002, inlinetime=0.008848350000000001), _lsprof.profiler_subentry(code=<code object get_op_result_name at 0x7eae6fcf2760, file ""/home/adityamoger/anaconda3/envs/cocktail_3_dynamic_model/lib/python3.12/site-packages/pandas/core/ops/common.py"", line 81>, callcount=29274, reccallcount=0, totaltime=0.054984093000000005, inlinetime=0.014448756), _lsprof.profiler_subentry(code=<code object comparison_op at 0x5589644ab7b0, file ""/home/adityamoger/anaconda3/envs/cocktail_3_dynamic_model/lib/python3.12/site-packages/pandas/core/ops/array_ops.py"", line 288>, callcount=29274, reccallcount=0, totaltime=0.38046535800000003, inlinetime=0.084342304), _lsprof.profiler_subentry(code=<code object _construct_result at 0x558964831dc0, file ""/home/adityamoger/anaconda3/envs/cocktail_3_dynamic_model/lib/python3.12/site-packages/pandas/core/series.py"", line 6212>, callcount=29274, reccallcount=0, totaltime=1.292072413, inlinetime=0.066621236), _lsprof.profiler_subentry(code='<built-in method builtins.isinstance>', callcount=29274, reccallcount=0, totaltime=0.0030647810000000004, inlinetime=0.0030647810000000004), _lsprof.profiler_subentry(code=<code object _values at 0x7eae6712aa30, file ""/home/adityamoger/anaconda3/envs/cocktail_3_dynamic_model/lib/python3.12/site-packages/pandas/core/series.py"", line 831>, callcount=29274, reccallcount=0, totaltime=0.014940295000000001, inlinetime=0.007623835000000001)]"
320,"<code object _reduce at 0x7eae6712dd30, file ""/home/adityamoger/anaconda3/envs/cocktail_3_dynamic_model/lib/python3.12/site-packages/pandas/core/series.py"", line 6429>",21897,0,0.457997352,0.029026521000000003,"[_lsprof.profiler_subentry(code=<code object _get_axis_number at 0x7eae6796ebf0, file ""/home/adityamoger/anaconda3/envs/cocktail_3_dynamic_model/lib/python3.12/site-packages/pandas/core/generic.py"", line 572>, callcount=3630, reccallcount=0, totaltime=0.000839277, inlinetime=0.000839277), _lsprof.profiler_subentry(code=<code object nanany at 0x5589644fbd80, file ""/home/adityamoger/anaconda3/envs/cocktail_3_dynamic_model/lib/python3.12/site-packages/pandas/core/nanops.py"", line 482>, callcount=3630, reccallcount=0, totaltime=0.021381401, inlinetime=0.002249984), _lsprof.profiler_subentry(code=<code object f at 0x5589644f6250, file ""/home/adityamoger/anaconda3/envs/cocktail_3_dynamic_model/lib/python3.12/site-packages/pandas/core/nanops.py"", line 111>, callcount=18267, reccallcount=0, totaltime=0.384222889, inlinetime=0.019100315), _lsprof.profiler_subentry(code='<built-in method builtins.isinstance>', callcount=21897, reccallcount=0, totaltime=0.00274427, inlinetime=0.00274427), _lsprof.profiler_subentry(code=<code object _values at 0x7eae6712aa30, file ""/home/adityamoger/anaconda3/envs/cocktail_3_dynamic_model/lib/python3.12/site-packages/pandas/core/series.py"", line 831>, callcount=21897, reccallcount=0, totaltime=0.019782994, inlinetime=0.005947425)]"
321,"<code object _fileobj at 0x7eae67134120, file ""/home/adityamoger/anaconda3/envs/cocktail_3_dynamic_model/lib/python3.12/zipfile/__init__.py"", line 1185>",700,0,9.9264e-05,9.9264e-05,
322,"<code object __del__ at 0x7eae671345d0, file ""/home/adityamoger/anaconda3/envs/cocktail_3_dynamic_model/lib/python3.12/zipfile/__init__.py"", line 1927>",50,0,3.1299e-05,2.1915000000000003e-05,"[_lsprof.profiler_subentry(code=<code object close at 0x5589647d5c70, file ""/home/adityamoger/anaconda3/envs/cocktail_3_dynamic_model/lib/python3.12/zipfile/__init__.py"", line 1931>, callcount=50, reccallcount=0, totaltime=9.384e-06, inlinetime=9.384e-06)]"
323,"<code object dtype at 0x7eae67137d20, file ""/home/adityamoger/anaconda3/envs/cocktail_3_dynamic_model/lib/python3.12/site-packages/pandas/core/series.py"", line 707>",102459,0,0.055779341,0.020522738000000002,"[_lsprof.profiler_subentry(code=<code object dtype at 0x7eae6708c4e0, file ""/home/adityamoger/anaconda3/envs/cocktail_3_dynamic_model/lib/python3.12/site-packages/pandas/core/internals/managers.py"", line 1993>, callcount=102459, reccallcount=0, totaltime=0.035256603000000004, inlinetime=0.030646965)]"
324,"<code object __len__ at 0x7eae67137e10, file ""/home/adityamoger/anaconda3/envs/cocktail_3_dynamic_model/lib/python3.12/site-packages/pandas/core/series.py"", line 914>",18267,0,0.024889375000000002,0.0030854800000000003,"[_lsprof.profiler_subentry(code='<built-in method builtins.len>', callcount=18267, reccallcount=0, totaltime=0.021803895, inlinetime=0.005495098)]"
325,"<code object name at 0x7eae67166410, file ""/home/adityamoger/anaconda3/envs/cocktail_3_dynamic_model/lib/python3.12/site-packages/pandas/core/series.py"", line 734>",204801,0,0.073380266,0.034202274000000005,"[_lsprof.profiler_subentry(code=<code object __getattr__ at 0x7eae677b2a60, file ""/home/adityamoger/anaconda3/envs/cocktail_3_dynamic_model/lib/python3.12/site-packages/pandas/core/generic.py"", line 6303>, callcount=54801, reccallcount=0, totaltime=0.039177992, inlinetime=0.039177992)]"
326,"<code object _get_data_as_items at 0x7eae6718d590, file ""/home/adityamoger/anaconda3/envs/cocktail_3_dynamic_model/lib/python3.12/site-packages/pandas/core/indexes/range.py"", line 246>",10,0,3.028e-06,3.028e-06,
327,"<code object _simple_new at 0x7eae671c4310, file ""/home/adityamoger/anaconda3/envs/cocktail_3_dynamic_model/lib/python3.12/site-packages/pandas/core/indexes/range.py"", line 201>",3630,0,0.007783918000000001,0.00416727,"[_lsprof.profiler_subentry(code=<code object _reset_identity at 0x7eae67564030, file ""/home/adityamoger/anaconda3/envs/cocktail_3_dynamic_model/lib/python3.12/site-packages/pandas/core/indexes/base.py"", line 832>, callcount=3630, reccallcount=0, totaltime=0.002247074, inlinetime=0.002247074), _lsprof.profiler_subentry(code='<built-in method builtins.isinstance>', callcount=3630, reccallcount=0, totaltime=0.00027337, inlinetime=0.00027337), _lsprof.profiler_subentry(code='<built-in method __new__ of type object at 0x55893d5e4300>', callcount=3630, reccallcount=0, totaltime=0.0010962040000000001, inlinetime=0.0010962040000000001)]"
328,"<code object __reduce__ at 0x7eae671c45f0, file ""/home/adityamoger/anaconda3/envs/cocktail_3_dynamic_model/lib/python3.12/site-packages/pandas/core/indexes/range.py"", line 251>",10,0,1.9573e-05,1.3771e-05,"[_lsprof.profiler_subentry(code=<code object _get_data_as_items at 0x7eae6718d590, file ""/home/adityamoger/anaconda3/envs/cocktail_3_dynamic_model/lib/python3.12/site-packages/pandas/core/indexes/range.py"", line 246>, callcount=10, reccallcount=0, totaltime=3.028e-06, inlinetime=3.028e-06), _lsprof.profiler_subentry(code=""<method 'update' of 'dict' objects>"", callcount=10, reccallcount=0, totaltime=2.774e-06, inlinetime=2.774e-06)]"
329,"<code object copy at 0x7eae671c5450, file ""/home/adityamoger/anaconda3/envs/cocktail_3_dynamic_model/lib/python3.12/site-packages/pandas/core/internals/blocks.py"", line 816>",3630,0,0.00871248,0.00871248,
330,"<code object take at 0x7eae671c5fd0, file ""/home/adityamoger/anaconda3/envs/cocktail_3_dynamic_model/lib/python3.12/site-packages/pandas/core/internals/managers.py"", line 869>",14637,0,0.909829215,0.030689759,"[_lsprof.profiler_subentry(code=<code object shape at 0x7eae67264530, file ""/home/adityamoger/anaconda3/envs/cocktail_3_dynamic_model/lib/python3.12/site-packages/pandas/core/internals/base.py"", line 82>, callcount=14637, reccallcount=0, totaltime=0.042528385, inlinetime=0.019809363), _lsprof.profiler_subentry(code=<code object maybe_convert_indices at 0x5589644a05f0, file ""/home/adityamoger/anaconda3/envs/cocktail_3_dynamic_model/lib/python3.12/site-packages/pandas/core/indexers/utils.py"", line 239>, callcount=14637, reccallcount=0, totaltime=0.108723647, inlinetime=0.063400225), _lsprof.profiler_subentry(code=<code object take at 0x5589646e96b0, file ""/home/adityamoger/anaconda3/envs/cocktail_3_dynamic_model/lib/python3.12/site-packages/pandas/core/indexes/range.py"", line 1148>, callcount=14637, reccallcount=0, totaltime=0.196958127, inlinetime=0.065273547), _lsprof.profiler_subentry(code=<code object reindex_indexer at 0x558964762f30, file ""/home/adityamoger/anaconda3/envs/cocktail_3_dynamic_model/lib/python3.12/site-packages/pandas/core/internals/managers.py"", line 623>, callcount=14637, reccallcount=0, totaltime=0.530929297, inlinetime=0.060068298000000006)]"
331,"<code object stringify_path at 0x7eae671c7280, file ""/home/adityamoger/anaconda3/envs/cocktail_3_dynamic_model/lib/python3.12/site-packages/pandas/io/common.py"", line 248>",7262,0,0.024558343,0.004915678000000001,"[_lsprof.profiler_subentry(code=<code object is_file_like at 0x7eae6fc59110, file ""/home/adityamoger/anaconda3/envs/cocktail_3_dynamic_model/lib/python3.12/site-packages/pandas/core/dtypes/inference.py"", line 105>, callcount=3631, reccallcount=0, totaltime=0.001675318, inlinetime=0.001136145), _lsprof.profiler_subentry(code=<code object _expand_user at 0x7eae6725eaf0, file ""/home/adityamoger/anaconda3/envs/cocktail_3_dynamic_model/lib/python3.12/site-packages/pandas/io/common.py"", line 188>, callcount=7262, reccallcount=0, totaltime=0.012912222000000001, inlinetime=0.004225729), _lsprof.profiler_subentry(code='<built-in method builtins.isinstance>', callcount=7262, reccallcount=0, totaltime=0.005055125000000001, inlinetime=0.001889211)]"
332,"<code object get_compression_method at 0x7eae671c7560, file ""/home/adityamoger/anaconda3/envs/cocktail_3_dynamic_model/lib/python3.12/site-packages/pandas/io/common.py"", line 515>",3631,0,0.00394717,0.0011544860000000001,"[_lsprof.profiler_subentry(code='<built-in method builtins.isinstance>', callcount=3631, reccallcount=0, totaltime=0.002792684, inlinetime=0.001062573)]"
333,"<code object __len__ at 0x7eae671d8120, file ""/home/adityamoger/anaconda3/envs/cocktail_3_dynamic_model/lib/python3.12/site-packages/pandas/core/indexes/range.py"", line 999>",292623,0,0.068696424,0.045430998,"[_lsprof.profiler_subentry(code='<built-in method builtins.len>', callcount=292623, reccallcount=0, totaltime=0.023265426000000002, inlinetime=0.023265426000000002)]"
334,"<code object fill_value at 0x7eae671d9e30, file ""/home/adityamoger/anaconda3/envs/cocktail_3_dynamic_model/lib/python3.12/site-packages/pandas/core/internals/blocks.py"", line 255>",3630,0,0.004353695,0.001980649,"[_lsprof.profiler_subentry(code=<code object na_value_for_dtype at 0x558964477f40, file ""/home/adityamoger/anaconda3/envs/cocktail_3_dynamic_model/lib/python3.12/site-packages/pandas/core/dtypes/missing.py"", line 673>, callcount=3630, reccallcount=0, totaltime=0.002373046, inlinetime=0.0019491100000000002)]"
335,"<code object dtype at 0x7eae671da4c0, file ""/home/adityamoger/anaconda3/envs/cocktail_3_dynamic_model/lib/python3.12/site-packages/pandas/core/internals/blocks.py"", line 744>",21897,0,0.004148892,0.004148892,
336,"<code object __len__ at 0x7eae671db2d0, file ""/home/adityamoger/anaconda3/envs/cocktail_3_dynamic_model/lib/python3.12/site-packages/pandas/core/internals/base.py"", line 74>",18267,0,0.016308797,0.006526400000000001,"[_lsprof.profiler_subentry(code=<code object items at 0x7eae671fdc30, file ""/home/adityamoger/anaconda3/envs/cocktail_3_dynamic_model/lib/python3.12/site-packages/pandas/core/internals/managers.py"", line 246>, callcount=18267, reccallcount=0, totaltime=0.0021012310000000003, inlinetime=0.0021012310000000003), _lsprof.profiler_subentry(code='<built-in method builtins.len>', callcount=18267, reccallcount=0, totaltime=0.0076811660000000006, inlinetime=0.003450579)]"
337,"<code object mgr_locs at 0x7eae671fcab0, file ""/home/adityamoger/anaconda3/envs/cocktail_3_dynamic_model/lib/python3.12/site-packages/pandas/core/internals/blocks.py"", line 268>",74,0,6.451000000000001e-06,6.451000000000001e-06,
338,"<code object iget at 0x7eae671fce30, file ""/home/adityamoger/anaconda3/envs/cocktail_3_dynamic_model/lib/python3.12/site-packages/pandas/core/internals/blocks.py"", line 1319>",18364,0,0.00960836,0.00960836,
339,"<code object items at 0x7eae671fdc30, file ""/home/adityamoger/anaconda3/envs/cocktail_3_dynamic_model/lib/python3.12/site-packages/pandas/core/internals/managers.py"", line 246>",18267,0,0.0021012310000000003,0.0021012310000000003,
340,"<code object from_blocks at 0x7eae671feb10, file ""/home/adityamoger/anaconda3/envs/cocktail_3_dynamic_model/lib/python3.12/site-packages/pandas/core/internals/managers.py"", line 948>",14637,0,0.019892378000000002,0.017949989,"[_lsprof.profiler_subentry(code=<code object __init__ at 0x7eae67270db0, file ""/home/adityamoger/anaconda3/envs/cocktail_3_dynamic_model/lib/python3.12/site-packages/pandas/core/internals/managers.py"", line 913>, callcount=14637, reccallcount=0, totaltime=0.001942389, inlinetime=0.001942389)]"
341,"<code object _block at 0x7eae671ff050, file ""/home/adityamoger/anaconda3/envs/cocktail_3_dynamic_model/lib/python3.12/site-packages/pandas/core/internals/managers.py"", line 1940>",69535,0,0.0076314220000000006,0.0076314220000000006,
342,"<code object _encodeFilenameFlags at 0x7eae6722b0a0, file ""/home/adityamoger/anaconda3/envs/cocktail_3_dynamic_model/lib/python3.12/zipfile/__init__.py"", line 494>",300,0,0.00020465700000000002,0.000121663,"[_lsprof.profiler_subentry(code=""<method 'encode' of 'str' objects>"", callcount=300, reccallcount=0, totaltime=8.2994e-05, inlinetime=8.2994e-05)]"
343,"<code object _check_compression at 0x7eae6722b870, file ""/home/adityamoger/anaconda3/envs/cocktail_3_dynamic_model/lib/python3.12/zipfile/__init__.py"", line 718>",150,0,4.4152e-05,4.4152e-05,
344,"<code object ndim at 0x7eae6722e590, file ""/home/adityamoger/anaconda3/envs/cocktail_3_dynamic_model/lib/python3.12/site-packages/pandas/core/internals/managers.py"", line 1828>",3630,0,0.000389725,0.000389725,
345,"<code object from_array at 0x7eae67235bc0, file ""/home/adityamoger/anaconda3/envs/cocktail_3_dynamic_model/lib/python3.12/site-packages/pandas/core/internals/managers.py"", line 1863>",51171,0,0.28231000700000003,0.08412283300000001,"[_lsprof.profiler_subentry(code=<code object maybe_coerce_values at 0x7eae67527430, file ""/home/adityamoger/anaconda3/envs/cocktail_3_dynamic_model/lib/python3.12/site-packages/pandas/core/internals/blocks.py"", line 2718>, callcount=51171, reccallcount=0, totaltime=0.074801069, inlinetime=0.041291904000000004), _lsprof.profiler_subentry(code=<code object new_block at 0x7eae67238cf0, file ""/home/adityamoger/anaconda3/envs/cocktail_3_dynamic_model/lib/python3.12/site-packages/pandas/core/internals/blocks.py"", line 2789>, callcount=51171, reccallcount=0, totaltime=0.08793648800000001, inlinetime=0.053682323000000004), _lsprof.profiler_subentry(code='<built-in method builtins.len>', callcount=51171, reccallcount=0, totaltime=0.025746795000000003, inlinetime=0.012772766000000001), _lsprof.profiler_subentry(code=<code object __init__ at 0x7eae6708c300, file ""/home/adityamoger/anaconda3/envs/cocktail_3_dynamic_model/lib/python3.12/site-packages/pandas/core/internals/managers.py"", line 1837>, callcount=51171, reccallcount=0, totaltime=0.009702822, inlinetime=0.009702822)]"
346,"<code object is_fsspec_url at 0x7eae67236b80, file ""/home/adityamoger/anaconda3/envs/cocktail_3_dynamic_model/lib/python3.12/site-packages/pandas/io/common.py"", line 292>",3631,0,0.00725999,0.0031013290000000003,"[_lsprof.profiler_subentry(code=""<method 'match' of 're.Pattern' objects>"", callcount=3631, reccallcount=0, totaltime=0.003891991, inlinetime=0.003891991), _lsprof.profiler_subentry(code='<built-in method builtins.isinstance>', callcount=3631, reccallcount=0, totaltime=0.00026667, inlinetime=0.00026667)]"
347,"<code object new_block at 0x7eae67238cf0, file ""/home/adityamoger/anaconda3/envs/cocktail_3_dynamic_model/lib/python3.12/site-packages/pandas/core/internals/blocks.py"", line 2789>",51171,0,0.08793648800000001,0.053682323000000004,"[_lsprof.profiler_subentry(code=<code object get_block_type at 0x7eae675af7b0, file ""/home/adityamoger/anaconda3/envs/cocktail_3_dynamic_model/lib/python3.12/site-packages/pandas/core/internals/blocks.py"", line 2747>, callcount=51171, reccallcount=0, totaltime=0.034254165, inlinetime=0.023563165)]"
348,"<code object set_axis at 0x7eae67239020, file ""/home/adityamoger/anaconda3/envs/cocktail_3_dynamic_model/lib/python3.12/site-packages/pandas/core/internals/managers.py"", line 236>",54801,0,0.085862823,0.018903581000000003,"[_lsprof.profiler_subentry(code=<code object _validate_set_axis at 0x7eae675af4b0, file ""/home/adityamoger/anaconda3/envs/cocktail_3_dynamic_model/lib/python3.12/site-packages/pandas/core/internals/base.py"", line 86>, callcount=54801, reccallcount=0, totaltime=0.066959242, inlinetime=0.020624708000000002)]"
349,"<code object name at 0x7eae6724bc30, file ""/home/adityamoger/anaconda3/envs/cocktail_3_dynamic_model/lib/python3.12/site-packages/pandas/core/series.py"", line 784>",98712,0,0.21928207800000002,0.07392884400000001,"[_lsprof.profiler_subentry(code=<code object validate_all_hashable at 0x7eae6fc59e90, file ""/home/adityamoger/anaconda3/envs/cocktail_3_dynamic_model/lib/python3.12/site-packages/pandas/core/dtypes/common.py"", line 1581>, callcount=98712, reccallcount=0, totaltime=0.145353234, inlinetime=0.038124869000000006)]"
350,"<code object from_blocks at 0x7eae6725d330, file ""/home/adityamoger/anaconda3/envs/cocktail_3_dynamic_model/lib/python3.12/site-packages/pandas/core/internals/managers.py"", line 1850>",3630,0,0.005491332000000001,0.004124972,"[_lsprof.profiler_subentry(code='<built-in method builtins.len>', callcount=7260, reccallcount=0, totaltime=0.000588009, inlinetime=0.000588009), _lsprof.profiler_subentry(code=<code object __init__ at 0x7eae6708c300, file ""/home/adityamoger/anaconda3/envs/cocktail_3_dynamic_model/lib/python3.12/site-packages/pandas/core/internals/managers.py"", line 1837>, callcount=3630, reccallcount=0, totaltime=0.000778351, inlinetime=0.000778351)]"
351,"<code object _expand_user at 0x7eae6725eaf0, file ""/home/adityamoger/anaconda3/envs/cocktail_3_dynamic_model/lib/python3.12/site-packages/pandas/io/common.py"", line 188>",10893,0,0.017774575,0.00565703,"[_lsprof.profiler_subentry(code=<code object expanduser at 0x55893d592540, file ""<frozen posixpath>"", line 256>, callcount=10893, reccallcount=0, totaltime=0.011433337, inlinetime=0.006540590000000001), _lsprof.profiler_subentry(code='<built-in method builtins.isinstance>', callcount=10893, reccallcount=0, totaltime=0.0006842080000000001, inlinetime=0.0006842080000000001)]"
352,"<code object check_parent_directory at 0x7eae6725ed50, file ""/home/adityamoger/anaconda3/envs/cocktail_3_dynamic_model/lib/python3.12/site-packages/pandas/io/common.py"", line 605>",1,0,6.0999e-05,5.403000000000001e-06,"[_lsprof.profiler_subentry(code=<code object __init__ at 0x7eaea75916b0, file ""/home/adityamoger/anaconda3/envs/cocktail_3_dynamic_model/lib/python3.12/pathlib.py"", line 1157>, callcount=1, reccallcount=0, totaltime=4.262e-06, inlinetime=2.4280000000000003e-06), _lsprof.profiler_subentry(code=<code object parent at 0x7eaea75561f0, file ""/home/adityamoger/anaconda3/envs/cocktail_3_dynamic_model/lib/python3.12/pathlib.py"", line 731>, callcount=1, reccallcount=0, totaltime=3.2858e-05, inlinetime=4.48e-06), _lsprof.profiler_subentry(code=<code object __new__ at 0x7eaea75565b0, file ""/home/adityamoger/anaconda3/envs/cocktail_3_dynamic_model/lib/python3.12/pathlib.py"", line 1164>, callcount=1, reccallcount=0, totaltime=1.585e-06, inlinetime=1.139e-06), _lsprof.profiler_subentry(code=<code object is_dir at 0x7eaea75bc310, file ""/home/adityamoger/anaconda3/envs/cocktail_3_dynamic_model/lib/python3.12/pathlib.py"", line 870>, callcount=1, reccallcount=0, totaltime=1.6891e-05, inlinetime=2.2920000000000002e-06)]"
353,"<code object shape at 0x7eae67264530, file ""/home/adityamoger/anaconda3/envs/cocktail_3_dynamic_model/lib/python3.12/site-packages/pandas/core/internals/base.py"", line 82>",18267,0,0.054445989,0.025779324000000003,"[_lsprof.profiler_subentry(code=<code object <genexpr> at 0x7eae675a7a30, file ""/home/adityamoger/anaconda3/envs/cocktail_3_dynamic_model/lib/python3.12/site-packages/pandas/core/internals/base.py"", line 84>, callcount=54801, reccallcount=0, totaltime=0.028666665, inlinetime=0.009545115)]"
354,"<code object blknos at 0x7eae67268930, file ""/home/adityamoger/anaconda3/envs/cocktail_3_dynamic_model/lib/python3.12/site-packages/pandas/core/internals/managers.py"", line 180>",33001,0,0.033965431000000004,0.022047827000000002,"[_lsprof.profiler_subentry(code=<code object shape at 0x7eae67264530, file ""/home/adityamoger/anaconda3/envs/cocktail_3_dynamic_model/lib/python3.12/site-packages/pandas/core/internals/base.py"", line 82>, callcount=3630, reccallcount=0, totaltime=0.011917604, inlinetime=0.005969961)]"
355,"<code object blklocs at 0x7eae67268b70, file ""/home/adityamoger/anaconda3/envs/cocktail_3_dynamic_model/lib/python3.12/site-packages/pandas/core/internals/managers.py"", line 196>",33001,0,0.005395757,0.005395757,
356,"<code object is_consolidated at 0x7eae67269470, file ""/home/adityamoger/anaconda3/envs/cocktail_3_dynamic_model/lib/python3.12/site-packages/pandas/core/internals/managers.py"", line 1764>",3630,0,0.022758176,0.002508338,"[_lsprof.profiler_subentry(code=<code object _consolidate_check at 0x7eae6758e790, file ""/home/adityamoger/anaconda3/envs/cocktail_3_dynamic_model/lib/python3.12/site-packages/pandas/core/internals/managers.py"", line 1772>, callcount=3630, reccallcount=0, totaltime=0.020249838000000003, inlinetime=0.012642932)]"
357,"<code object _grouping_func at 0x7eae672696b0, file ""/home/adityamoger/anaconda3/envs/cocktail_3_dynamic_model/lib/python3.12/site-packages/pandas/core/internals/managers.py"", line 2177>",10890,0,0.006928317000000001,0.00400509,"[_lsprof.profiler_subentry(code=<code object is_1d_only_ea_dtype at 0x7eae70793230, file ""/home/adityamoger/anaconda3/envs/cocktail_3_dynamic_model/lib/python3.12/site-packages/pandas/core/dtypes/common.py"", line 1272>, callcount=10890, reccallcount=0, totaltime=0.002923227, inlinetime=0.0018572660000000002)]"
358,"<code object is_url at 0x7eae6726a0d0, file ""/home/adityamoger/anaconda3/envs/cocktail_3_dynamic_model/lib/python3.12/site-packages/pandas/io/common.py"", line 160>",3631,0,0.023185885,0.004306329,"[_lsprof.profiler_subentry(code=<code object urlparse at 0x7eaea76b7030, file ""/home/adityamoger/anaconda3/envs/cocktail_3_dynamic_model/lib/python3.12/urllib/parse.py"", line 374>, callcount=3631, reccallcount=0, totaltime=0.018594882, inlinetime=0.011492312000000001), _lsprof.profiler_subentry(code='<built-in method builtins.isinstance>', callcount=3631, reccallcount=0, totaltime=0.000284674, inlinetime=0.000284674)]"
359,"<code object <genexpr> at 0x7eae6726ae50, file ""/home/adityamoger/anaconda3/envs/cocktail_3_dynamic_model/lib/python3.12/site-packages/pandas/io/common.py"", line 1229>",14520,0,0.0058260000000000004,0.0051165590000000006,"[_lsprof.profiler_subentry(code='<built-in method builtins.isinstance>', callcount=7260, reccallcount=0, totaltime=0.000709441, inlinetime=0.000709441)]"
360,"<code object __init__ at 0x7eae67270db0, file ""/home/adityamoger/anaconda3/envs/cocktail_3_dynamic_model/lib/python3.12/site-packages/pandas/core/internals/managers.py"", line 913>",18267,0,0.002422217,0.002422217,
361,"<code object _stack_arrays at 0x7eae672713b0, file ""/home/adityamoger/anaconda3/envs/cocktail_3_dynamic_model/lib/python3.12/site-packages/pandas/core/internals/managers.py"", line 2246>",7260,0,0.022798814,0.018451557,"[_lsprof.profiler_subentry(code='<built-in method numpy.empty>', callcount=7260, reccallcount=0, totaltime=0.003704096, inlinetime=0.003704096), _lsprof.profiler_subentry(code='<built-in method builtins.len>', callcount=7260, reccallcount=0, totaltime=0.0006431610000000001, inlinetime=0.0006431610000000001)]"
362,"<code object __getstate__ at 0x7eae674f0410, file ""/home/adityamoger/anaconda3/envs/cocktail_3_dynamic_model/lib/python3.12/site-packages/pandas/core/generic.py"", line 2195>",10,0,3.0770000000000005e-05,1.9768e-05,"[_lsprof.profiler_subentry(code=<code object attrs at 0x7eae6778edb0, file ""/home/adityamoger/anaconda3/envs/cocktail_3_dynamic_model/lib/python3.12/site-packages/pandas/core/generic.py"", line 363>, callcount=10, reccallcount=0, totaltime=1.021e-06, inlinetime=1.021e-06), _lsprof.profiler_subentry(code=<code object flags at 0x7eae6778ee90, file ""/home/adityamoger/anaconda3/envs/cocktail_3_dynamic_model/lib/python3.12/site-packages/pandas/core/generic.py"", line 405>, callcount=20, reccallcount=0, totaltime=2.1860000000000003e-06, inlinetime=2.1860000000000003e-06), _lsprof.profiler_subentry(code=<code object __getitem__ at 0x7eae67956de0, file ""/home/adityamoger/anaconda3/envs/cocktail_3_dynamic_model/lib/python3.12/site-packages/pandas/core/flags.py"", line 100>, callcount=10, reccallcount=0, totaltime=7.795e-06, inlinetime=3.985e-06)]"
363,"<code object _dtype_to_subclass at 0x7eae674f0dc0, file ""/home/adityamoger/anaconda3/envs/cocktail_3_dynamic_model/lib/python3.12/site-packages/pandas/core/indexes/base.py"", line 610>",10890,0,0.005262074,0.003969426,"[_lsprof.profiler_subentry(code='<built-in method builtins.isinstance>', callcount=10890, reccallcount=0, totaltime=0.001292648, inlinetime=0.001292648)]"
364,"<code object _simple_new at 0x7eae674f11a0, file ""/home/adityamoger/anaconda3/envs/cocktail_3_dynamic_model/lib/python3.12/site-packages/pandas/core/indexes/base.py"", line 650>",25527,0,0.06719356600000001,0.050913280000000005,"[_lsprof.profiler_subentry(code=<code object _reset_identity at 0x7eae67564030, file ""/home/adityamoger/anaconda3/envs/cocktail_3_dynamic_model/lib/python3.12/site-packages/pandas/core/indexes/base.py"", line 832>, callcount=25527, reccallcount=0, totaltime=0.008253162, inlinetime=0.008253162), _lsprof.profiler_subentry(code='<built-in method builtins.isinstance>', callcount=25527, reccallcount=0, totaltime=0.002365931, inlinetime=0.002365931), _lsprof.profiler_subentry(code='<built-in method __new__ of type object at 0x55893d5e4300>', callcount=25527, reccallcount=0, totaltime=0.005661193, inlinetime=0.005661193)]"
365,"<code object <genexpr> at 0x7eae674f4880, file ""/home/adityamoger/anaconda3/envs/cocktail_3_dynamic_model/lib/python3.12/site-packages/pandas/core/generic.py"", line 5617>",7260,0,0.08307512900000001,0.004279911,"[_lsprof.profiler_subentry(code=<code object _get_axis at 0x7eae6798fb90, file ""/home/adityamoger/anaconda3/envs/cocktail_3_dynamic_model/lib/python3.12/site-packages/pandas/core/generic.py"", line 586>, callcount=3630, reccallcount=0, totaltime=0.005384833, inlinetime=0.004228648000000001), _lsprof.profiler_subentry(code=<code object identical at 0x7eae67987770, file ""/home/adityamoger/anaconda3/envs/cocktail_3_dynamic_model/lib/python3.12/site-packages/pandas/core/indexes/base.py"", line 5664>, callcount=3630, reccallcount=0, totaltime=0.07341038500000001, inlinetime=0.0069119080000000005)]"
366,"<code object _engine_type at 0x7eae674f5a50, file ""/home/adityamoger/anaconda3/envs/cocktail_3_dynamic_model/lib/python3.12/site-packages/pandas/core/indexes/base.py"", line 456>",3630,0,0.003723548,0.0025026410000000003,"[_lsprof.profiler_subentry(code=""<method 'get' of 'dict' objects>"", callcount=3630, reccallcount=0, totaltime=0.001220907, inlinetime=0.001220907)]"
367,"<code object __contains__ at 0x7eae674f6760, file ""/home/adityamoger/anaconda3/envs/cocktail_3_dynamic_model/lib/python3.12/site-packages/pandas/core/indexes/base.py"", line 5335>",7519718,0,2.598792585,2.038412209,"[_lsprof.profiler_subentry(code='<built-in method builtins.hash>', callcount=7519718, reccallcount=0, totaltime=0.560380376, inlinetime=0.560380376)]"
368,"<code object min at 0x7eae67501ac0, file ""/home/adityamoger/anaconda3/envs/cocktail_3_dynamic_model/lib/python3.12/site-packages/pandas/core/generic.py"", line 12400>",1815,0,0.051023017000000004,0.001574943,"[_lsprof.profiler_subentry(code=<code object _stat_function at 0x7eae67520570, file ""/home/adityamoger/anaconda3/envs/cocktail_3_dynamic_model/lib/python3.12/site-packages/pandas/core/generic.py"", line 12381>, callcount=1815, reccallcount=0, totaltime=0.049448074, inlinetime=0.002170416)]"
369,"<code object max at 0x7eae67501bd0, file ""/home/adityamoger/anaconda3/envs/cocktail_3_dynamic_model/lib/python3.12/site-packages/pandas/core/generic.py"", line 12416>",1815,0,0.07689696500000001,0.0022653260000000002,"[_lsprof.profiler_subentry(code=<code object _stat_function at 0x7eae67520570, file ""/home/adityamoger/anaconda3/envs/cocktail_3_dynamic_model/lib/python3.12/site-packages/pandas/core/generic.py"", line 12381>, callcount=1815, reccallcount=0, totaltime=0.074631639, inlinetime=0.003296638)]"
370,"<code object mean at 0x7eae67501ce0, file ""/home/adityamoger/anaconda3/envs/cocktail_3_dynamic_model/lib/python3.12/site-packages/pandas/core/generic.py"", line 12432>",14637,0,0.48906853600000005,0.016192254,"[_lsprof.profiler_subentry(code=<code object _stat_function at 0x7eae67520570, file ""/home/adityamoger/anaconda3/envs/cocktail_3_dynamic_model/lib/python3.12/site-packages/pandas/core/generic.py"", line 12381>, callcount=14637, reccallcount=0, totaltime=0.47287628200000004, inlinetime=0.020164144000000002)]"
371,"<code object _ensure_array at 0x7eae67505790, file ""/home/adityamoger/anaconda3/envs/cocktail_3_dynamic_model/lib/python3.12/site-packages/pandas/core/indexes/base.py"", line 592>",10890,0,0.005400491,0.005400491,
372,"<code object _can_hold_identifiers_and_holds_name at 0x7eae67507310, file ""/home/adityamoger/anaconda3/envs/cocktail_3_dynamic_model/lib/python3.12/site-packages/pandas/core/indexes/base.py"", line 5449>",29274,0,0.15769354500000002,0.031175191,"[_lsprof.profiler_subentry(code=<code object is_object_dtype at 0x7eae706f7990, file ""/home/adityamoger/anaconda3/envs/cocktail_3_dynamic_model/lib/python3.12/site-packages/pandas/core/dtypes/common.py"", line 139>, callcount=29274, reccallcount=0, totaltime=0.046301439, inlinetime=0.016059663000000002), _lsprof.profiler_subentry(code=<code object is_string_dtype at 0x7eae6fcb82b0, file ""/home/adityamoger/anaconda3/envs/cocktail_3_dynamic_model/lib/python3.12/site-packages/pandas/core/dtypes/common.py"", line 538>, callcount=29274, reccallcount=0, totaltime=0.069461616, inlinetime=0.013487013), _lsprof.profiler_subentry(code=<code object dtype at 0x7eae675dde40, file ""/home/adityamoger/anaconda3/envs/cocktail_3_dynamic_model/lib/python3.12/site-packages/pandas/core/indexes/range.py"", line 376>, callcount=87822, reccallcount=0, totaltime=0.0071155, inlinetime=0.0071155), _lsprof.profiler_subentry(code='<built-in method builtins.isinstance>', callcount=29274, reccallcount=0, totaltime=0.0036397990000000004, inlinetime=0.0036397990000000004)]"
373,"<code object maybe_extract_name at 0x7eae67507cb0, file ""/home/adityamoger/anaconda3/envs/cocktail_3_dynamic_model/lib/python3.12/site-packages/pandas/core/indexes/base.py"", line 7716>",69321,0,0.106836939,0.030998075000000003,"[_lsprof.profiler_subentry(code='<built-in method builtins.isinstance>', callcount=69321, reccallcount=0, totaltime=0.055196752, inlinetime=0.021450132), _lsprof.profiler_subentry(code=<code object is_hashable at 0x7eae70793130, file ""/home/adityamoger/anaconda3/envs/cocktail_3_dynamic_model/lib/python3.12/site-packages/pandas/core/dtypes/inference.py"", line 334>, callcount=69321, reccallcount=0, totaltime=0.020642112, inlinetime=0.013472586000000002)]"
374,"<code object copy at 0x7eae67510330, file ""/home/adityamoger/anaconda3/envs/cocktail_3_dynamic_model/lib/python3.12/site-packages/pandas/core/generic.py"", line 6681>",3630,0,0.08109782800000001,0.006470490000000001,"[_lsprof.profiler_subentry(code=<code object _clear_item_cache at 0x7eae66f40c60, file ""/home/adityamoger/anaconda3/envs/cocktail_3_dynamic_model/lib/python3.12/site-packages/pandas/core/series.py"", line 1489>, callcount=3630, reccallcount=0, totaltime=0.000280388, inlinetime=0.000280388), _lsprof.profiler_subentry(code=<code object copy at 0x5589647be180, file ""/home/adityamoger/anaconda3/envs/cocktail_3_dynamic_model/lib/python3.12/site-packages/pandas/core/internals/managers.py"", line 557>, callcount=3630, reccallcount=0, totaltime=0.037970019, inlinetime=0.006752524), _lsprof.profiler_subentry(code=<code object _constructor_from_mgr at 0x7eae66efc810, file ""/home/adityamoger/anaconda3/envs/cocktail_3_dynamic_model/lib/python3.12/site-packages/pandas/core/series.py"", line 664>, callcount=3630, reccallcount=0, totaltime=0.01801335, inlinetime=0.0038324820000000003), _lsprof.profiler_subentry(code=<code object __finalize__ at 0x5589645bde30, file ""/home/adityamoger/anaconda3/envs/cocktail_3_dynamic_model/lib/python3.12/site-packages/pandas/core/generic.py"", line 6255>, callcount=3630, reccallcount=0, totaltime=0.018363581, inlinetime=0.013642662000000002)]"
375,"<code object _maybe_disallow_fill at 0x7eae67510f30, file ""/home/adityamoger/anaconda3/envs/cocktail_3_dynamic_model/lib/python3.12/site-packages/pandas/core/indexes/base.py"", line 1183>",14637,0,0.002805947,0.002805947,
376,"<code object _stat_function at 0x7eae67520570, file ""/home/adityamoger/anaconda3/envs/cocktail_3_dynamic_model/lib/python3.12/site-packages/pandas/core/generic.py"", line 12381>",18267,0,0.5969559950000001,0.025631198,"[_lsprof.profiler_subentry(code=<code object validate_bool_kwarg at 0x7eae6fc1b9b0, file ""/home/adityamoger/anaconda3/envs/cocktail_3_dynamic_model/lib/python3.12/site-packages/pandas/util/_validators.py"", line 226>, callcount=18267, reccallcount=0, totaltime=0.004422758000000001, inlinetime=0.004422758000000001), _lsprof.profiler_subentry(code=<code object _reduce at 0x7eae6712dd30, file ""/home/adityamoger/anaconda3/envs/cocktail_3_dynamic_model/lib/python3.12/site-packages/pandas/core/series.py"", line 6429>, callcount=18267, reccallcount=0, totaltime=0.42576021900000005, inlinetime=0.022745769000000002), _lsprof.profiler_subentry(code=<code object validate_func at 0x7eae6fa63e10, file ""/home/adityamoger/anaconda3/envs/cocktail_3_dynamic_model/lib/python3.12/site-packages/pandas/compat/numpy/function.py"", line 413>, callcount=18267, reccallcount=0, totaltime=0.14114182, inlinetime=0.012922395000000001)]"
377,"<code object is_ at 0x7eae67521290, file ""/home/adityamoger/anaconda3/envs/cocktail_3_dynamic_model/lib/python3.12/site-packages/pandas/core/indexes/base.py"", line 792>",18267,0,0.011614132000000001,0.008601475,"[_lsprof.profiler_subentry(code='<built-in method builtins.hasattr>', callcount=18267, reccallcount=0, totaltime=0.003012657, inlinetime=0.003012657)]"
378,"<code object maybe_coerce_values at 0x7eae67527430, file ""/home/adityamoger/anaconda3/envs/cocktail_3_dynamic_model/lib/python3.12/site-packages/pandas/core/internals/blocks.py"", line 2718>",51171,0,0.074801069,0.041291904000000004,"[_lsprof.profiler_subentry(code=<code object ensure_wrapped_if_datetimelike at 0x55896449ea40, file ""/home/adityamoger/anaconda3/envs/cocktail_3_dynamic_model/lib/python3.12/site-packages/pandas/core/construction.py"", line 481>, callcount=51171, reccallcount=0, totaltime=0.019969733, inlinetime=0.016892434), _lsprof.profiler_subentry(code='<built-in method builtins.isinstance>', callcount=102342, reccallcount=0, totaltime=0.009451219, inlinetime=0.009451219), _lsprof.profiler_subentry(code='<built-in method builtins.issubclass>', callcount=51171, reccallcount=0, totaltime=0.004088213, inlinetime=0.004088213)]"
379,"<code object extend_blocks at 0x7eae67545b60, file ""/home/adityamoger/anaconda3/envs/cocktail_3_dynamic_model/lib/python3.12/site-packages/pandas/core/internals/blocks.py"", line 2868>",3630,0,0.004099641,0.0024079030000000003,"[_lsprof.profiler_subentry(code='<built-in method builtins.isinstance>', callcount=7260, reccallcount=0, totaltime=0.0008795020000000001, inlinetime=0.0008795020000000001), _lsprof.profiler_subentry(code=""<method 'append' of 'list' objects>"", callcount=3630, reccallcount=0, totaltime=0.000812236, inlinetime=0.000812236)]"
380,"<code object dedup_names at 0x7eae675472f0, file ""/home/adityamoger/anaconda3/envs/cocktail_3_dynamic_model/lib/python3.12/site-packages/pandas/io/common.py"", line 1233>",3630,0,0.009124932,0.009124932,
381,"<code object <genexpr> at 0x7eae67554330, file ""/home/adityamoger/anaconda3/envs/cocktail_3_dynamic_model/lib/python3.12/site-packages/pandas/core/indexes/base.py"", line 541>",7260,0,0.0021635450000000002,0.00187508,"[_lsprof.profiler_subentry(code='<built-in method builtins.isinstance>', callcount=3630, reccallcount=0, totaltime=0.000288465, inlinetime=0.000288465)]"
382,"<code object _maybe_cast_indexer at 0x7eae6755a730, file ""/home/adityamoger/anaconda3/envs/cocktail_3_dynamic_model/lib/python3.12/site-packages/pandas/core/indexes/base.py"", line 6688>",18364,0,0.0019249760000000001,0.0019249760000000001,
383,"<code object _reset_identity at 0x7eae67564030, file ""/home/adityamoger/anaconda3/envs/cocktail_3_dynamic_model/lib/python3.12/site-packages/pandas/core/indexes/base.py"", line 832>",29157,0,0.010500236000000001,0.010500236000000001,
384,"<code object __len__ at 0x7eae67564120, file ""/home/adityamoger/anaconda3/envs/cocktail_3_dynamic_model/lib/python3.12/site-packages/pandas/core/indexes/base.py"", line 912>",83724,0,0.021384529000000003,0.014482057000000001,"[_lsprof.profiler_subentry(code='<built-in method builtins.len>', callcount=83724, reccallcount=0, totaltime=0.006902472000000001, inlinetime=0.006902472000000001)]"
385,"<code object dtype at 0x7eae67564210, file ""/home/adityamoger/anaconda3/envs/cocktail_3_dynamic_model/lib/python3.12/site-packages/pandas/core/indexes/base.py"", line 981>",10890,0,0.001596996,0.001596996,
386,"<code object is_unique at 0x7eae67564e40, file ""/home/adityamoger/anaconda3/envs/cocktail_3_dynamic_model/lib/python3.12/site-packages/pandas/core/indexes/base.py"", line 2320>",3630,0,0.06750539400000001,0.013736387000000001,"[_lsprof.profiler_subentry(code=<code object _engine at 0x55896465a6b0, file ""/home/adityamoger/anaconda3/envs/cocktail_3_dynamic_model/lib/python3.12/site-packages/pandas/core/indexes/base.py"", line 843>, callcount=3630, reccallcount=0, totaltime=0.053769007, inlinetime=0.018032398)]"
387,"<code object start at 0x7eae67567c30, file ""/home/adityamoger/anaconda3/envs/cocktail_3_dynamic_model/lib/python3.12/site-packages/pandas/core/indexes/range.py"", line 280>",14637,0,0.0014140700000000001,0.0014140700000000001,
388,"<code object step at 0x7eae67567e10, file ""/home/adityamoger/anaconda3/envs/cocktail_3_dynamic_model/lib/python3.12/site-packages/pandas/core/indexes/range.py"", line 315>",14637,0,0.002124743,0.002124743,
389,"<code object _values at 0x7eae67570810, file ""/home/adityamoger/anaconda3/envs/cocktail_3_dynamic_model/lib/python3.12/site-packages/pandas/core/indexes/base.py"", line 5154>",21780,0,0.0018031100000000001,0.0018031100000000001,
390,"<code object _consolidate_check at 0x7eae6758e790, file ""/home/adityamoger/anaconda3/envs/cocktail_3_dynamic_model/lib/python3.12/site-packages/pandas/core/internals/managers.py"", line 1772>",3630,0,0.020249838000000003,0.012642932,"[_lsprof.profiler_subentry(code=<code object _can_consolidate at 0x7eae678033d0, file ""/home/adityamoger/anaconda3/envs/cocktail_3_dynamic_model/lib/python3.12/site-packages/pandas/core/internals/blocks.py"", line 221>, callcount=7260, reccallcount=0, totaltime=0.0055880520000000005, inlinetime=0.003006295), _lsprof.profiler_subentry(code=<code object dtype at 0x7eae671da4c0, file ""/home/adityamoger/anaconda3/envs/cocktail_3_dynamic_model/lib/python3.12/site-packages/pandas/core/internals/blocks.py"", line 744>, callcount=7260, reccallcount=0, totaltime=0.001081659, inlinetime=0.001081659), _lsprof.profiler_subentry(code='<built-in method builtins.len>', callcount=10890, reccallcount=0, totaltime=0.000937195, inlinetime=0.000937195)]"
391,"<code object _validate_dtype at 0x7eae6759d470, file ""/home/adityamoger/anaconda3/envs/cocktail_3_dynamic_model/lib/python3.12/site-packages/pandas/core/indexes/range.py"", line 216>",3630,0,0.0005325050000000001,0.0005325050000000001,
392,"<code object is_extension at 0x7eae6759ec10, file ""/home/adityamoger/anaconda3/envs/cocktail_3_dynamic_model/lib/python3.12/site-packages/pandas/core/internals/blocks.py"", line 216>",7260,0,0.002581757,0.002581757,
393,"<code object make_block_same_class at 0x7eae6759f090, file ""/home/adityamoger/anaconda3/envs/cocktail_3_dynamic_model/lib/python3.12/site-packages/pandas/core/internals/blocks.py"", line 294>",29274,0,0.027817479000000003,0.027817479000000003,
394,"<code object <genexpr> at 0x7eae675a7a30, file ""/home/adityamoger/anaconda3/envs/cocktail_3_dynamic_model/lib/python3.12/site-packages/pandas/core/internals/base.py"", line 84>",54801,0,0.028666665,0.009545115,"[_lsprof.profiler_subentry(code='<built-in method builtins.len>', callcount=36534, reccallcount=0, totaltime=0.01912155, inlinetime=0.009646465)]"
395,"<code object _validate_set_axis at 0x7eae675af4b0, file ""/home/adityamoger/anaconda3/envs/cocktail_3_dynamic_model/lib/python3.12/site-packages/pandas/core/internals/base.py"", line 86>",54801,0,0.066959242,0.020624708000000002,"[_lsprof.profiler_subentry(code='<built-in method builtins.len>', callcount=109602, reccallcount=0, totaltime=0.046334534000000004, inlinetime=0.02241318)]"
396,"<code object get_block_type at 0x7eae675af7b0, file ""/home/adityamoger/anaconda3/envs/cocktail_3_dynamic_model/lib/python3.12/site-packages/pandas/core/internals/blocks.py"", line 2747>",58431,0,0.039260127000000006,0.026999903000000002,"[_lsprof.profiler_subentry(code='<built-in method builtins.isinstance>', callcount=175293, reccallcount=0, totaltime=0.012260224, inlinetime=0.012260224)]"
397,"<code object _consolidate_inplace at 0x7eae675c7050, file ""/home/adityamoger/anaconda3/envs/cocktail_3_dynamic_model/lib/python3.12/site-packages/pandas/core/internals/managers.py"", line 1782>",3630,0,0.024409789,0.0016516130000000001,"[_lsprof.profiler_subentry(code=<code object is_consolidated at 0x7eae67269470, file ""/home/adityamoger/anaconda3/envs/cocktail_3_dynamic_model/lib/python3.12/site-packages/pandas/core/internals/managers.py"", line 1764>, callcount=3630, reccallcount=0, totaltime=0.022758176, inlinetime=0.002508338)]"
398,"<code object create_block_manager_from_column_arrays at 0x7eae675cfc50, file ""/home/adityamoger/anaconda3/envs/cocktail_3_dynamic_model/lib/python3.12/site-packages/pandas/core/internals/managers.py"", line 2121>",3630,0,0.13709221500000002,0.009643424000000001,"[_lsprof.profiler_subentry(code=<code object _form_blocks at 0x5589647c63e0, file ""/home/adityamoger/anaconda3/envs/cocktail_3_dynamic_model/lib/python3.12/site-packages/pandas/core/internals/managers.py"", line 2190>, callcount=3630, reccallcount=0, totaltime=0.102559174, inlinetime=0.039106504), _lsprof.profiler_subentry(code=<code object __init__ at 0x7eae67270db0, file ""/home/adityamoger/anaconda3/envs/cocktail_3_dynamic_model/lib/python3.12/site-packages/pandas/core/internals/managers.py"", line 913>, callcount=3630, reccallcount=0, totaltime=0.000479828, inlinetime=0.000479828), _lsprof.profiler_subentry(code=<code object _consolidate_inplace at 0x7eae675c7050, file ""/home/adityamoger/anaconda3/envs/cocktail_3_dynamic_model/lib/python3.12/site-packages/pandas/core/internals/managers.py"", line 1782>, callcount=3630, reccallcount=0, totaltime=0.024409789, inlinetime=0.0016516130000000001)]"
399,"<code object equals at 0x7eae675d66f0, file ""/home/adityamoger/anaconda3/envs/cocktail_3_dynamic_model/lib/python3.12/site-packages/pandas/core/indexes/range.py"", line 553>",43911,0,0.012687164,0.009952353,"[_lsprof.profiler_subentry(code='<built-in method builtins.isinstance>', callcount=43911, reccallcount=0, totaltime=0.002734811, inlinetime=0.002734811)]"
400,"<code object _constructor at 0x7eae675ddca0, file ""/home/adityamoger/anaconda3/envs/cocktail_3_dynamic_model/lib/python3.12/site-packages/pandas/core/indexes/range.py"", line 231>",1815,0,0.000164623,0.000164623,
401,"<code object dtype at 0x7eae675dde40, file ""/home/adityamoger/anaconda3/envs/cocktail_3_dynamic_model/lib/python3.12/site-packages/pandas/core/indexes/range.py"", line 376>",102459,0,0.008455036,0.008455036,
402,"<code object _constructor_sliced_from_mgr at 0x7eae6773d680, file ""/home/adityamoger/anaconda3/envs/cocktail_3_dynamic_model/lib/python3.12/site-packages/pandas/core/frame.py"", line 678>",18364,0,0.08330184,0.01782949,"[_lsprof.profiler_subentry(code=<code object _from_mgr at 0x7eae67953990, file ""/home/adityamoger/anaconda3/envs/cocktail_3_dynamic_model/lib/python3.12/site-packages/pandas/core/generic.py"", line 339>, callcount=18364, reccallcount=0, totaltime=0.041936190000000005, inlinetime=0.010594442), _lsprof.profiler_subentry(code=<code object __setattr__ at 0x5589645cc5a0, file ""/home/adityamoger/anaconda3/envs/cocktail_3_dynamic_model/lib/python3.12/site-packages/pandas/core/generic.py"", line 6320>, callcount=18364, reccallcount=0, totaltime=0.02353616, inlinetime=0.02353616)]"
403,"<code object _box_col_values at 0x7eae6773de60, file ""/home/adityamoger/anaconda3/envs/cocktail_3_dynamic_model/lib/python3.12/site-packages/pandas/core/frame.py"", line 4613>",18364,0,0.17928217400000002,0.023414477000000003,"[_lsprof.profiler_subentry(code=<code object __getitem__ at 0x5589647157d0, file ""/home/adityamoger/anaconda3/envs/cocktail_3_dynamic_model/lib/python3.12/site-packages/pandas/core/indexes/base.py"", line 5385>, callcount=18364, reccallcount=0, totaltime=0.014186019000000001, inlinetime=0.010989101000000001), _lsprof.profiler_subentry(code=<code object _constructor_sliced_from_mgr at 0x7eae6773d680, file ""/home/adityamoger/anaconda3/envs/cocktail_3_dynamic_model/lib/python3.12/site-packages/pandas/core/frame.py"", line 678>, callcount=18364, reccallcount=0, totaltime=0.08330184, inlinetime=0.01782949), _lsprof.profiler_subentry(code=<code object __setattr__ at 0x5589645cc5a0, file ""/home/adityamoger/anaconda3/envs/cocktail_3_dynamic_model/lib/python3.12/site-packages/pandas/core/generic.py"", line 6320>, callcount=18364, reccallcount=0, totaltime=0.007775710000000001, inlinetime=0.007775710000000001), _lsprof.profiler_subentry(code=<code object __finalize__ at 0x5589645bde30, file ""/home/adityamoger/anaconda3/envs/cocktail_3_dynamic_model/lib/python3.12/site-packages/pandas/core/generic.py"", line 6255>, callcount=18364, reccallcount=0, totaltime=0.050604128000000005, inlinetime=0.035188967)]"
404,"<code object allows_duplicate_labels at 0x7eae677785f0, file ""/home/adityamoger/anaconda3/envs/cocktail_3_dynamic_model/lib/python3.12/site-packages/pandas/core/flags.py"", line 87>",84172,0,0.030838003000000003,0.030838003000000003,
405,"<code object allows_duplicate_labels at 0x7eae6778c2d0, file ""/home/adityamoger/anaconda3/envs/cocktail_3_dynamic_model/lib/python3.12/site-packages/pandas/core/flags.py"", line 55>",84182,0,0.008255221,0.008255221,
406,"<code object attrs at 0x7eae6778edb0, file ""/home/adityamoger/anaconda3/envs/cocktail_3_dynamic_model/lib/python3.12/site-packages/pandas/core/generic.py"", line 363>",84182,0,0.009513262,0.009513262,
407,"<code object flags at 0x7eae6778ee90, file ""/home/adityamoger/anaconda3/envs/cocktail_3_dynamic_model/lib/python3.12/site-packages/pandas/core/generic.py"", line 405>",168364,0,0.013695816000000001,0.013695816000000001,
408,"<code object _constructor_from_mgr at 0x7eae677b1610, file ""/home/adityamoger/anaconda3/envs/cocktail_3_dynamic_model/lib/python3.12/site-packages/pandas/core/frame.py"", line 659>",14637,0,0.048044055,0.010613121000000001,"[_lsprof.profiler_subentry(code=<code object _from_mgr at 0x7eae67953990, file ""/home/adityamoger/anaconda3/envs/cocktail_3_dynamic_model/lib/python3.12/site-packages/pandas/core/generic.py"", line 339>, callcount=14637, reccallcount=0, totaltime=0.037430934, inlinetime=0.009473412)]"
409,"<code object _take_with_is_copy at 0x7eae677b2740, file ""/home/adityamoger/anaconda3/envs/cocktail_3_dynamic_model/lib/python3.12/site-packages/pandas/core/generic.py"", line 4161>",14637,0,1.1672469520000002,0.025589808000000002,"[_lsprof.profiler_subentry(code=<code object _get_axis at 0x7eae6798fb90, file ""/home/adityamoger/anaconda3/envs/cocktail_3_dynamic_model/lib/python3.12/site-packages/pandas/core/generic.py"", line 586>, callcount=29274, reccallcount=0, totaltime=0.018176467, inlinetime=0.014074157), _lsprof.profiler_subentry(code=<code object equals at 0x558964716e50, file ""/home/adityamoger/anaconda3/envs/cocktail_3_dynamic_model/lib/python3.12/site-packages/pandas/core/indexes/base.py"", line 5564>, callcount=14637, reccallcount=0, totaltime=0.035315080000000006, inlinetime=0.010420004), _lsprof.profiler_subentry(code=<code object take at 0x5589645fac70, file ""/home/adityamoger/anaconda3/envs/cocktail_3_dynamic_model/lib/python3.12/site-packages/pandas/core/generic.py"", line 4046>, callcount=14637, reccallcount=0, totaltime=1.069640791, inlinetime=0.049716857), _lsprof.profiler_subentry(code=<code object ndim at 0x7eae677dd3e0, file ""/home/adityamoger/anaconda3/envs/cocktail_3_dynamic_model/lib/python3.12/site-packages/pandas/core/generic.py"", line 696>, callcount=14637, reccallcount=0, totaltime=0.002349074, inlinetime=0.002349074), _lsprof.profiler_subentry(code=<code object _set_is_copy at 0x7eae677f0ff0, file ""/home/adityamoger/anaconda3/envs/cocktail_3_dynamic_model/lib/python3.12/site-packages/pandas/core/generic.py"", line 4398>, callcount=14637, reccallcount=0, totaltime=0.016175732, inlinetime=0.008351017)]"
410,"<code object __getattr__ at 0x7eae677b2a60, file ""/home/adityamoger/anaconda3/envs/cocktail_3_dynamic_model/lib/python3.12/site-packages/pandas/core/generic.py"", line 6303>",84075,0,0.245552964,0.076318148,"[_lsprof.profiler_subentry(code=<code object _info_axis at 0x7eae677dc300, file ""/home/adityamoger/anaconda3/envs/cocktail_3_dynamic_model/lib/python3.12/site-packages/pandas/core/generic.py"", line 667>, callcount=29274, reccallcount=0, totaltime=0.011541271, inlinetime=0.006844342000000001), _lsprof.profiler_subentry(code=<code object _can_hold_identifiers_and_holds_name at 0x7eae67507310, file ""/home/adityamoger/anaconda3/envs/cocktail_3_dynamic_model/lib/python3.12/site-packages/pandas/core/indexes/base.py"", line 5449>, callcount=29274, reccallcount=0, totaltime=0.15769354500000002, inlinetime=0.031175191)]"
411,"<code object _info_axis at 0x7eae677dc300, file ""/home/adityamoger/anaconda3/envs/cocktail_3_dynamic_model/lib/python3.12/site-packages/pandas/core/generic.py"", line 667>",29274,0,0.011541271,0.006844342000000001,"[_lsprof.profiler_subentry(code='<built-in method builtins.getattr>', callcount=29274, reccallcount=0, totaltime=0.004696929, inlinetime=0.004696929)]"
412,"<code object ndim at 0x7eae677dd3e0, file ""/home/adityamoger/anaconda3/envs/cocktail_3_dynamic_model/lib/python3.12/site-packages/pandas/core/generic.py"", line 696>",14637,0,0.002349074,0.002349074,
413,"<code object to_pickle at 0x7eae677de2e0, file ""/home/adityamoger/anaconda3/envs/cocktail_3_dynamic_model/lib/python3.12/site-packages/pandas/core/generic.py"", line 3119>",1,0,0.000395352,4.391e-06,"[_lsprof.profiler_subentry(code=<code object to_pickle at 0x7eae66ad47b0, file ""/home/adityamoger/anaconda3/envs/cocktail_3_dynamic_model/lib/python3.12/site-packages/pandas/io/pickle.py"", line 33>, callcount=1, reccallcount=0, totaltime=0.000390961, inlinetime=5.533e-06)]"
414,"<code object _set_is_copy at 0x7eae677f0ff0, file ""/home/adityamoger/anaconda3/envs/cocktail_3_dynamic_model/lib/python3.12/site-packages/pandas/core/generic.py"", line 4398>",14637,0,0.016175732,0.008351017,"[_lsprof.profiler_subentry(code=<code object __setattr__ at 0x5589645cc5a0, file ""/home/adityamoger/anaconda3/envs/cocktail_3_dynamic_model/lib/python3.12/site-packages/pandas/core/generic.py"", line 6320>, callcount=14637, reccallcount=0, totaltime=0.007824715000000001, inlinetime=0.007824715000000001)]"
415,"<code object __reduce__ at 0x7eae677f2550, file ""/home/adityamoger/anaconda3/envs/cocktail_3_dynamic_model/lib/python3.12/site-packages/pandas/core/indexes/base.py"", line 2794>",10,0,7.795e-06,6.457e-06,"[_lsprof.profiler_subentry(code=<code object name at 0x7eae67803c90, file ""/home/adityamoger/anaconda3/envs/cocktail_3_dynamic_model/lib/python3.12/site-packages/pandas/core/indexes/base.py"", line 1678>, callcount=10, reccallcount=0, totaltime=1.3380000000000001e-06, inlinetime=1.3380000000000001e-06)]"
416,"<code object <genexpr> at 0x7eae677f32d0, file ""/home/adityamoger/anaconda3/envs/cocktail_3_dynamic_model/lib/python3.12/site-packages/pandas/core/indexes/base.py"", line 5689>",7260,0,0.005650876,0.002302091,"[_lsprof.profiler_subentry(code='<built-in method builtins.getattr>', callcount=7260, reccallcount=0, totaltime=0.0033487850000000004, inlinetime=0.002352994)]"
417,"<code object isna at 0x7eae677fe030, file ""/home/adityamoger/anaconda3/envs/cocktail_3_dynamic_model/lib/python3.12/site-packages/pandas/core/generic.py"", line 8712>",3630,0,0.200384593,0.002938168,"[_lsprof.profiler_subentry(code=<code object isna at 0x7eae6fc702d0, file ""/home/adityamoger/anaconda3/envs/cocktail_3_dynamic_model/lib/python3.12/site-packages/pandas/core/dtypes/missing.py"", line 101>, callcount=3630, reccallcount=0, totaltime=0.183919563, inlinetime=0.001363223), _lsprof.profiler_subentry(code=<code object __finalize__ at 0x5589645bde30, file ""/home/adityamoger/anaconda3/envs/cocktail_3_dynamic_model/lib/python3.12/site-packages/pandas/core/generic.py"", line 6255>, callcount=3630, reccallcount=0, totaltime=0.013526862, inlinetime=0.009456562)]"
418,"<code object _can_consolidate at 0x7eae678033d0, file ""/home/adityamoger/anaconda3/envs/cocktail_3_dynamic_model/lib/python3.12/site-packages/pandas/core/internals/blocks.py"", line 221>",7260,0,0.0055880520000000005,0.003006295,"[_lsprof.profiler_subentry(code=<code object is_extension at 0x7eae6759ec10, file ""/home/adityamoger/anaconda3/envs/cocktail_3_dynamic_model/lib/python3.12/site-packages/pandas/core/internals/blocks.py"", line 216>, callcount=7260, reccallcount=0, totaltime=0.002581757, inlinetime=0.002581757)]"
419,"<code object name at 0x7eae67803c90, file ""/home/adityamoger/anaconda3/envs/cocktail_3_dynamic_model/lib/python3.12/site-packages/pandas/core/indexes/base.py"", line 1678>",21907,0,0.0033787080000000002,0.0033787080000000002,
420,"<code object ndim at 0x7eae67911550, file ""/home/adityamoger/anaconda3/envs/cocktail_3_dynamic_model/lib/python3.12/site-packages/pandas/core/base.py"", line 367>",87822,0,0.006088973,0.006088973,
421,"<code object _from_mgr at 0x7eae67953990, file ""/home/adityamoger/anaconda3/envs/cocktail_3_dynamic_model/lib/python3.12/site-packages/pandas/core/generic.py"", line 339>",36631,0,0.088860196,0.022537571000000003,"[_lsprof.profiler_subentry(code='<built-in method __new__ of type object at 0x55893d5e4300>', callcount=36631, reccallcount=0, totaltime=0.007274104000000001, inlinetime=0.007274104000000001), _lsprof.profiler_subentry(code=<code object __init__ at 0x7eae6798a170, file ""/home/adityamoger/anaconda3/envs/cocktail_3_dynamic_model/lib/python3.12/site-packages/pandas/core/generic.py"", line 278>, callcount=36631, reccallcount=0, totaltime=0.05904852100000001, inlinetime=0.048353772)]"
422,"<code object _get_block_manager_axis at 0x7eae67953bd0, file ""/home/adityamoger/anaconda3/envs/cocktail_3_dynamic_model/lib/python3.12/site-packages/pandas/core/generic.py"", line 592>",14637,0,0.010403469,0.007229832,"[_lsprof.profiler_subentry(code=<code object _get_axis_number at 0x7eae6796ebf0, file ""/home/adityamoger/anaconda3/envs/cocktail_3_dynamic_model/lib/python3.12/site-packages/pandas/core/generic.py"", line 572>, callcount=14637, reccallcount=0, totaltime=0.003173637, inlinetime=0.003173637)]"
423,"<code object __init__ at 0x7eae67956890, file ""/home/adityamoger/anaconda3/envs/cocktail_3_dynamic_model/lib/python3.12/site-packages/pandas/core/flags.py"", line 51>",95062,0,0.031056024,0.031056024,
424,"<code object __getitem__ at 0x7eae67956de0, file ""/home/adityamoger/anaconda3/envs/cocktail_3_dynamic_model/lib/python3.12/site-packages/pandas/core/flags.py"", line 100>",10,0,7.795e-06,3.985e-06,"[_lsprof.profiler_subentry(code='<built-in method builtins.getattr>', callcount=10, reccallcount=0, totaltime=3.8100000000000004e-06, inlinetime=2.909e-06)]"
425,"<code object _get_axis_number at 0x7eae6796ebf0, file ""/home/adityamoger/anaconda3/envs/cocktail_3_dynamic_model/lib/python3.12/site-packages/pandas/core/generic.py"", line 572>",51171,0,0.009271409000000001,0.009271409000000001,
426,"<code object _set_axis at 0x7eae6796efb0, file ""/home/adityamoger/anaconda3/envs/cocktail_3_dynamic_model/lib/python3.12/site-packages/pandas/core/generic.py"", line 807>",54801,0,0.14722780800000002,0.041003337,"[_lsprof.profiler_subentry(code=<code object ensure_index at 0x558964727360, file ""/home/adityamoger/anaconda3/envs/cocktail_3_dynamic_model/lib/python3.12/site-packages/pandas/core/indexes/base.py"", line 7621>, callcount=54801, reccallcount=0, totaltime=0.015649259000000002, inlinetime=0.011349971), _lsprof.profiler_subentry(code=<code object set_axis at 0x7eae67239020, file ""/home/adityamoger/anaconda3/envs/cocktail_3_dynamic_model/lib/python3.12/site-packages/pandas/core/internals/managers.py"", line 236>, callcount=54801, reccallcount=0, totaltime=0.085862823, inlinetime=0.018903581000000003), _lsprof.profiler_subentry(code=<code object _clear_item_cache at 0x7eae66f40c60, file ""/home/adityamoger/anaconda3/envs/cocktail_3_dynamic_model/lib/python3.12/site-packages/pandas/core/series.py"", line 1489>, callcount=54801, reccallcount=0, totaltime=0.004712389, inlinetime=0.004712389)]"
427,"<code object identical at 0x7eae67987770, file ""/home/adityamoger/anaconda3/envs/cocktail_3_dynamic_model/lib/python3.12/site-packages/pandas/core/indexes/base.py"", line 5664>",3630,0,0.07341038500000001,0.0069119080000000005,"[_lsprof.profiler_subentry(code='<built-in method builtins.all>', callcount=3630, reccallcount=0, totaltime=0.008110115000000001, inlinetime=0.002459239), _lsprof.profiler_subentry(code=<code object equals at 0x558964716e50, file ""/home/adityamoger/anaconda3/envs/cocktail_3_dynamic_model/lib/python3.12/site-packages/pandas/core/indexes/base.py"", line 5564>, callcount=3630, reccallcount=0, totaltime=0.058388362000000006, inlinetime=0.014707393000000001)]"
428,"<code object __init__ at 0x7eae6798a170, file ""/home/adityamoger/anaconda3/envs/cocktail_3_dynamic_model/lib/python3.12/site-packages/pandas/core/generic.py"", line 278>",95062,0,0.153122595,0.12206657100000001,"[_lsprof.profiler_subentry(code=<code object __init__ at 0x7eae67956890, file ""/home/adityamoger/anaconda3/envs/cocktail_3_dynamic_model/lib/python3.12/site-packages/pandas/core/flags.py"", line 51>, callcount=95062, reccallcount=0, totaltime=0.031056024, inlinetime=0.031056024)]"
429,"<code object check_dict_or_set_indexers at 0x7eae6798b130, file ""/home/adityamoger/anaconda3/envs/cocktail_3_dynamic_model/lib/python3.12/site-packages/pandas/core/indexing.py"", line 2765>",15006532,0,8.278006534000001,4.849889661000001,"[_lsprof.profiler_subentry(code='<built-in method builtins.isinstance>', callcount=60026128, reccallcount=0, totaltime=3.428116873, inlinetime=3.428116873)]"
430,"<code object _validate_dtype at 0x7eae6798f210, file ""/home/adityamoger/anaconda3/envs/cocktail_3_dynamic_model/lib/python3.12/site-packages/pandas/core/generic.py"", line 511>",51171,0,0.100328523,0.021914511,"[_lsprof.profiler_subentry(code=<code object pandas_dtype at 0x558964473530, file ""/home/adityamoger/anaconda3/envs/cocktail_3_dynamic_model/lib/python3.12/site-packages/pandas/core/dtypes/common.py"", line 1606>, callcount=51171, reccallcount=0, totaltime=0.078414012, inlinetime=0.035603800000000005)]"
431,"<code object _get_axis at 0x7eae6798fb90, file ""/home/adityamoger/anaconda3/envs/cocktail_3_dynamic_model/lib/python3.12/site-packages/pandas/core/generic.py"", line 586>",32904,0,0.0235613,0.018302805000000002,"[_lsprof.profiler_subentry(code=<code object _get_axis_number at 0x7eae6796ebf0, file ""/home/adityamoger/anaconda3/envs/cocktail_3_dynamic_model/lib/python3.12/site-packages/pandas/core/generic.py"", line 572>, callcount=32904, reccallcount=0, totaltime=0.005258495, inlinetime=0.005258495)]"
432,"<code object _check_arg_length at 0x7eae6fa484e0, file ""/home/adityamoger/anaconda3/envs/cocktail_3_dynamic_model/lib/python3.12/site-packages/pandas/util/_validators.py"", line 29>",18267,0,0.009623715000000001,0.006525815000000001,"[_lsprof.profiler_subentry(code='<built-in method builtins.len>', callcount=36534, reccallcount=0, totaltime=0.0030979000000000002, inlinetime=0.0030979000000000002)]"
433,"<code object _check_for_default_values at 0x7eae6fa48670, file ""/home/adityamoger/anaconda3/envs/cocktail_3_dynamic_model/lib/python3.12/site-packages/pandas/util/_validators.py"", line 49>",18267,0,0.013406109000000001,0.013406109000000001,
434,"<code object clean_reindex_fill_method at 0x7eae6fa547b0, file ""/home/adityamoger/anaconda3/envs/cocktail_3_dynamic_model/lib/python3.12/site-packages/pandas/core/missing.py"", line 1073>",3630,0,0.0004891990000000001,0.0004891990000000001,
435,"<code object evaluate at 0x7eae6fa61590, file ""/home/adityamoger/anaconda3/envs/cocktail_3_dynamic_model/lib/python3.12/site-packages/pandas/core/computation/expressions.py"", line 226>",29274,0,0.092684109,0.015360117000000001,"[_lsprof.profiler_subentry(code=<code object _evaluate_numexpr at 0x5589644e63e0, file ""/home/adityamoger/anaconda3/envs/cocktail_3_dynamic_model/lib/python3.12/site-packages/pandas/core/computation/expressions.py"", line 95>, callcount=29274, reccallcount=0, totaltime=0.07732399200000001, inlinetime=0.022645633000000002)]"
436,"<code object validate_func at 0x7eae6fa63e10, file ""/home/adityamoger/anaconda3/envs/cocktail_3_dynamic_model/lib/python3.12/site-packages/pandas/compat/numpy/function.py"", line 413>",18267,0,0.14114182,0.012922395000000001,"[_lsprof.profiler_subentry(code=<code object __call__ at 0x7eae6fa84e30, file ""/home/adityamoger/anaconda3/envs/cocktail_3_dynamic_model/lib/python3.12/site-packages/pandas/compat/numpy/function.py"", line 64>, callcount=18267, reccallcount=0, totaltime=0.128219425, inlinetime=0.015657816)]"
437,"<code object fill_bool at 0x7eae6fa643b0, file ""/home/adityamoger/anaconda3/envs/cocktail_3_dynamic_model/lib/python3.12/site-packages/pandas/core/ops/array_ops.py"", line 410>",29274,0,0.029028636000000003,0.013900979,"[_lsprof.profiler_subentry(code=""<method 'astype' of 'numpy.ndarray' objects>"", callcount=29274, reccallcount=0, totaltime=0.015127657000000001, inlinetime=0.015127657000000001)]"
438,"<code object new_func at 0x7eae6fa81d70, file ""/home/adityamoger/anaconda3/envs/cocktail_3_dynamic_model/lib/python3.12/site-packages/pandas/core/nanops.py"", line 389>",18267,0,0.36357578,0.017711309,"[_lsprof.profiler_subentry(code=<code object reduction at 0x7eae6fb24db0, file ""/home/adityamoger/anaconda3/envs/cocktail_3_dynamic_model/lib/python3.12/site-packages/pandas/core/nanops.py"", line 1083>, callcount=3630, reccallcount=0, totaltime=0.07522223, inlinetime=0.006100606000000001), _lsprof.profiler_subentry(code=<code object nanmean at 0x5589644f1310, file ""/home/adityamoger/anaconda3/envs/cocktail_3_dynamic_model/lib/python3.12/site-packages/pandas/core/nanops.py"", line 671>, callcount=14637, reccallcount=0, totaltime=0.270642241, inlinetime=0.041545529000000005)]"
439,"<code object __call__ at 0x7eae6fa84e30, file ""/home/adityamoger/anaconda3/envs/cocktail_3_dynamic_model/lib/python3.12/site-packages/pandas/compat/numpy/function.py"", line 64>",36534,0,0.13180287100000002,0.019241262000000002,"[_lsprof.profiler_subentry(code=<code object validate_args_and_kwargs at 0x7eae6fc1f670, file ""/home/adityamoger/anaconda3/envs/cocktail_3_dynamic_model/lib/python3.12/site-packages/pandas/util/_validators.py"", line 168>, callcount=18267, reccallcount=0, totaltime=0.112561609, inlinetime=0.046666931)]"
440,"<code object _get_dtype_max at 0x7eae6fa85c30, file ""/home/adityamoger/anaconda3/envs/cocktail_3_dynamic_model/lib/python3.12/site-packages/pandas/core/nanops.py"", line 324>",14637,0,0.012567925,0.012567925,
441,"<code object __lt__ at 0x7eae6fac8360, file ""/home/adityamoger/anaconda3/envs/cocktail_3_dynamic_model/lib/python3.12/site-packages/pandas/core/arraylike.py"", line 46>",14637,0,0.8628544370000001,0.005686724000000001,"[_lsprof.profiler_subentry(code=<code object _cmp_method at 0x7eae6712db60, file ""/home/adityamoger/anaconda3/envs/cocktail_3_dynamic_model/lib/python3.12/site-packages/pandas/core/series.py"", line 6121>, callcount=14637, reccallcount=0, totaltime=0.857167713, inlinetime=0.022460217)]"
442,"<code object __ge__ at 0x7eae6fac8690, file ""/home/adityamoger/anaconda3/envs/cocktail_3_dynamic_model/lib/python3.12/site-packages/pandas/core/arraylike.py"", line 58>",14637,0,0.954722131,0.006820869,"[_lsprof.profiler_subentry(code=<code object _cmp_method at 0x7eae6712db60, file ""/home/adityamoger/anaconda3/envs/cocktail_3_dynamic_model/lib/python3.12/site-packages/pandas/core/series.py"", line 6121>, callcount=14637, reccallcount=0, totaltime=0.947901262, inlinetime=0.026166308000000003)]"
443,"<code object __and__ at 0x7eae6fac87a0, file ""/home/adityamoger/anaconda3/envs/cocktail_3_dynamic_model/lib/python3.12/site-packages/pandas/core/arraylike.py"", line 68>",14637,0,0.8681723560000001,0.005793602,"[_lsprof.profiler_subentry(code=<code object _logical_method at 0x7eae6709f120, file ""/home/adityamoger/anaconda3/envs/cocktail_3_dynamic_model/lib/python3.12/site-packages/pandas/core/series.py"", line 6134>, callcount=14637, reccallcount=0, totaltime=0.8623787540000001, inlinetime=0.028747505000000003)]"
444,"<code object _get_fill_value at 0x7eae6faec990, file ""/home/adityamoger/anaconda3/envs/cocktail_3_dynamic_model/lib/python3.12/site-packages/pandas/core/nanops.py"", line 187>",18267,0,0.007894261,0.003866702,"[_lsprof.profiler_subentry(code=<code object _na_ok_dtype at 0x7eae6fb08ae0, file ""/home/adityamoger/anaconda3/envs/cocktail_3_dynamic_model/lib/python3.12/site-packages/pandas/core/nanops.py"", line 336>, callcount=3630, reccallcount=0, totaltime=0.004027559, inlinetime=0.001962358)]"
445,"<code object _maybe_get_mask at 0x7eae6faf8810, file ""/home/adityamoger/anaconda3/envs/cocktail_3_dynamic_model/lib/python3.12/site-packages/pandas/core/nanops.py"", line 209>",18267,0,0.10264250200000001,0.009231908,"[_lsprof.profiler_subentry(code=<code object isna at 0x7eae6fc702d0, file ""/home/adityamoger/anaconda3/envs/cocktail_3_dynamic_model/lib/python3.12/site-packages/pandas/core/dtypes/missing.py"", line 101>, callcount=18267, reccallcount=0, totaltime=0.093410594, inlinetime=0.006126007)]"
446,"<code object check_below_min_count at 0x7eae6faf8ab0, file ""/home/adityamoger/anaconda3/envs/cocktail_3_dynamic_model/lib/python3.12/site-packages/pandas/core/nanops.py"", line 1547>",3630,0,0.012531611000000002,0.003228687,"[_lsprof.profiler_subentry(code=""<method 'sum' of 'numpy.ndarray' objects>"", callcount=3630, reccallcount=0, totaltime=0.009302924, inlinetime=0.001801555)]"
447,"<code object _na_ok_dtype at 0x7eae6fb08ae0, file ""/home/adityamoger/anaconda3/envs/cocktail_3_dynamic_model/lib/python3.12/site-packages/pandas/core/nanops.py"", line 336>",3630,0,0.004027559,0.001962358,"[_lsprof.profiler_subentry(code=<code object needs_i8_conversion at 0x7eae6fcb8530, file ""/home/adityamoger/anaconda3/envs/cocktail_3_dynamic_model/lib/python3.12/site-packages/pandas/core/dtypes/common.py"", line 1042>, callcount=3630, reccallcount=0, totaltime=0.001684673, inlinetime=0.0010588910000000002), _lsprof.profiler_subentry(code='<built-in method builtins.issubclass>', callcount=3630, reccallcount=0, totaltime=0.00038052800000000004, inlinetime=0.00038052800000000004)]"
448,"<code object reduction at 0x7eae6fb24db0, file ""/home/adityamoger/anaconda3/envs/cocktail_3_dynamic_model/lib/python3.12/site-packages/pandas/core/nanops.py"", line 1083>",3630,0,0.07522223,0.006100606000000001,"[_lsprof.profiler_subentry(code=<code object _get_values at 0x5589644aa5e0, file ""/home/adityamoger/anaconda3/envs/cocktail_3_dynamic_model/lib/python3.12/site-packages/pandas/core/nanops.py"", line 253>, callcount=3630, reccallcount=0, totaltime=0.04428137, inlinetime=0.0047391360000000006), _lsprof.profiler_subentry(code=""<method 'max' of 'numpy.ndarray' objects>"", callcount=1815, reccallcount=0, totaltime=0.005669899, inlinetime=0.001044519), _lsprof.profiler_subentry(code=<code object _maybe_null_out at 0x5589644a0830, file ""/home/adityamoger/anaconda3/envs/cocktail_3_dynamic_model/lib/python3.12/site-packages/pandas/core/nanops.py"", line 1499>, callcount=3630, reccallcount=0, totaltime=0.014582906000000001, inlinetime=0.0020512950000000003), _lsprof.profiler_subentry(code=""<method 'min' of 'numpy.ndarray' objects>"", callcount=1815, reccallcount=0, totaltime=0.003858947, inlinetime=0.0008644750000000001), _lsprof.profiler_subentry(code='<built-in method builtins.getattr>', callcount=3630, reccallcount=0, totaltime=0.000728502, inlinetime=0.000728502)]"
449,"<code object __iter__ at 0x7eae6fb35e90, file ""/home/adityamoger/anaconda3/envs/cocktail_3_dynamic_model/lib/python3.12/site-packages/pandas/core/base.py"", line 840>",3630,0,0.010320212,0.006091048,"[_lsprof.profiler_subentry(code='<built-in method builtins.isinstance>', callcount=3630, reccallcount=0, totaltime=0.000271208, inlinetime=0.000271208), _lsprof.profiler_subentry(code=<code object _values at 0x7eae6712aa30, file ""/home/adityamoger/anaconda3/envs/cocktail_3_dynamic_model/lib/python3.12/site-packages/pandas/core/series.py"", line 831>, callcount=10890, reccallcount=0, totaltime=0.003957956, inlinetime=0.0022276120000000003)]"
450,"<code object wrapper at 0x7eae6fc1a9e0, file ""/home/adityamoger/anaconda3/envs/cocktail_3_dynamic_model/lib/python3.12/site-packages/pandas/util/_decorators.py"", line 325>",1,0,0.00039832800000000004,2.79e-06,"[_lsprof.profiler_subentry(code=<code object to_pickle at 0x7eae677de2e0, file ""/home/adityamoger/anaconda3/envs/cocktail_3_dynamic_model/lib/python3.12/site-packages/pandas/core/generic.py"", line 3119>, callcount=1, reccallcount=0, totaltime=0.000395352, inlinetime=4.391e-06), _lsprof.profiler_subentry(code='<built-in method builtins.len>', callcount=1, reccallcount=0, totaltime=1.8600000000000002e-07, inlinetime=1.8600000000000002e-07)]"
451,"<code object maybe_iterable_to_list at 0x7eae6fc1b280, file ""/home/adityamoger/anaconda3/envs/cocktail_3_dynamic_model/lib/python3.12/site-packages/pandas/core/common.py"", line 301>",3630,0,0.008038265000000001,0.002946914,"[_lsprof.profiler_subentry(code=<code object cast at 0x7eaea74c05e0, file ""/home/adityamoger/anaconda3/envs/cocktail_3_dynamic_model/lib/python3.12/typing.py"", line 2132>, callcount=3630, reccallcount=0, totaltime=0.000263387, inlinetime=0.000263387), _lsprof.profiler_subentry(code='<built-in method builtins.isinstance>', callcount=7260, reccallcount=0, totaltime=0.0048279640000000006, inlinetime=0.0016732740000000002)]"
452,"<code object validate_bool_kwarg at 0x7eae6fc1b9b0, file ""/home/adityamoger/anaconda3/envs/cocktail_3_dynamic_model/lib/python3.12/site-packages/pandas/util/_validators.py"", line 226>",21897,0,0.005837552,0.005837552,
453,"<code object find at 0x7eae6fc1ddf0, file ""/home/adityamoger/anaconda3/envs/cocktail_3_dynamic_model/lib/python3.12/site-packages/pandas/core/dtypes/base.py"", line 549>",3630,0,0.0029463270000000003,0.002111721,"[_lsprof.profiler_subentry(code='<built-in method builtins.isinstance>', callcount=7260, reccallcount=0, totaltime=0.00048045700000000005, inlinetime=0.00048045700000000005), _lsprof.profiler_subentry(code='<built-in method builtins.issubclass>', callcount=3630, reccallcount=0, totaltime=0.000354149, inlinetime=0.000354149)]"
454,"<code object validate_args_and_kwargs at 0x7eae6fc1f670, file ""/home/adityamoger/anaconda3/envs/cocktail_3_dynamic_model/lib/python3.12/site-packages/pandas/util/_validators.py"", line 168>",18267,0,0.112561609,0.046666931,"[_lsprof.profiler_subentry(code=""<method 'values' of 'dict' objects>"", callcount=18267, reccallcount=0, totaltime=0.0042844020000000005, inlinetime=0.0042844020000000005), _lsprof.profiler_subentry(code=<code object _check_arg_length at 0x7eae6fa484e0, file ""/home/adityamoger/anaconda3/envs/cocktail_3_dynamic_model/lib/python3.12/site-packages/pandas/util/_validators.py"", line 29>, callcount=18267, reccallcount=0, totaltime=0.009623715000000001, inlinetime=0.006525815000000001), _lsprof.profiler_subentry(code=<code object validate_kwargs at 0x7eae6fc5b1b0, file ""/home/adityamoger/anaconda3/envs/cocktail_3_dynamic_model/lib/python3.12/site-packages/pandas/util/_validators.py"", line 141>, callcount=18267, reccallcount=0, totaltime=0.046771957, inlinetime=0.014713143000000001), _lsprof.profiler_subentry(code=""<method 'update' of 'dict' objects>"", callcount=18267, reccallcount=0, totaltime=0.005214604, inlinetime=0.005214604)]"
455,"<code object extract_array at 0x7eae6fc3e3f0, file ""/home/adityamoger/anaconda3/envs/cocktail_3_dynamic_model/lib/python3.12/site-packages/pandas/core/construction.py"", line 416>",116862,0,0.052183936,0.035487453,"[_lsprof.profiler_subentry(code='<built-in method builtins.getattr>', callcount=116862, reccallcount=0, totaltime=0.008192433, inlinetime=0.008192433), _lsprof.profiler_subentry(code=<code object _values at 0x7eae6712aa30, file ""/home/adityamoger/anaconda3/envs/cocktail_3_dynamic_model/lib/python3.12/site-packages/pandas/core/series.py"", line 831>, callcount=14637, reccallcount=0, totaltime=0.00850405, inlinetime=0.0029106930000000002)]"
456,"<code object _get_dtype at 0x7eae6fc50f60, file ""/home/adityamoger/anaconda3/envs/cocktail_3_dynamic_model/lib/python3.12/site-packages/pandas/core/dtypes/common.py"", line 1409>",62178,0,0.021663753,0.013154021,"[_lsprof.profiler_subentry(code='<built-in method builtins.isinstance>', callcount=62178, reccallcount=0, totaltime=0.008509732, inlinetime=0.008509732)]"
457,"<code object is_file_like at 0x7eae6fc59110, file ""/home/adityamoger/anaconda3/envs/cocktail_3_dynamic_model/lib/python3.12/site-packages/pandas/core/dtypes/inference.py"", line 105>",7261,0,0.0040117780000000006,0.002617938,"[_lsprof.profiler_subentry(code='<built-in method builtins.hasattr>', callcount=14522, reccallcount=0, totaltime=0.0013938400000000001, inlinetime=0.0013938400000000001)]"
458,"<code object is_dict_like at 0x7eae6fc59350, file ""/home/adityamoger/anaconda3/envs/cocktail_3_dynamic_model/lib/python3.12/site-packages/pandas/core/dtypes/inference.py"", line 273>",3630,0,0.032333838000000004,0.027215246000000002,"[_lsprof.profiler_subentry(code='<built-in method builtins.all>', callcount=3630, reccallcount=0, totaltime=0.003429207, inlinetime=0.001834431), _lsprof.profiler_subentry(code=<code object <genexpr> at 0x7eae70793030, file ""/home/adityamoger/anaconda3/envs/cocktail_3_dynamic_model/lib/python3.12/site-packages/pandas/core/dtypes/inference.py"", line 300>, callcount=3630, reccallcount=0, totaltime=0.001689385, inlinetime=0.001689385)]"
459,"<code object is_ea_or_datetimelike_dtype at 0x7eae6fc59a10, file ""/home/adityamoger/anaconda3/envs/cocktail_3_dynamic_model/lib/python3.12/site-packages/pandas/core/dtypes/common.py"", line 1341>",21780,0,0.008470798,0.006937655,"[_lsprof.profiler_subentry(code='<built-in method builtins.isinstance>', callcount=21780, reccallcount=0, totaltime=0.001533143, inlinetime=0.001533143)]"
460,"<code object _is_dtype at 0x7eae6fc59b30, file ""/home/adityamoger/anaconda3/envs/cocktail_3_dynamic_model/lib/python3.12/site-packages/pandas/core/dtypes/common.py"", line 1385>",32904,0,0.057712688000000005,0.014325742,"[_lsprof.profiler_subentry(code=<code object _get_dtype at 0x7eae6fc50f60, file ""/home/adityamoger/anaconda3/envs/cocktail_3_dynamic_model/lib/python3.12/site-packages/pandas/core/dtypes/common.py"", line 1409>, callcount=32904, reccallcount=0, totaltime=0.009407494, inlinetime=0.0062279710000000005), _lsprof.profiler_subentry(code=<code object condition at 0x7eae706f7aa0, file ""/home/adityamoger/anaconda3/envs/cocktail_3_dynamic_model/lib/python3.12/site-packages/pandas/core/dtypes/common.py"", line 574>, callcount=32904, reccallcount=0, totaltime=0.033979452, inlinetime=0.025426022000000003)]"
461,"<code object validate_all_hashable at 0x7eae6fc59e90, file ""/home/adityamoger/anaconda3/envs/cocktail_3_dynamic_model/lib/python3.12/site-packages/pandas/core/dtypes/common.py"", line 1581>",98712,0,0.145353234,0.038124869000000006,"[_lsprof.profiler_subentry(code='<built-in method builtins.all>', callcount=98712, reccallcount=0, totaltime=0.107228365, inlinetime=0.039111627)]"
462,"<code object validate_kwargs at 0x7eae6fc5b1b0, file ""/home/adityamoger/anaconda3/envs/cocktail_3_dynamic_model/lib/python3.12/site-packages/pandas/util/_validators.py"", line 141>",18267,0,0.046771957,0.014713143000000001,"[_lsprof.profiler_subentry(code=<code object _check_for_invalid_keys at 0x7eae6fcb9930, file ""/home/adityamoger/anaconda3/envs/cocktail_3_dynamic_model/lib/python3.12/site-packages/pandas/util/_validators.py"", line 128>, callcount=18267, reccallcount=0, totaltime=0.014745705000000001, inlinetime=0.014745705000000001), _lsprof.profiler_subentry(code=<code object _check_for_default_values at 0x7eae6fa48670, file ""/home/adityamoger/anaconda3/envs/cocktail_3_dynamic_model/lib/python3.12/site-packages/pandas/util/_validators.py"", line 49>, callcount=18267, reccallcount=0, totaltime=0.013406109000000001, inlinetime=0.013406109000000001), _lsprof.profiler_subentry(code=""<method 'copy' of 'dict' objects>"", callcount=18267, reccallcount=0, totaltime=0.003907, inlinetime=0.003907)]"
463,"<code object isna at 0x7eae6fc702d0, file ""/home/adityamoger/anaconda3/envs/cocktail_3_dynamic_model/lib/python3.12/site-packages/pandas/core/dtypes/missing.py"", line 101>",51173,0,0.300953215,0.015835355000000002,"[_lsprof.profiler_subentry(code=<code object _isna at 0x5589644761b0, file ""/home/adityamoger/anaconda3/envs/cocktail_3_dynamic_model/lib/python3.12/site-packages/pandas/core/dtypes/missing.py"", line 184>, callcount=51173, reccallcount=0, totaltime=0.28511786, inlinetime=0.047729303)]"
464,"<code object <lambda> at 0x7eae6fc711b0, file ""/home/adityamoger/anaconda3/envs/cocktail_3_dynamic_model/lib/python3.12/site-packages/pandas/core/dtypes/common.py"", line 125>",54801,0,0.016605868,0.010366401,"[_lsprof.profiler_subentry(code='<built-in method builtins.issubclass>', callcount=54801, reccallcount=0, totaltime=0.006239467, inlinetime=0.006239467)]"
465,"<code object _maybe_promote_cached at 0x7eae6fc72170, file ""/home/adityamoger/anaconda3/envs/cocktail_3_dynamic_model/lib/python3.12/site-packages/pandas/core/dtypes/cast.py"", line 605>",2,0,1.7368e-05,4.834000000000001e-06,"[_lsprof.profiler_subentry(code=<code object _maybe_promote at 0x558964483120, file ""/home/adityamoger/anaconda3/envs/cocktail_3_dynamic_model/lib/python3.12/site-packages/pandas/core/dtypes/cast.py"", line 613>, callcount=2, reccallcount=0, totaltime=1.2534e-05, inlinetime=4.886e-06)]"
466,"<code object _check at 0x7eae6fc803f0, file ""/home/adityamoger/anaconda3/envs/cocktail_3_dynamic_model/lib/python3.12/site-packages/pandas/core/dtypes/generic.py"", line 37>",631500,0,0.15481672200000002,0.10610527,"[_lsprof.profiler_subentry(code='<built-in method builtins.getattr>', callcount=631500, reccallcount=0, totaltime=0.048711452, inlinetime=0.048711452)]"
467,"<code object <genexpr> at 0x7eae6fc812f0, file ""/home/adityamoger/anaconda3/envs/cocktail_3_dynamic_model/lib/python3.12/site-packages/pandas/core/common.py"", line 192>",7260,0,0.001300395,0.001300395,
468,"<code object all_none at 0x7eae6fc813e0, file ""/home/adityamoger/anaconda3/envs/cocktail_3_dynamic_model/lib/python3.12/site-packages/pandas/core/common.py"", line 188>",3630,0,0.005497343,0.003301852,"[_lsprof.profiler_subentry(code='<built-in method builtins.all>', callcount=3630, reccallcount=0, totaltime=0.001445282, inlinetime=0.0008950960000000001), _lsprof.profiler_subentry(code=<code object <genexpr> at 0x7eae6fc812f0, file ""/home/adityamoger/anaconda3/envs/cocktail_3_dynamic_model/lib/python3.12/site-packages/pandas/core/common.py"", line 192>, callcount=3630, reccallcount=0, totaltime=0.000750209, inlinetime=0.000750209)]"
469,"<code object apply_if_callable at 0x7eae6fc81b60, file ""/home/adityamoger/anaconda3/envs/cocktail_3_dynamic_model/lib/python3.12/site-packages/pandas/core/common.py"", line 372>",15006532,0,2.6626530290000003,1.7877971810000002,"[_lsprof.profiler_subentry(code='<built-in method builtins.callable>', callcount=15006532, reccallcount=0, totaltime=0.874855848, inlinetime=0.874855848)]"
470,"<code object classes at 0x7eae6fc85070, file ""/home/adityamoger/anaconda3/envs/cocktail_3_dynamic_model/lib/python3.12/site-packages/pandas/core/dtypes/common.py"", line 123>",54801,0,0.009223153000000001,0.009223153000000001,
471,"<code object is_string_dtype at 0x7eae6fcb82b0, file ""/home/adityamoger/anaconda3/envs/cocktail_3_dynamic_model/lib/python3.12/site-packages/pandas/core/dtypes/common.py"", line 538>",32904,0,0.077330807,0.015920649000000002,"[_lsprof.profiler_subentry(code=<code object _is_dtype at 0x7eae6fc59b30, file ""/home/adityamoger/anaconda3/envs/cocktail_3_dynamic_model/lib/python3.12/site-packages/pandas/core/dtypes/common.py"", line 1385>, callcount=32904, reccallcount=0, totaltime=0.057712688000000005, inlinetime=0.014325742), _lsprof.profiler_subentry(code='<built-in method builtins.hasattr>', callcount=32904, reccallcount=0, totaltime=0.0036974700000000004, inlinetime=0.0036974700000000004)]"
472,"<code object needs_i8_conversion at 0x7eae6fcb8530, file ""/home/adityamoger/anaconda3/envs/cocktail_3_dynamic_model/lib/python3.12/site-packages/pandas/core/dtypes/common.py"", line 1042>",7260,0,0.0038887080000000003,0.002605851,"[_lsprof.profiler_subentry(code='<built-in method builtins.isinstance>', callcount=7260, reccallcount=0, totaltime=0.001282857, inlinetime=0.001282857)]"
473,"<code object construct_1d_object_array_from_listlike at 0x7eae6fcb8f30, file ""/home/adityamoger/anaconda3/envs/cocktail_3_dynamic_model/lib/python3.12/site-packages/pandas/core/dtypes/cast.py"", line 1589>",14520,0,0.027664677000000002,0.016943458,"[_lsprof.profiler_subentry(code='<built-in method numpy.empty>', callcount=14520, reccallcount=0, totaltime=0.009500256, inlinetime=0.009500256), _lsprof.profiler_subentry(code='<built-in method builtins.len>', callcount=14520, reccallcount=0, totaltime=0.001220963, inlinetime=0.001220963)]"
474,"<code object _sanitize_non_ordered at 0x7eae6fcb91b0, file ""/home/adityamoger/anaconda3/envs/cocktail_3_dynamic_model/lib/python3.12/site-packages/pandas/core/construction.py"", line 685>",14520,0,0.0047077230000000005,0.003329269,"[_lsprof.profiler_subentry(code='<built-in method builtins.isinstance>', callcount=14520, reccallcount=0, totaltime=0.001378454, inlinetime=0.001378454)]"
475,"<code object _maybe_repeat at 0x7eae6fcb92f0, file ""/home/adityamoger/anaconda3/envs/cocktail_3_dynamic_model/lib/python3.12/site-packages/pandas/core/construction.py"", line 755>",72951,0,0.022080268,0.016655279000000002,"[_lsprof.profiler_subentry(code='<built-in method builtins.len>', callcount=62061, reccallcount=0, totaltime=0.005424989000000001, inlinetime=0.005424989000000001)]"
476,"<code object require_length_match at 0x7eae6fcb96b0, file ""/home/adityamoger/anaconda3/envs/cocktail_3_dynamic_model/lib/python3.12/site-packages/pandas/core/common.py"", line 568>",62061,0,0.055672531000000004,0.017238314,"[_lsprof.profiler_subentry(code='<built-in method builtins.len>', callcount=124122, reccallcount=0, totaltime=0.038434217, inlinetime=0.02232456)]"
477,"<code object _check_for_invalid_keys at 0x7eae6fcb9930, file ""/home/adityamoger/anaconda3/envs/cocktail_3_dynamic_model/lib/python3.12/site-packages/pandas/util/_validators.py"", line 128>",18267,0,0.014745705000000001,0.014745705000000001,
478,"<code object check_dtype_backend at 0x7eae6fcbe120, file ""/home/adityamoger/anaconda3/envs/cocktail_3_dynamic_model/lib/python3.12/site-packages/pandas/util/_validators.py"", line 450>",3630,0,0.000775451,0.000775451,
479,"<code object should_extension_dispatch at 0x7eae6fcbf550, file ""/home/adityamoger/anaconda3/envs/cocktail_3_dynamic_model/lib/python3.12/site-packages/pandas/core/ops/dispatch.py"", line 17>",43911,0,0.06334194,0.01186336,"[_lsprof.profiler_subentry(code='<built-in method builtins.isinstance>', callcount=87822, reccallcount=0, totaltime=0.05147858, inlinetime=0.018642863000000003)]"
480,"<code object _evaluate_standard at 0x7eae6fcd1c30, file ""/home/adityamoger/anaconda3/envs/cocktail_3_dynamic_model/lib/python3.12/site-packages/pandas/core/computation/expressions.py"", line 67>",29274,0,0.048191439,0.008195103,"[_lsprof.profiler_subentry(code='<built-in method _operator.ge>', callcount=14637, reccallcount=0, totaltime=0.022197478, inlinetime=0.022197478), _lsprof.profiler_subentry(code='<built-in method _operator.lt>', callcount=14637, reccallcount=0, totaltime=0.017798858, inlinetime=0.017798858)]"
481,"<code object cast_scalar_indexer at 0x7eae6fcf0160, file ""/home/adityamoger/anaconda3/envs/cocktail_3_dynamic_model/lib/python3.12/site-packages/pandas/core/common.py"", line 152>",36728,0,0.00826122,0.00826122,
482,"<code object get_op_result_name at 0x7eae6fcf2760, file ""/home/adityamoger/anaconda3/envs/cocktail_3_dynamic_model/lib/python3.12/site-packages/pandas/core/ops/common.py"", line 81>",43911,0,0.10758605800000001,0.022311420000000002,"[_lsprof.profiler_subentry(code=<code object name at 0x7eae67166410, file ""/home/adityamoger/anaconda3/envs/cocktail_3_dynamic_model/lib/python3.12/site-packages/pandas/core/series.py"", line 734>, callcount=29274, reccallcount=0, totaltime=0.002754841, inlinetime=0.002754841), _lsprof.profiler_subentry(code=<code object _maybe_match_name at 0x5589644b5800, file ""/home/adityamoger/anaconda3/envs/cocktail_3_dynamic_model/lib/python3.12/site-packages/pandas/core/ops/common.py"", line 103>, callcount=14637, reccallcount=0, totaltime=0.024286003, inlinetime=0.012124821000000001), _lsprof.profiler_subentry(code='<built-in method builtins.isinstance>', callcount=43911, reccallcount=0, totaltime=0.058233794000000005, inlinetime=0.017046664)]"
483,"<code object maybe_infer_to_datetimelike at 0x7eae706da830, file ""/home/adityamoger/anaconda3/envs/cocktail_3_dynamic_model/lib/python3.12/site-packages/pandas/core/dtypes/cast.py"", line 1164>",10890,0,0.06515430300000001,0.043199227,"[_lsprof.profiler_subentry(code=<code object full at 0x7eaea74ab840, file ""/home/adityamoger/anaconda3/envs/cocktail_3_dynamic_model/lib/python3.12/site-packages/numpy/_core/numeric.py"", line 324>, callcount=10890, reccallcount=0, totaltime=0.016799438, inlinetime=0.010053414), _lsprof.profiler_subentry(code=<code object using_string_dtype at 0x7eae70c36e90, file ""/home/adityamoger/anaconda3/envs/cocktail_3_dynamic_model/lib/python3.12/site-packages/pandas/_config/__init__.py"", line 55>, callcount=10890, reccallcount=0, totaltime=0.0032147350000000002, inlinetime=0.0032147350000000002), _lsprof.profiler_subentry(code='<built-in method builtins.isinstance>', callcount=10890, reccallcount=0, totaltime=0.0008099800000000001, inlinetime=0.0008099800000000001), _lsprof.profiler_subentry(code='<built-in method builtins.len>', callcount=10890, reccallcount=0, totaltime=0.001130923, inlinetime=0.001130923)]"
484,"<code object is_object_dtype at 0x7eae706f7990, file ""/home/adityamoger/anaconda3/envs/cocktail_3_dynamic_model/lib/python3.12/site-packages/pandas/core/dtypes/common.py"", line 139>",54801,0,0.13316112600000002,0.034204870000000005,"[_lsprof.profiler_subentry(code=<code object classes at 0x7eae6fc85070, file ""/home/adityamoger/anaconda3/envs/cocktail_3_dynamic_model/lib/python3.12/site-packages/pandas/core/dtypes/common.py"", line 123>, callcount=54801, reccallcount=0, totaltime=0.009223153000000001, inlinetime=0.009223153000000001), _lsprof.profiler_subentry(code=<code object _is_dtype_type at 0x558964473da0, file ""/home/adityamoger/anaconda3/envs/cocktail_3_dynamic_model/lib/python3.12/site-packages/pandas/core/dtypes/common.py"", line 1444>, callcount=54801, reccallcount=0, totaltime=0.08973310300000001, inlinetime=0.039232186)]"
485,"<code object condition at 0x7eae706f7aa0, file ""/home/adityamoger/anaconda3/envs/cocktail_3_dynamic_model/lib/python3.12/site-packages/pandas/core/dtypes/common.py"", line 574>",32904,0,0.033979452,0.025426022000000003,"[_lsprof.profiler_subentry(code=<code object is_string_or_object_np_dtype at 0x7eae70791430, file ""/home/adityamoger/anaconda3/envs/cocktail_3_dynamic_model/lib/python3.12/site-packages/pandas/core/dtypes/common.py"", line 531>, callcount=32904, reccallcount=0, totaltime=0.00855343, inlinetime=0.00855343)]"
486,"<code object _get_take_nd_function at 0x7eae7073fb90, file ""/home/adityamoger/anaconda3/envs/cocktail_3_dynamic_model/lib/python3.12/site-packages/pandas/core/array_algos/take.py"", line 325>",29274,0,0.014478141000000002,0.014447075,"[_lsprof.profiler_subentry(code=<code object _get_take_nd_function_cached at 0x55896449e7a0, file ""/home/adityamoger/anaconda3/envs/cocktail_3_dynamic_model/lib/python3.12/site-packages/pandas/core/array_algos/take.py"", line 287>, callcount=2, reccallcount=0, totaltime=3.1066000000000004e-05, inlinetime=8.508e-06)]"
487,"<code object maybe_convert_platform at 0x7eae7078ea70, file ""/home/adityamoger/anaconda3/envs/cocktail_3_dynamic_model/lib/python3.12/site-packages/pandas/core/dtypes/cast.py"", line 123>",10890,0,0.10661324100000001,0.051686131,"[_lsprof.profiler_subentry(code=<code object cast at 0x7eaea74c05e0, file ""/home/adityamoger/anaconda3/envs/cocktail_3_dynamic_model/lib/python3.12/typing.py"", line 2132>, callcount=10890, reccallcount=0, totaltime=0.000890809, inlinetime=0.000890809), _lsprof.profiler_subentry(code=<code object construct_1d_object_array_from_listlike at 0x7eae6fcb8f30, file ""/home/adityamoger/anaconda3/envs/cocktail_3_dynamic_model/lib/python3.12/site-packages/pandas/core/dtypes/cast.py"", line 1589>, callcount=10890, reccallcount=0, totaltime=0.022375501000000002, inlinetime=0.013459165), _lsprof.profiler_subentry(code=<code object full at 0x7eaea74ab840, file ""/home/adityamoger/anaconda3/envs/cocktail_3_dynamic_model/lib/python3.12/site-packages/numpy/_core/numeric.py"", line 324>, callcount=10890, reccallcount=0, totaltime=0.030846876000000002, inlinetime=0.018390072), _lsprof.profiler_subentry(code='<built-in method builtins.isinstance>', callcount=10890, reccallcount=0, totaltime=0.000813924, inlinetime=0.000813924)]"
488,"<code object _can_use_numexpr at 0x7eae7078fdf0, file ""/home/adityamoger/anaconda3/envs/cocktail_3_dynamic_model/lib/python3.12/site-packages/pandas/core/computation/expressions.py"", line 76>",29274,0,0.00648692,0.00648692,
489,"<code object is_string_or_object_np_dtype at 0x7eae70791430, file ""/home/adityamoger/anaconda3/envs/cocktail_3_dynamic_model/lib/python3.12/site-packages/pandas/core/dtypes/common.py"", line 531>",54801,0,0.016136717000000002,0.016136717000000002,
490,"<code object _instancecheck at 0x7eae70792830, file ""/home/adityamoger/anaconda3/envs/cocktail_3_dynamic_model/lib/python3.12/site-packages/pandas/core/dtypes/generic.py"", line 42>",631500,0,0.296196624,0.132428985,"[_lsprof.profiler_subentry(code=<code object _check at 0x7eae6fc803f0, file ""/home/adityamoger/anaconda3/envs/cocktail_3_dynamic_model/lib/python3.12/site-packages/pandas/core/dtypes/generic.py"", line 37>, callcount=631500, reccallcount=0, totaltime=0.15481672200000002, inlinetime=0.10610527), _lsprof.profiler_subentry(code='<built-in method builtins.isinstance>', callcount=47541, reccallcount=0, totaltime=0.008950917000000001, inlinetime=0.008950917000000001)]"
491,"<code object is_array_like at 0x7eae70792e30, file ""/home/adityamoger/anaconda3/envs/cocktail_3_dynamic_model/lib/python3.12/site-packages/pandas/core/dtypes/inference.py"", line 195>",29274,0,0.044168102,0.02403204,"[_lsprof.profiler_subentry(code=<code object ndim at 0x7eae67911550, file ""/home/adityamoger/anaconda3/envs/cocktail_3_dynamic_model/lib/python3.12/site-packages/pandas/core/base.py"", line 367>, callcount=58548, reccallcount=0, totaltime=0.004074795, inlinetime=0.004074795), _lsprof.profiler_subentry(code='<built-in method builtins.hasattr>', callcount=29274, reccallcount=0, totaltime=0.016061267, inlinetime=0.006191510000000001)]"
492,"<code object <genexpr> at 0x7eae70793030, file ""/home/adityamoger/anaconda3/envs/cocktail_3_dynamic_model/lib/python3.12/site-packages/pandas/core/dtypes/inference.py"", line 300>",7260,0,0.0032841610000000003,0.0028315830000000004,"[_lsprof.profiler_subentry(code='<built-in method builtins.hasattr>', callcount=3630, reccallcount=0, totaltime=0.00045257800000000003, inlinetime=0.00045257800000000003)]"
493,"<code object is_hashable at 0x7eae70793130, file ""/home/adityamoger/anaconda3/envs/cocktail_3_dynamic_model/lib/python3.12/site-packages/pandas/core/dtypes/inference.py"", line 334>",7706018,0,1.7625499040000001,1.112084439,"[_lsprof.profiler_subentry(code='<built-in method builtins.hash>', callcount=7706018, reccallcount=0, totaltime=0.650465465, inlinetime=0.650465465)]"
494,"<code object is_1d_only_ea_dtype at 0x7eae70793230, file ""/home/adityamoger/anaconda3/envs/cocktail_3_dynamic_model/lib/python3.12/site-packages/pandas/core/dtypes/common.py"", line 1272>",10890,0,0.002923227,0.0018572660000000002,"[_lsprof.profiler_subentry(code='<built-in method builtins.isinstance>', callcount=10890, reccallcount=0, totaltime=0.001065961, inlinetime=0.001065961)]"
495,"<code object <genexpr> at 0x7eae70793330, file ""/home/adityamoger/anaconda3/envs/cocktail_3_dynamic_model/lib/python3.12/site-packages/pandas/core/dtypes/common.py"", line 1600>",197424,0,0.06811673800000001,0.038364348,"[_lsprof.profiler_subentry(code=<code object is_hashable at 0x7eae70793130, file ""/home/adityamoger/anaconda3/envs/cocktail_3_dynamic_model/lib/python3.12/site-packages/pandas/core/dtypes/inference.py"", line 334>, callcount=98712, reccallcount=0, totaltime=0.029752390000000004, inlinetime=0.019772425)]"
496,"<code object new_method at 0x7eae7079f030, file ""/home/adityamoger/anaconda3/envs/cocktail_3_dynamic_model/lib/python3.12/site-packages/pandas/core/ops/common.py"", line 62>",43911,0,2.750821553,0.033710988000000004,"[_lsprof.profiler_subentry(code=<code object __ge__ at 0x7eae6fac8690, file ""/home/adityamoger/anaconda3/envs/cocktail_3_dynamic_model/lib/python3.12/site-packages/pandas/core/arraylike.py"", line 58>, callcount=14637, reccallcount=0, totaltime=0.954722131, inlinetime=0.006820869), _lsprof.profiler_subentry(code=<code object __lt__ at 0x7eae6fac8360, file ""/home/adityamoger/anaconda3/envs/cocktail_3_dynamic_model/lib/python3.12/site-packages/pandas/core/arraylike.py"", line 46>, callcount=14637, reccallcount=0, totaltime=0.8628544370000001, inlinetime=0.005686724000000001), _lsprof.profiler_subentry(code=<code object __and__ at 0x7eae6fac87a0, file ""/home/adityamoger/anaconda3/envs/cocktail_3_dynamic_model/lib/python3.12/site-packages/pandas/core/arraylike.py"", line 68>, callcount=14637, reccallcount=0, totaltime=0.8681723560000001, inlinetime=0.005793602), _lsprof.profiler_subentry(code='<built-in method builtins.getattr>', callcount=43911, reccallcount=0, totaltime=0.005904952000000001, inlinetime=0.005904952000000001), _lsprof.profiler_subentry(code='<built-in method builtins.isinstance>', callcount=29274, reccallcount=0, totaltime=0.025456689, inlinetime=0.008420977000000001)]"
497,"<code object _get_deprecated_option at 0x7eae70b10130, file ""/home/adityamoger/anaconda3/envs/cocktail_3_dynamic_model/lib/python3.12/site-packages/pandas/_config/config.py"", line 649>",54801,0,0.009209898000000001,0.009209898000000001,
498,"<code object _translate_key at 0x7eae70b10230, file ""/home/adityamoger/anaconda3/envs/cocktail_3_dynamic_model/lib/python3.12/site-packages/pandas/_config/config.py"", line 676>",54801,0,0.029667673000000002,0.020457775,"[_lsprof.profiler_subentry(code=<code object _get_deprecated_option at 0x7eae70b10130, file ""/home/adityamoger/anaconda3/envs/cocktail_3_dynamic_model/lib/python3.12/site-packages/pandas/_config/config.py"", line 649>, callcount=54801, reccallcount=0, totaltime=0.009209898000000001, inlinetime=0.009209898000000001)]"
499,"<code object _select_options at 0x7eae70c1d070, file ""/home/adityamoger/anaconda3/envs/cocktail_3_dynamic_model/lib/python3.12/site-packages/pandas/_config/config.py"", line 617>",54801,0,0.013289357000000002,0.013289357000000002,
500,"<code object using_copy_on_write at 0x7eae70c23930, file ""/home/adityamoger/anaconda3/envs/cocktail_3_dynamic_model/lib/python3.12/site-packages/pandas/_config/__init__.py"", line 34>",7589253,0,0.8189255150000001,0.8189255150000001,
501,"<code object warn_copy_on_write at 0x7eae70c23a30, file ""/home/adityamoger/anaconda3/envs/cocktail_3_dynamic_model/lib/python3.12/site-packages/pandas/_config/__init__.py"", line 42>",7519718,0,0.778618759,0.778618759,
502,"<code object _get_option at 0x7eae70c23c30, file ""/home/adityamoger/anaconda3/envs/cocktail_3_dynamic_model/lib/python3.12/site-packages/pandas/_config/config.py"", line 145>",54801,0,0.175229786,0.036424799,"[_lsprof.profiler_subentry(code=<code object _get_single_key at 0x7eae70e63480, file ""/home/adityamoger/anaconda3/envs/cocktail_3_dynamic_model/lib/python3.12/site-packages/pandas/_config/config.py"", line 127>, callcount=54801, reccallcount=0, totaltime=0.09129239700000001, inlinetime=0.039850263000000004), _lsprof.profiler_subentry(code=<code object _get_root at 0x7eae70dca8b0, file ""/home/adityamoger/anaconda3/envs/cocktail_3_dynamic_model/lib/python3.12/site-packages/pandas/_config/config.py"", line 635>, callcount=54801, reccallcount=0, totaltime=0.04751259, inlinetime=0.033406603)]"
503,"<code object using_string_dtype at 0x7eae70c36e90, file ""/home/adityamoger/anaconda3/envs/cocktail_3_dynamic_model/lib/python3.12/site-packages/pandas/_config/__init__.py"", line 55>",10890,0,0.0032147350000000002,0.0032147350000000002,
504,"<code object _get_root at 0x7eae70dca8b0, file ""/home/adityamoger/anaconda3/envs/cocktail_3_dynamic_model/lib/python3.12/site-packages/pandas/_config/config.py"", line 635>",54801,0,0.04751259,0.033406603,"[_lsprof.profiler_subentry(code=""<method 'split' of 'str' objects>"", callcount=54801, reccallcount=0, totaltime=0.014105987, inlinetime=0.014105987)]"
505,"<code object _get_single_key at 0x7eae70e63480, file ""/home/adityamoger/anaconda3/envs/cocktail_3_dynamic_model/lib/python3.12/site-packages/pandas/_config/config.py"", line 127>",54801,0,0.09129239700000001,0.039850263000000004,"[_lsprof.profiler_subentry(code=<code object _select_options at 0x7eae70c1d070, file ""/home/adityamoger/anaconda3/envs/cocktail_3_dynamic_model/lib/python3.12/site-packages/pandas/_config/config.py"", line 617>, callcount=54801, reccallcount=0, totaltime=0.013289357000000002, inlinetime=0.013289357000000002), _lsprof.profiler_subentry(code=<code object _translate_key at 0x7eae70b10230, file ""/home/adityamoger/anaconda3/envs/cocktail_3_dynamic_model/lib/python3.12/site-packages/pandas/_config/config.py"", line 676>, callcount=54801, reccallcount=0, totaltime=0.029667673000000002, inlinetime=0.020457775), _lsprof.profiler_subentry(code='<built-in method builtins.len>', callcount=109602, reccallcount=0, totaltime=0.008485104, inlinetime=0.008485104)]"
506,"<code object isfileobj at 0x7eae72b181b0, file ""/home/adityamoger/anaconda3/envs/cocktail_3_dynamic_model/lib/python3.12/site-packages/numpy/lib/_format_impl.py"", line 1026>",100,0,9.6555e-05,5.1970000000000006e-05,"[_lsprof.profiler_subentry(code='<built-in method builtins.isinstance>', callcount=100, reccallcount=0, totaltime=4.4585e-05, inlinetime=4.4585e-05)]"
507,"<code object _savez_compressed_dispatcher at 0x7eaea4762e50, file ""/home/adityamoger/anaconda3/envs/cocktail_3_dynamic_model/lib/python3.12/site-packages/numpy/lib/_npyio_impl.py"", line 689>",150,0,0.000118578,9.560900000000001e-05,"[_lsprof.profiler_subentry(code=""<method 'values' of 'dict' objects>"", callcount=50, reccallcount=0, totaltime=2.2969e-05, inlinetime=2.2969e-05)]"
508,"<code object dtype_to_descr at 0x7eaea4795250, file ""/home/adityamoger/anaconda3/envs/cocktail_3_dynamic_model/lib/python3.12/site-packages/numpy/lib/_format_impl.py"", line 250>",100,0,0.000406669,0.000314263,"[_lsprof.profiler_subentry(code=<code object drop_metadata at 0x558963aa0630, file ""/home/adityamoger/anaconda3/envs/cocktail_3_dynamic_model/lib/python3.12/site-packages/numpy/lib/_utils_impl.py"", line 719>, callcount=100, reccallcount=0, totaltime=9.240600000000001e-05, inlinetime=9.240600000000001e-05)]"
509,"<code object _wrap_header_guess_version at 0x7eaea4795420, file ""/home/adityamoger/anaconda3/envs/cocktail_3_dynamic_model/lib/python3.12/site-packages/numpy/lib/_format_impl.py"", line 421>",100,0,0.0006009240000000001,5.2744e-05,"[_lsprof.profiler_subentry(code=<code object _wrap_header at 0x558963a5d660, file ""/home/adityamoger/anaconda3/envs/cocktail_3_dynamic_model/lib/python3.12/site-packages/numpy/lib/_format_impl.py"", line 397>, callcount=100, reccallcount=0, totaltime=0.00054818, inlinetime=0.00034752700000000004)]"
510,"<code object header_data_from_array_1_0 at 0x7eaea47a73c0, file ""/home/adityamoger/anaconda3/envs/cocktail_3_dynamic_model/lib/python3.12/site-packages/numpy/lib/_format_impl.py"", line 368>",100,0,0.000596824,0.000190155,"[_lsprof.profiler_subentry(code=<code object dtype_to_descr at 0x7eaea4795250, file ""/home/adityamoger/anaconda3/envs/cocktail_3_dynamic_model/lib/python3.12/site-packages/numpy/lib/_format_impl.py"", line 250>, callcount=100, reccallcount=0, totaltime=0.000406669, inlinetime=0.000314263)]"
511,"<code object _check_version at 0x7eaea47c1c50, file ""/home/adityamoger/anaconda3/envs/cocktail_3_dynamic_model/lib/python3.12/site-packages/numpy/lib/_format_impl.py"", line 199>",100,0,4.087e-05,4.087e-05,
512,"<code object savez_compressed at 0x7eaea47c25b0, file ""/home/adityamoger/anaconda3/envs/cocktail_3_dynamic_model/lib/python3.12/site-packages/numpy/lib/_npyio_impl.py"", line 694>",50,0,0.050048574000000005,0.00023195100000000002,"[_lsprof.profiler_subentry(code=<code object __del__ at 0x7eae671345d0, file ""/home/adityamoger/anaconda3/envs/cocktail_3_dynamic_model/lib/python3.12/zipfile/__init__.py"", line 1927>, callcount=50, reccallcount=0, totaltime=3.1299e-05, inlinetime=2.1915000000000003e-05), _lsprof.profiler_subentry(code=<code object _savez at 0x558963a50040, file ""/home/adityamoger/anaconda3/envs/cocktail_3_dynamic_model/lib/python3.12/site-packages/numpy/lib/_npyio_impl.py"", line 769>, callcount=50, reccallcount=0, totaltime=0.049785324000000006, inlinetime=0.0008389980000000001)]"
513,"<code object magic at 0x7eaea47f9a70, file ""/home/adityamoger/anaconda3/envs/cocktail_3_dynamic_model/lib/python3.12/site-packages/numpy/lib/_format_impl.py"", line 205>",100,0,0.0001178,0.0001178,
514,"<code object issubclass_ at 0x7eaea4d69730, file ""/home/adityamoger/anaconda3/envs/cocktail_3_dynamic_model/lib/python3.12/site-packages/numpy/_core/numerictypes.py"", line 293>",8,0,4.261e-06,2.042e-06,"[_lsprof.profiler_subentry(code='<built-in method builtins.issubclass>', callcount=8, reccallcount=0, totaltime=2.2190000000000003e-06, inlinetime=2.2190000000000003e-06)]"
515,"<code object _argsort_dispatcher at 0x7eaea4db8d30, file ""/home/adityamoger/anaconda3/envs/cocktail_3_dynamic_model/lib/python3.12/site-packages/numpy/_core/fromnumeric.py"", line 1125>",127,0,1.5934e-05,1.5934e-05,
516,"<code object _sum_dispatcher at 0x7eaea4db9890, file ""/home/adityamoger/anaconda3/envs/cocktail_3_dynamic_model/lib/python3.12/site-packages/numpy/_core/fromnumeric.py"", line 2332>",632,0,8.8578e-05,8.8578e-05,
517,"<code object _max_dispatcher at 0x7eaea4db9f10, file ""/home/adityamoger/anaconda3/envs/cocktail_3_dynamic_model/lib/python3.12/site-packages/numpy/_core/fromnumeric.py"", line 3046>",4229,0,0.000476024,0.000476024,
518,"<code object _min_dispatcher at 0x7eaea4db9fe0, file ""/home/adityamoger/anaconda3/envs/cocktail_3_dynamic_model/lib/python3.12/site-packages/numpy/_core/fromnumeric.py"", line 3184>",7622,0,0.0007785460000000001,0.0007785460000000001,
519,"<code object _round_dispatcher at 0x7eaea4dba3f0, file ""/home/adityamoger/anaconda3/envs/cocktail_3_dynamic_model/lib/python3.12/site-packages/numpy/_core/fromnumeric.py"", line 3613>",521979,0,0.049182636,0.049182636,
520,"<code object _mean_dispatcher at 0x7eaea4dba4c0, file ""/home/adityamoger/anaconda3/envs/cocktail_3_dynamic_model/lib/python3.12/site-packages/numpy/_core/fromnumeric.py"", line 3729>",16453,0,0.002318674,0.002318674,
521,"<code object zipfile_factory at 0x7eaea4dcae20, file ""/home/adityamoger/anaconda3/envs/cocktail_3_dynamic_model/lib/python3.12/site-packages/numpy/lib/_npyio_impl.py"", line 100>",50,0,0.01167875,0.000196147,"[_lsprof.profiler_subentry(code='<built-in method posix.fspath>', callcount=50, reccallcount=0, totaltime=4.155e-06, inlinetime=4.155e-06), _lsprof.profiler_subentry(code='<built-in method builtins.hasattr>', callcount=50, reccallcount=0, totaltime=6.301e-06, inlinetime=6.301e-06), _lsprof.profiler_subentry(code=<code object __init__ at 0x5589647ed700, file ""/home/adityamoger/anaconda3/envs/cocktail_3_dynamic_model/lib/python3.12/zipfile/__init__.py"", line 1284>, callcount=50, reccallcount=0, totaltime=0.011472147, inlinetime=0.000385092)]"
522,<built-in method _pickle.dump>,52,0,1.9907406710000002,1.6859040520000002,"[_lsprof.profiler_subentry(code=<code object __getstate__ at 0x7eaea7929530, file ""/home/adityamoger/anaconda3/envs/cocktail_3_dynamic_model/lib/python3.12/uuid.py"", line 225>, callcount=30190, reccallcount=0, totaltime=0.304742112, inlinetime=0.27814874900000003), _lsprof.profiler_subentry(code=<code object _slotnames at 0x558963749930, file ""/home/adityamoger/anaconda3/envs/cocktail_3_dynamic_model/lib/python3.12/copyreg.py"", line 107>, callcount=2, reccallcount=0, totaltime=8.413e-06, inlinetime=6.1520000000000006e-06), _lsprof.profiler_subentry(code=<code object __getstate__ at 0x7eae674f0410, file ""/home/adityamoger/anaconda3/envs/cocktail_3_dynamic_model/lib/python3.12/site-packages/pandas/core/generic.py"", line 2195>, callcount=10, reccallcount=0, totaltime=3.0770000000000005e-05, inlinetime=1.9768e-05), _lsprof.profiler_subentry(code=<code object mgr_locs at 0x7eae671fcab0, file ""/home/adityamoger/anaconda3/envs/cocktail_3_dynamic_model/lib/python3.12/site-packages/pandas/core/internals/blocks.py"", line 268>, callcount=74, reccallcount=0, totaltime=6.451000000000001e-06, inlinetime=6.451000000000001e-06), _lsprof.profiler_subentry(code=<code object __reduce__ at 0x7eae677f2550, file ""/home/adityamoger/anaconda3/envs/cocktail_3_dynamic_model/lib/python3.12/site-packages/pandas/core/indexes/base.py"", line 2794>, callcount=10, reccallcount=0, totaltime=7.795e-06, inlinetime=6.457e-06), _lsprof.profiler_subentry(code=<code object _DType_reduce at 0x7eaea729c670, file ""/home/adityamoger/anaconda3/envs/cocktail_3_dynamic_model/lib/python3.12/site-packages/numpy/_core/__init__.py"", line 151>, callcount=51, reccallcount=0, totaltime=2.1505e-05, inlinetime=2.1505e-05), _lsprof.profiler_subentry(code=<code object __reduce__ at 0x7eae671c45f0, file ""/home/adityamoger/anaconda3/envs/cocktail_3_dynamic_model/lib/python3.12/site-packages/pandas/core/indexes/range.py"", line 251>, callcount=10, reccallcount=0, totaltime=1.9573e-05, inlinetime=1.3771e-05)]"
523,<method 'round' of 'numpy.generic' objects>,517980,0,1.3430143250000002,1.3430143250000002,
524,<method 'as_arrays' of 'numpy._core._multiarray_umath._array_converter' objects>,127,0,7.9178e-05,7.9178e-05,
525,<method 'wrap' of 'numpy._core._multiarray_umath._array_converter' objects>,127,0,7.906200000000001e-05,7.906200000000001e-05,
526,<method 'all' of 'numpy.ndarray' objects>,15236,0,0.039734373,0.008608300000000001,"[_lsprof.profiler_subentry(code=<code object _all at 0x7eaea74a7ab0, file ""/home/adityamoger/anaconda3/envs/cocktail_3_dynamic_model/lib/python3.12/site-packages/numpy/_core/_methods.py"", line 66>, callcount=15236, reccallcount=0, totaltime=0.031126073, inlinetime=0.005187479)]"
527,<method 'any' of 'numpy.ndarray' objects>,65808,0,0.12212958900000001,0.028786797000000003,"[_lsprof.profiler_subentry(code=<code object _any at 0x7eaea74a7990, file ""/home/adityamoger/anaconda3/envs/cocktail_3_dynamic_model/lib/python3.12/site-packages/numpy/_core/_methods.py"", line 57>, callcount=65808, reccallcount=0, totaltime=0.09334279200000001, inlinetime=0.018531491)]"
528,<method 'argsort' of 'numpy.ndarray' objects>,127,0,0.0001775,0.0001775,
529,<method 'astype' of 'numpy.ndarray' objects>,43911,0,0.023940099000000003,0.023940099000000003,
530,<method 'copy' of 'numpy.ndarray' objects>,32335,0,0.014003165000000001,0.014003165000000001,
531,<method 'max' of 'numpy.ndarray' objects>,16452,0,0.039492479000000004,0.008614905,"[_lsprof.profiler_subentry(code=<code object _amax at 0x7eaea72faa60, file ""/home/adityamoger/anaconda3/envs/cocktail_3_dynamic_model/lib/python3.12/site-packages/numpy/_core/_methods.py"", line 41>, callcount=16452, reccallcount=0, totaltime=0.030877574, inlinetime=0.0045732260000000005)]"
532,<method 'min' of 'numpy.ndarray' objects>,16452,0,0.029062421,0.007389815,"[_lsprof.profiler_subentry(code=<code object _amin at 0x7eaea72fad30, file ""/home/adityamoger/anaconda3/envs/cocktail_3_dynamic_model/lib/python3.12/site-packages/numpy/_core/_methods.py"", line 45>, callcount=16452, reccallcount=0, totaltime=0.021672606, inlinetime=0.003598009)]"
533,<method 'nonzero' of 'numpy.ndarray' objects>,14637,0,0.01203271,0.01203271,
534,<method 'reshape' of 'numpy.ndarray' objects>,14637,0,0.012564608000000001,0.012564608000000001,
535,<method 'round' of 'numpy.ndarray' objects>,3999,0,0.015169428,0.015169428,
536,<method 'sum' of 'numpy.ndarray' objects>,32904,0,0.073354132,0.017529118,"[_lsprof.profiler_subentry(code=<code object _sum at 0x7eaea72fae20, file ""/home/adityamoger/anaconda3/envs/cocktail_3_dynamic_model/lib/python3.12/site-packages/numpy/_core/_methods.py"", line 49>, callcount=32904, reccallcount=0, totaltime=0.055825014000000006, inlinetime=0.008298696000000001)]"
537,<method 'tobytes' of 'numpy.ndarray' objects>,100,0,0.000107707,0.000107707,
538,<built-in method numpy.array>,13435,0,0.017968907000000003,0.017968907000000003,
539,<built-in method numpy.asarray>,146136,14637,0.29193096700000004,0.062908081,"[_lsprof.profiler_subentry(code=<code object __getattr__ at 0x7eae677b2a60, file ""/home/adityamoger/anaconda3/envs/cocktail_3_dynamic_model/lib/python3.12/site-packages/pandas/core/generic.py"", line 6303>, callcount=29274, reccallcount=0, totaltime=0.20637497200000002, inlinetime=0.037140156), _lsprof.profiler_subentry(code=<code object __array__ at 0x7eae66f34410, file ""/home/adityamoger/anaconda3/envs/cocktail_3_dynamic_model/lib/python3.12/site-packages/pandas/core/series.py"", line 978>, callcount=14637, reccallcount=0, totaltime=0.025309501, inlinetime=0.013248860000000001)]"
540,<built-in method numpy.asanyarray>,1916,0,0.004954383000000001,0.004954383000000001,
541,<built-in method numpy.arange>,3678,0,0.008932964,0.008932964,
542,<built-in method numpy.zeros>,3046,0,0.002994271,0.002994271,
543,<built-in method numpy.empty>,74699,0,0.034914998,0.034914998,
544,<built-in method numpy.lib.array_utils.normalize_axis_index>,1816,0,0.00048727600000000003,0.00048727600000000003,
545,<method 'reduce' of 'numpy.ufunc' objects>,157521,0,0.217229885,0.217229885,
546,<built-in method now>,50001,0,0.033947544,0.033947544,
547,<built-in method _struct.calcsize>,300,0,0.00010406900000000001,0.00010406900000000001,
548,<built-in method _struct.pack>,650,0,0.000303194,0.000303194,
549,"<code object empty_like at 0x7eaea7262730, file ""/home/adityamoger/anaconda3/envs/cocktail_3_dynamic_model/lib/python3.12/site-packages/numpy/_core/multiarray.py"", line 115>",357,0,4.9567e-05,4.9567e-05,
550,"<code object where at 0x7eaea72628d0, file ""/home/adityamoger/anaconda3/envs/cocktail_3_dynamic_model/lib/python3.12/site-packages/numpy/_core/multiarray.py"", line 391>",14096,0,0.0014194350000000001,0.0014194350000000001,
551,"<code object copyto at 0x7eaea7263020, file ""/home/adityamoger/anaconda3/envs/cocktail_3_dynamic_model/lib/python3.12/site-packages/numpy/_core/multiarray.py"", line 1106>",23645,0,0.002663197,0.002663197,
552,"<code object _name_includes_bit_suffix at 0x7eaea7271c30, file ""/home/adityamoger/anaconda3/envs/cocktail_3_dynamic_model/lib/python3.12/site-packages/numpy/_core/_dtype.py"", line 326>",4,0,1.1419e-05,2.9760000000000004e-06,"[_lsprof.profiler_subentry(code=<code object issubdtype at 0x7eaea74aa590, file ""/home/adityamoger/anaconda3/envs/cocktail_3_dynamic_model/lib/python3.12/site-packages/numpy/_core/numerictypes.py"", line 475>, callcount=4, reccallcount=0, totaltime=8.443e-06, inlinetime=3.914e-06)]"
553,"<code object _DType_reduce at 0x7eaea729c670, file ""/home/adityamoger/anaconda3/envs/cocktail_3_dynamic_model/lib/python3.12/site-packages/numpy/_core/__init__.py"", line 151>",51,0,2.1505e-05,2.1505e-05,
554,"<code object _kind_name at 0x7eaea729d430, file ""/home/adityamoger/anaconda3/envs/cocktail_3_dynamic_model/lib/python3.12/site-packages/numpy/_core/_dtype.py"", line 23>",4,0,8.240000000000001e-07,8.240000000000001e-07,
555,"<code object ones at 0x7eaea729d930, file ""/home/adityamoger/anaconda3/envs/cocktail_3_dynamic_model/lib/python3.12/site-packages/numpy/_core/numeric.py"", line 171>",1815,0,0.005163684,0.003910426,"[_lsprof.profiler_subentry(code='<built-in method numpy.empty>', callcount=1815, reccallcount=0, totaltime=0.001053481, inlinetime=0.001053481), _lsprof.profiler_subentry(code=<code object copyto at 0x7eaea7263020, file ""/home/adityamoger/anaconda3/envs/cocktail_3_dynamic_model/lib/python3.12/site-packages/numpy/_core/multiarray.py"", line 1106>, callcount=1815, reccallcount=0, totaltime=0.00019977700000000002, inlinetime=0.00019977700000000002)]"
556,"<code object mean at 0x7eaea72a3690, file ""/home/adityamoger/anaconda3/envs/cocktail_3_dynamic_model/lib/python3.12/site-packages/numpy/_core/fromnumeric.py"", line 3734>",16453,0,0.546680072,0.025708239,"[_lsprof.profiler_subentry(code=<code object mean at 0x7eae6712b930, file ""/home/adityamoger/anaconda3/envs/cocktail_3_dynamic_model/lib/python3.12/site-packages/pandas/core/series.py"", line 6552>, callcount=14637, reccallcount=0, totaltime=0.500273323, inlinetime=0.011204787), _lsprof.profiler_subentry(code=<code object _mean at 0x5589639237a0, file ""/home/adityamoger/anaconda3/envs/cocktail_3_dynamic_model/lib/python3.12/site-packages/numpy/_core/_methods.py"", line 117>, callcount=1816, reccallcount=0, totaltime=0.02069851, inlinetime=0.005869229)]"
557,"<code object concatenate at 0x7eaea72c0030, file ""/home/adityamoger/anaconda3/envs/cocktail_3_dynamic_model/lib/python3.12/site-packages/numpy/_core/multiarray.py"", line 188>",10890,0,0.0009999850000000001,0.0009999850000000001,
558,"<code object max at 0x7eaea72c1460, file ""/home/adityamoger/anaconda3/envs/cocktail_3_dynamic_model/lib/python3.12/site-packages/numpy/_core/fromnumeric.py"", line 3051>",4229,0,0.104164221,0.004692814,"[_lsprof.profiler_subentry(code=<code object _wrapreduction at 0x5589638a7cf0, file ""/home/adityamoger/anaconda3/envs/cocktail_3_dynamic_model/lib/python3.12/site-packages/numpy/_core/fromnumeric.py"", line 69>, callcount=4229, reccallcount=0, totaltime=0.09947140700000001, inlinetime=0.009691038)]"
559,"<code object min at 0x7eaea72c1680, file ""/home/adityamoger/anaconda3/envs/cocktail_3_dynamic_model/lib/python3.12/site-packages/numpy/_core/fromnumeric.py"", line 3189>",7622,0,0.082464455,0.005631275000000001,"[_lsprof.profiler_subentry(code=<code object _wrapreduction at 0x5589638a7cf0, file ""/home/adityamoger/anaconda3/envs/cocktail_3_dynamic_model/lib/python3.12/site-packages/numpy/_core/fromnumeric.py"", line 69>, callcount=7622, reccallcount=0, totaltime=0.07683318, inlinetime=0.01138506)]"
560,"<code object round at 0x7eaea72d6250, file ""/home/adityamoger/anaconda3/envs/cocktail_3_dynamic_model/lib/python3.12/site-packages/numpy/_core/fromnumeric.py"", line 3617>",521979,0,1.9046711610000002,0.21135804600000002,"[_lsprof.profiler_subentry(code=<code object _wrapfunc at 0x7eaea7423de0, file ""/home/adityamoger/anaconda3/envs/cocktail_3_dynamic_model/lib/python3.12/site-packages/numpy/_core/fromnumeric.py"", line 51>, callcount=521979, reccallcount=0, totaltime=1.693313115, inlinetime=0.271965609)]"
561,"<code object sum at 0x7eaea72f7230, file ""/home/adityamoger/anaconda3/envs/cocktail_3_dynamic_model/lib/python3.12/site-packages/numpy/_core/fromnumeric.py"", line 2337>",632,0,0.008011163,0.000996898,"[_lsprof.profiler_subentry(code='<built-in method builtins.isinstance>', callcount=632, reccallcount=0, totaltime=7.6257e-05, inlinetime=7.6257e-05), _lsprof.profiler_subentry(code=<code object _wrapreduction at 0x5589638a7cf0, file ""/home/adityamoger/anaconda3/envs/cocktail_3_dynamic_model/lib/python3.12/site-packages/numpy/_core/fromnumeric.py"", line 69>, callcount=632, reccallcount=0, totaltime=0.006938008000000001, inlinetime=0.0017092490000000001)]"
562,"<code object argsort at 0x7eaea72fa6a0, file ""/home/adityamoger/anaconda3/envs/cocktail_3_dynamic_model/lib/python3.12/site-packages/numpy/_core/fromnumeric.py"", line 1129>",127,0,0.001018784,0.000113911,"[_lsprof.profiler_subentry(code=<code object _wrapfunc at 0x7eaea7423de0, file ""/home/adityamoger/anaconda3/envs/cocktail_3_dynamic_model/lib/python3.12/site-packages/numpy/_core/fromnumeric.py"", line 51>, callcount=127, reccallcount=0, totaltime=0.000904873, inlinetime=0.000222085)]"
563,"<code object _amax at 0x7eaea72faa60, file ""/home/adityamoger/anaconda3/envs/cocktail_3_dynamic_model/lib/python3.12/site-packages/numpy/_core/_methods.py"", line 41>",16452,0,0.030877574,0.0045732260000000005,"[_lsprof.profiler_subentry(code=""<method 'reduce' of 'numpy.ufunc' objects>"", callcount=16452, reccallcount=0, totaltime=0.026304348, inlinetime=0.026304348)]"
564,"<code object _amin at 0x7eaea72fad30, file ""/home/adityamoger/anaconda3/envs/cocktail_3_dynamic_model/lib/python3.12/site-packages/numpy/_core/_methods.py"", line 45>",16452,0,0.021672606,0.003598009,"[_lsprof.profiler_subentry(code=""<method 'reduce' of 'numpy.ufunc' objects>"", callcount=16452, reccallcount=0, totaltime=0.018074597, inlinetime=0.018074597)]"
565,"<code object _sum at 0x7eaea72fae20, file ""/home/adityamoger/anaconda3/envs/cocktail_3_dynamic_model/lib/python3.12/site-packages/numpy/_core/_methods.py"", line 49>",32904,0,0.055825014000000006,0.008298696000000001,"[_lsprof.profiler_subentry(code=""<method 'reduce' of 'numpy.ufunc' objects>"", callcount=32904, reccallcount=0, totaltime=0.047526318000000005, inlinetime=0.047526318000000005)]"
566,<built-in method zlib.compressobj>,100,0,0.000418943,0.000418943,
567,<built-in method zlib.crc32>,200,0,0.000329568,0.000329568,
568,<method 'compress' of 'zlib.Compress' objects>,200,0,0.00422501,0.00422501,
569,<method 'flush' of 'zlib.Compress' objects>,100,0,0.0045856410000000005,0.0045856410000000005,
570,"<code object _copy_immutable at 0x7eaea7410920, file ""/home/adityamoger/anaconda3/envs/cocktail_3_dynamic_model/lib/python3.12/copy.py"", line 102>",3630,0,0.00037984000000000005,0.00037984000000000005,
571,"<code object _wrapit at 0x7eaea7423c90, file ""/home/adityamoger/anaconda3/envs/cocktail_3_dynamic_model/lib/python3.12/site-packages/numpy/_core/fromnumeric.py"", line 41>",127,0,0.000659733,0.000277964,"[_lsprof.profiler_subentry(code=""<method 'as_arrays' of 'numpy._core._multiarray_umath._array_converter' objects>"", callcount=127, reccallcount=0, totaltime=7.9178e-05, inlinetime=7.9178e-05), _lsprof.profiler_subentry(code=""<method 'argsort' of 'numpy.ndarray' objects>"", callcount=127, reccallcount=0, totaltime=0.0001775, inlinetime=0.0001775), _lsprof.profiler_subentry(code=""<method 'wrap' of 'numpy._core._multiarray_umath._array_converter' objects>"", callcount=127, reccallcount=0, totaltime=7.906200000000001e-05, inlinetime=7.906200000000001e-05), _lsprof.profiler_subentry(code='<built-in method builtins.getattr>', callcount=127, reccallcount=0, totaltime=4.6029e-05, inlinetime=4.6029e-05)]"
572,"<code object _wrapfunc at 0x7eaea7423de0, file ""/home/adityamoger/anaconda3/envs/cocktail_3_dynamic_model/lib/python3.12/site-packages/numpy/_core/fromnumeric.py"", line 51>",522106,0,1.6942179880000001,0.27218769400000004,"[_lsprof.profiler_subentry(code=<code object _wrapit at 0x7eaea7423c90, file ""/home/adityamoger/anaconda3/envs/cocktail_3_dynamic_model/lib/python3.12/site-packages/numpy/_core/fromnumeric.py"", line 41>, callcount=127, reccallcount=0, totaltime=0.000659733, inlinetime=0.000277964), _lsprof.profiler_subentry(code='<built-in method builtins.getattr>', callcount=522106, reccallcount=0, totaltime=0.063186808, inlinetime=0.063186808), _lsprof.profiler_subentry(code=""<method 'round' of 'numpy.generic' objects>"", callcount=517980, reccallcount=0, totaltime=1.3430143250000002, inlinetime=1.3430143250000002), _lsprof.profiler_subentry(code=""<method 'round' of 'numpy.ndarray' objects>"", callcount=3999, reccallcount=0, totaltime=0.015169428, inlinetime=0.015169428)]"
573,"<code object _any at 0x7eaea74a7990, file ""/home/adityamoger/anaconda3/envs/cocktail_3_dynamic_model/lib/python3.12/site-packages/numpy/_core/_methods.py"", line 57>",65808,0,0.09334279200000001,0.018531491,"[_lsprof.profiler_subentry(code=""<method 'reduce' of 'numpy.ufunc' objects>"", callcount=65808, reccallcount=0, totaltime=0.07481130100000001, inlinetime=0.07481130100000001)]"
574,"<code object _all at 0x7eaea74a7ab0, file ""/home/adityamoger/anaconda3/envs/cocktail_3_dynamic_model/lib/python3.12/site-packages/numpy/_core/_methods.py"", line 66>",15236,0,0.031126073,0.005187479,"[_lsprof.profiler_subentry(code=""<method 'reduce' of 'numpy.ufunc' objects>"", callcount=15236, reccallcount=0, totaltime=0.025938594000000002, inlinetime=0.025938594000000002)]"
575,"<code object issubdtype at 0x7eaea74aa590, file ""/home/adityamoger/anaconda3/envs/cocktail_3_dynamic_model/lib/python3.12/site-packages/numpy/_core/numerictypes.py"", line 475>",4,0,8.443e-06,3.914e-06,"[_lsprof.profiler_subentry(code=<code object issubclass_ at 0x7eaea4d69730, file ""/home/adityamoger/anaconda3/envs/cocktail_3_dynamic_model/lib/python3.12/site-packages/numpy/_core/numerictypes.py"", line 293>, callcount=8, reccallcount=0, totaltime=4.261e-06, inlinetime=2.042e-06), _lsprof.profiler_subentry(code='<built-in method builtins.issubclass>', callcount=4, reccallcount=0, totaltime=2.68e-07, inlinetime=2.68e-07)]"
576,"<code object full at 0x7eaea74ab840, file ""/home/adityamoger/anaconda3/envs/cocktail_3_dynamic_model/lib/python3.12/site-packages/numpy/_core/numeric.py"", line 324>",21830,0,0.048043716,0.028748581000000002,"[_lsprof.profiler_subentry(code='<built-in method numpy.empty>', callcount=21830, reccallcount=0, totaltime=0.007841623, inlinetime=0.007841623), _lsprof.profiler_subentry(code='<built-in method numpy.asarray>', callcount=21780, reccallcount=0, totaltime=0.008990092, inlinetime=0.008990092), _lsprof.profiler_subentry(code=<code object copyto at 0x7eaea7263020, file ""/home/adityamoger/anaconda3/envs/cocktail_3_dynamic_model/lib/python3.12/site-packages/numpy/_core/multiarray.py"", line 1106>, callcount=21830, reccallcount=0, totaltime=0.00246342, inlinetime=0.00246342)]"
577,"<code object cast at 0x7eaea74c05e0, file ""/home/adityamoger/anaconda3/envs/cocktail_3_dynamic_model/lib/python3.12/typing.py"", line 2132>",116511,0,0.00889313,0.00889313,
578,"<code object drive at 0x7eaea7555a70, file ""/home/adityamoger/anaconda3/envs/cocktail_3_dynamic_model/lib/python3.12/pathlib.py"", line 551>",1,0,1.743e-05,3.831e-06,"[_lsprof.profiler_subentry(code=<code object _load_parts at 0x7eaea76ca040, file ""/home/adityamoger/anaconda3/envs/cocktail_3_dynamic_model/lib/python3.12/pathlib.py"", line 407>, callcount=1, reccallcount=0, totaltime=1.3599000000000001e-05, inlinetime=2.982e-06)]"
579,"<code object root at 0x7eaea7555bb0, file ""/home/adityamoger/anaconda3/envs/cocktail_3_dynamic_model/lib/python3.12/pathlib.py"", line 560>",1,0,9.9e-08,9.9e-08,
580,"<code object _tail at 0x7eaea7555cf0, file ""/home/adityamoger/anaconda3/envs/cocktail_3_dynamic_model/lib/python3.12/pathlib.py"", line 569>",1,0,1.05e-07,1.05e-07,
581,"<code object parent at 0x7eaea75561f0, file ""/home/adityamoger/anaconda3/envs/cocktail_3_dynamic_model/lib/python3.12/pathlib.py"", line 731>",1,0,3.2858e-05,4.48e-06,"[_lsprof.profiler_subentry(code=<code object root at 0x7eaea7555bb0, file ""/home/adityamoger/anaconda3/envs/cocktail_3_dynamic_model/lib/python3.12/pathlib.py"", line 560>, callcount=1, reccallcount=0, totaltime=9.9e-08, inlinetime=9.9e-08), _lsprof.profiler_subentry(code=<code object drive at 0x7eaea7555a70, file ""/home/adityamoger/anaconda3/envs/cocktail_3_dynamic_model/lib/python3.12/pathlib.py"", line 551>, callcount=1, reccallcount=0, totaltime=1.743e-05, inlinetime=3.831e-06), _lsprof.profiler_subentry(code=<code object _tail at 0x7eaea7555cf0, file ""/home/adityamoger/anaconda3/envs/cocktail_3_dynamic_model/lib/python3.12/pathlib.py"", line 569>, callcount=1, reccallcount=0, totaltime=1.05e-07, inlinetime=1.05e-07), _lsprof.profiler_subentry(code=<code object _from_parsed_parts at 0x7eaea7565e60, file ""/home/adityamoger/anaconda3/envs/cocktail_3_dynamic_model/lib/python3.12/pathlib.py"", line 420>, callcount=1, reccallcount=0, totaltime=1.0744e-05, inlinetime=2.232e-06)]"
582,"<code object __new__ at 0x7eaea75565b0, file ""/home/adityamoger/anaconda3/envs/cocktail_3_dynamic_model/lib/python3.12/pathlib.py"", line 1164>",2,0,2.0900000000000003e-06,1.5e-06,"[_lsprof.profiler_subentry(code='<built-in method __new__ of type object at 0x55893d5e4300>', callcount=2, reccallcount=0, totaltime=5.900000000000001e-07, inlinetime=5.900000000000001e-07)]"
583,"<code object RLock at 0x7eaea755a330, file ""/home/adityamoger/anaconda3/envs/cocktail_3_dynamic_model/lib/python3.12/threading.py"", line 124>",50,0,3.7257e-05,3.7257e-05,
584,"<code object _from_parsed_parts at 0x7eaea7565e60, file ""/home/adityamoger/anaconda3/envs/cocktail_3_dynamic_model/lib/python3.12/pathlib.py"", line 420>",1,0,1.0744e-05,2.232e-06,"[_lsprof.profiler_subentry(code=<code object _format_parsed_parts at 0x7eaea77318b0, file ""/home/adityamoger/anaconda3/envs/cocktail_3_dynamic_model/lib/python3.12/pathlib.py"", line 429>, callcount=1, reccallcount=0, totaltime=4.356e-06, inlinetime=2.57e-06), _lsprof.profiler_subentry(code=<code object with_segments at 0x7eaea7595610, file ""/home/adityamoger/anaconda3/envs/cocktail_3_dynamic_model/lib/python3.12/pathlib.py"", line 380>, callcount=1, reccallcount=0, totaltime=4.1560000000000005e-06, inlinetime=1.455e-06)]"
585,"<code object stat at 0x7eaea756e6a0, file ""/home/adityamoger/anaconda3/envs/cocktail_3_dynamic_model/lib/python3.12/pathlib.py"", line 835>",1,0,1.4354e-05,1.5240000000000001e-06,"[_lsprof.profiler_subentry(code='<built-in method posix.stat>', callcount=1, reccallcount=0, totaltime=1.283e-05, inlinetime=7.548e-06)]"
586,"<code object __str__ at 0x7eaea75825b0, file ""/home/adityamoger/anaconda3/envs/cocktail_3_dynamic_model/lib/python3.12/pathlib.py"", line 437>",1,0,1.3200000000000002e-07,1.3200000000000002e-07,
587,"<code object __init__ at 0x7eaea75916b0, file ""/home/adityamoger/anaconda3/envs/cocktail_3_dynamic_model/lib/python3.12/pathlib.py"", line 1157>",2,0,6.458000000000001e-06,3.012e-06,"[_lsprof.profiler_subentry(code=<code object __init__ at 0x55896372deb0, file ""/home/adityamoger/anaconda3/envs/cocktail_3_dynamic_model/lib/python3.12/pathlib.py"", line 358>, callcount=2, reccallcount=0, totaltime=3.446e-06, inlinetime=2.302e-06)]"
588,"<code object with_segments at 0x7eaea7595610, file ""/home/adityamoger/anaconda3/envs/cocktail_3_dynamic_model/lib/python3.12/pathlib.py"", line 380>",1,0,4.1560000000000005e-06,1.455e-06,"[_lsprof.profiler_subentry(code=<code object __init__ at 0x7eaea75916b0, file ""/home/adityamoger/anaconda3/envs/cocktail_3_dynamic_model/lib/python3.12/pathlib.py"", line 1157>, callcount=1, reccallcount=0, totaltime=2.1960000000000002e-06, inlinetime=5.84e-07), _lsprof.profiler_subentry(code=<code object __new__ at 0x7eaea75565b0, file ""/home/adityamoger/anaconda3/envs/cocktail_3_dynamic_model/lib/python3.12/pathlib.py"", line 1164>, callcount=1, reccallcount=0, totaltime=5.05e-07, inlinetime=3.61e-07)]"
589,"<code object __fspath__ at 0x7eaea75956f0, file ""/home/adityamoger/anaconda3/envs/cocktail_3_dynamic_model/lib/python3.12/pathlib.py"", line 447>",1,0,5.282e-06,5.150000000000001e-06,"[_lsprof.profiler_subentry(code=<code object __str__ at 0x7eaea75825b0, file ""/home/adityamoger/anaconda3/envs/cocktail_3_dynamic_model/lib/python3.12/pathlib.py"", line 437>, callcount=1, reccallcount=0, totaltime=1.3200000000000002e-07, inlinetime=1.3200000000000002e-07)]"
590,"<code object _noop at 0x7eaea75a9140, file ""/home/adityamoger/anaconda3/envs/cocktail_3_dynamic_model/lib/python3.12/urllib/parse.py"", line 108>",3633,0,0.000351075,0.000351075,
591,"<code object is_dir at 0x7eaea75bc310, file ""/home/adityamoger/anaconda3/envs/cocktail_3_dynamic_model/lib/python3.12/pathlib.py"", line 870>",1,0,1.6891e-05,2.2920000000000002e-06,"[_lsprof.profiler_subentry(code=<code object stat at 0x7eaea756e6a0, file ""/home/adityamoger/anaconda3/envs/cocktail_3_dynamic_model/lib/python3.12/pathlib.py"", line 835>, callcount=1, reccallcount=0, totaltime=1.4354e-05, inlinetime=1.5240000000000001e-06), _lsprof.profiler_subentry(code='<built-in method _stat.S_ISDIR>', callcount=1, reccallcount=0, totaltime=2.4500000000000004e-07, inlinetime=2.4500000000000004e-07)]"
592,"<code object _checknetloc at 0x7eaea75d0410, file ""/home/adityamoger/anaconda3/envs/cocktail_3_dynamic_model/lib/python3.12/urllib/parse.py"", line 421>",2,0,3.1400000000000003e-07,3.1400000000000003e-07,
593,"<code object <lambda> at 0x7eaea7608300, file ""<string>"", line 1>",2,0,2.034e-06,9.060000000000001e-07,"[_lsprof.profiler_subentry(code='<built-in method __new__ of type object at 0x55893d5e4300>', callcount=2, reccallcount=0, totaltime=1.128e-06, inlinetime=1.128e-06)]"
594,"<code object <lambda> at 0x7eaea7608d50, file ""<string>"", line 1>",3631,0,0.0030948580000000002,0.0014713690000000001,"[_lsprof.profiler_subentry(code='<built-in method __new__ of type object at 0x55893d5e4300>', callcount=3631, reccallcount=0, totaltime=0.001623489, inlinetime=0.001623489)]"
595,"<code object _coerce_args at 0x7eaea76b6eb0, file ""/home/adityamoger/anaconda3/envs/cocktail_3_dynamic_model/lib/python3.12/urllib/parse.py"", line 119>",3633,0,0.003635441,0.003385424,"[_lsprof.profiler_subentry(code='<built-in method builtins.isinstance>', callcount=3633, reccallcount=0, totaltime=0.000250017, inlinetime=0.000250017)]"
596,"<code object urlparse at 0x7eaea76b7030, file ""/home/adityamoger/anaconda3/envs/cocktail_3_dynamic_model/lib/python3.12/urllib/parse.py"", line 374>",3631,0,0.018594882,0.011492312000000001,"[_lsprof.profiler_subentry(code=<code object _coerce_args at 0x7eaea76b6eb0, file ""/home/adityamoger/anaconda3/envs/cocktail_3_dynamic_model/lib/python3.12/urllib/parse.py"", line 119>, callcount=3631, reccallcount=0, totaltime=0.0036342270000000003, inlinetime=0.003384391), _lsprof.profiler_subentry(code=<code object urlsplit at 0x5589637ea090, file ""/home/adityamoger/anaconda3/envs/cocktail_3_dynamic_model/lib/python3.12/urllib/parse.py"", line 452>, callcount=2, reccallcount=0, totaltime=2.2694e-05, inlinetime=1.4882e-05), _lsprof.profiler_subentry(code=<code object _noop at 0x7eaea75a9140, file ""/home/adityamoger/anaconda3/envs/cocktail_3_dynamic_model/lib/python3.12/urllib/parse.py"", line 108>, callcount=3631, reccallcount=0, totaltime=0.00035079100000000004, inlinetime=0.00035079100000000004), _lsprof.profiler_subentry(code=<code object <lambda> at 0x7eaea7608d50, file ""<string>"", line 1>, callcount=3631, reccallcount=0, totaltime=0.0030948580000000002, inlinetime=0.0014713690000000001)]"
597,"<code object _load_parts at 0x7eaea76ca040, file ""/home/adityamoger/anaconda3/envs/cocktail_3_dynamic_model/lib/python3.12/pathlib.py"", line 407>",1,0,1.3599000000000001e-05,2.982e-06,"[_lsprof.profiler_subentry(code=<code object _parse_path at 0x5589637deae0, file ""/home/adityamoger/anaconda3/envs/cocktail_3_dynamic_model/lib/python3.12/pathlib.py"", line 387>, callcount=1, reccallcount=0, totaltime=1.0392000000000001e-05, inlinetime=6.121e-06), _lsprof.profiler_subentry(code='<built-in method builtins.len>', callcount=2, reccallcount=0, totaltime=2.2500000000000002e-07, inlinetime=2.2500000000000002e-07)]"
598,"<code object _format_parsed_parts at 0x7eaea77318b0, file ""/home/adityamoger/anaconda3/envs/cocktail_3_dynamic_model/lib/python3.12/pathlib.py"", line 429>",1,0,4.356e-06,2.57e-06,"[_lsprof.profiler_subentry(code=""<method 'join' of 'str' objects>"", callcount=1, reccallcount=0, totaltime=6.350000000000001e-07, inlinetime=6.350000000000001e-07), _lsprof.profiler_subentry(code=<code object splitdrive at 0x55893d593280, file ""<frozen posixpath>"", line 131>, callcount=1, reccallcount=0, totaltime=1.151e-06, inlinetime=1.0140000000000002e-06)]"
599,<built-in method _bisect.bisect_right>,3630,0,0.0014648530000000001,0.0014648530000000001,
600,<built-in method math.atan2>,2407306,0,0.270552821,0.270552821,
601,<built-in method math.cos>,91308,0,0.014016014,0.014016014,
602,<built-in method math.degrees>,1203653,0,0.088638458,0.088638458,
603,<built-in method math.log10>,1604678,0,0.207287092,0.207287092,
604,<built-in method math.radians>,1203653,0,0.104721215,0.104721215,
605,<built-in method math.sin>,91308,0,0.009013723000000001,0.009013723000000001,
606,<built-in method math.sqrt>,3318275,0,0.28048172,0.28048172,
607,"<code object simplefilter at 0x7eaea7788670, file ""/home/adityamoger/anaconda3/envs/cocktail_3_dynamic_model/lib/python3.12/warnings.py"", line 166>",3630,0,0.013083851,0.003445805,"[_lsprof.profiler_subentry(code=<code object _add_filter at 0x7eaea79886f0, file ""/home/adityamoger/anaconda3/envs/cocktail_3_dynamic_model/lib/python3.12/warnings.py"", line 182>, callcount=3630, reccallcount=0, totaltime=0.009391891000000001, inlinetime=0.0048523540000000006), _lsprof.profiler_subentry(code='<built-in method builtins.isinstance>', callcount=3630, reccallcount=0, totaltime=0.000246155, inlinetime=0.000246155)]"
608,"<code object value at 0x7eaea77e4110, file ""/home/adityamoger/anaconda3/envs/cocktail_3_dynamic_model/lib/python3.12/enum.py"", line 1279>",3630,0,0.0005249450000000001,0.0005249450000000001,
609,"<code object __exit__ at 0x7eaea78c9250, file ""/home/adityamoger/anaconda3/envs/cocktail_3_dynamic_model/lib/python3.12/warnings.py"", line 503>",3630,0,0.003438052,0.003151589,"[_lsprof.profiler_subentry(code='<built-in method _warnings._filters_mutated>', callcount=3630, reccallcount=0, totaltime=0.00028646300000000004, inlinetime=0.00028646300000000004)]"
610,"<code object __exit__ at 0x7eaea78f1110, file ""/home/adityamoger/anaconda3/envs/cocktail_3_dynamic_model/lib/python3.12/cProfile.py"", line 119>",1,0,1.3778000000000001e-05,2.4550000000000002e-06,"[_lsprof.profiler_subentry(code=""<method 'disable' of '_lsprof.Profiler' objects>"", callcount=1, reccallcount=0, totaltime=1.1323000000000002e-05, inlinetime=1.1323000000000002e-05)]"
611,"<code object __eq__ at 0x7eaea790d6b0, file ""/home/adityamoger/anaconda3/envs/cocktail_3_dynamic_model/lib/python3.12/uuid.py"", line 240>",16859,0,0.004490694,0.0033681880000000003,"[_lsprof.profiler_subentry(code='<built-in method builtins.isinstance>', callcount=16859, reccallcount=0, totaltime=0.0011225060000000001, inlinetime=0.0011225060000000001)]"
612,"<code object uuid4 at 0x7eaea791f880, file ""/home/adityamoger/anaconda3/envs/cocktail_3_dynamic_model/lib/python3.12/uuid.py"", line 723>",41519,0,0.29777188200000004,0.052716823,"[_lsprof.profiler_subentry(code='<built-in method posix.urandom>', callcount=41519, reccallcount=0, totaltime=0.07740411900000001, inlinetime=0.07740411900000001), _lsprof.profiler_subentry(code=<code object __init__ at 0x5589637038e0, file ""/home/adityamoger/anaconda3/envs/cocktail_3_dynamic_model/lib/python3.12/uuid.py"", line 139>, callcount=41519, reccallcount=0, totaltime=0.16765094, inlinetime=0.134017714)]"
613,"<code object __init__ at 0x7eaea7928d50, file ""/home/adityamoger/anaconda3/envs/cocktail_3_dynamic_model/lib/python3.12/warnings.py"", line 456>",3630,0,0.001850204,0.001850204,
614,"<code object __getstate__ at 0x7eaea7929530, file ""/home/adityamoger/anaconda3/envs/cocktail_3_dynamic_model/lib/python3.12/uuid.py"", line 225>",30190,0,0.304742112,0.27814874900000003,"[_lsprof.profiler_subentry(code=<code object __get__ at 0x5589636d6220, file ""/home/adityamoger/anaconda3/envs/cocktail_3_dynamic_model/lib/python3.12/enum.py"", line 197>, callcount=30190, reccallcount=0, totaltime=0.026593363000000002, inlinetime=0.026593363000000002)]"
615,"<code object _add_filter at 0x7eaea79886f0, file ""/home/adityamoger/anaconda3/envs/cocktail_3_dynamic_model/lib/python3.12/warnings.py"", line 182>",3630,0,0.009391891000000001,0.0048523540000000006,"[_lsprof.profiler_subentry(code='<built-in method _warnings._filters_mutated>', callcount=3630, reccallcount=0, totaltime=0.000336139, inlinetime=0.000336139), _lsprof.profiler_subentry(code=""<method 'insert' of 'list' objects>"", callcount=3630, reccallcount=0, totaltime=0.000923911, inlinetime=0.000923911), _lsprof.profiler_subentry(code=""<method 'remove' of 'list' objects>"", callcount=3630, reccallcount=0, totaltime=0.003279487, inlinetime=0.003279487)]"
616,<method 'disable' of '_lsprof.Profiler' objects>,1,0,1.1323000000000002e-05,1.1323000000000002e-05,
